epoch,batch_num,loss
1,31,0.410266
1,82,0.368202
1,86,0.401452
1,101,0.54084
1,103,0.508961
1,124,0.403914
1,238,0.473348
1,290,0.350281
1,303,0.408959
1,333,0.477348
1,381,0.364505
1,417,0.454868
1,509,0.349123
1,533,0.440831
1,556,0.426086
1,588,0.368236
1,634,0.398196
1,731,0.445725
1,758,0.350976
1,791,0.402899
1,803,0.351975
1,853,0.455471
1,864,0.476056
1,885,0.386324
1,892,0.447514
1,992,0.430329
1,1012,0.512602
1,1021,0.466661
1,1168,0.503031
1,1225,0.496315
1,1278,0.526965
1,1293,0.36525
1,1306,0.386551
1,1368,0.445077
1,1404,0.325078
1,1432,0.39682
1,1468,0.465105
1,1492,0.496301
1,1531,0.444578
1,1627,0.485886
1,1733,0.438988
1,1745,0.409964
1,1814,0.393436
1,1820,0.475179
1,1879,0.473734
1,1892,0.387086
1,1906,0.390007
1,2091,0.454961
1,2110,0.455516
1,2167,0.371724
1,2174,0.441495
1,2200,0.3769
1,2227,0.38945
1,2250,0.408959
1,2276,0.388182
1,2288,0.482519
1,2300,0.381779
1,2326,0.423386
1,2345,0.437814
1,2369,0.352589
1,2390,0.369978
1,2450,0.421912
1,2476,0.418853
1,2494,0.449544
1,2564,0.427019
1,2671,0.442905
1,2740,0.428996
1,2864,0.395559
1,2946,0.353208
1,2998,0.390246
1,3076,0.415551
1,3125,0.413717
1,3281,0.457664
1,3312,0.365538
1,3317,0.359324
1,3349,0.395378
1,3358,0.365856
1,3390,0.422009
1,3432,0.48734
1,3442,0.444486
1,3521,0.427559
1,3554,0.358038
1,3619,0.484194
1,3674,0.406792
1,3732,0.387559
1,3750,0.438071
1,3792,0.399924
1,3851,0.434441
1,3934,0.391859
1,3951,0.413328
1,4010,0.488447
1,4029,0.412365
1,4069,0.337899
1,4084,0.447985
1,4103,0.538414
1,4149,0.445599
1,4162,0.507886
1,4184,0.356021
1,4186,0.347538
1,4211,0.426342
1,4212,0.361205
1,4249,0.505998
1,4299,0.434249
1,4317,0.374964
1,4423,0.321914
1,4524,0.435551
1,4598,0.479044
1,4665,0.463232
1,4666,0.434645
1,4725,0.411863
1,4773,0.383245
1,4836,0.457204
1,4849,0.415331
1,4886,0.38789
1,4892,0.485783
1,5031,0.481548
1,5079,0.38265
1,5098,0.420976
1,5128,0.361562
1,5145,0.465758
1,5198,0.445733
1,5199,0.38962
1,5202,0.4436
1,5264,0.421168
1,5298,0.410913
1,5301,0.392731
1,5325,0.406662
1,5483,0.399729
1,5499,0.344166
1,5541,0.439219
1,5780,0.437216
1,5790,0.444597
1,5808,0.390118
1,5885,0.461218
1,5906,0.502325
1,5949,0.381354
1,6049,0.388259
1,6080,0.452642
1,6086,0.435847
2,51,0.446774
2,66,0.399071
2,100,0.453871
2,143,0.481484
2,195,0.4658
2,276,0.461848
2,316,0.466697
2,386,0.424954
2,582,0.407263
2,662,0.413783
2,720,0.337333
2,798,0.409444
2,806,0.462777
2,859,0.376563
2,981,0.411546
2,1019,0.473201
2,1068,0.4873
2,1099,0.458774
2,1107,0.379013
2,1112,0.411999
2,1181,0.459376
2,1182,0.426103
2,1208,0.395024
2,1318,0.375629
2,1330,0.373415
2,1350,0.38921
2,1364,0.334328
2,1388,0.367523
2,1419,0.342089
2,1441,0.338689
2,1498,0.433198
2,1527,0.372961
2,1535,0.485895
2,1671,0.355399
2,1678,0.44291
2,1710,0.392988
2,1766,0.419408
2,1793,0.384224
2,1890,0.48339
2,1960,0.361553
2,2064,0.443409
2,2168,0.424859
2,2175,0.44869
2,2219,0.376254
2,2241,0.407046
2,2255,0.43188
2,2305,0.436331
2,2324,0.403898
2,2368,0.493281
2,2456,0.424879
2,2496,0.395888
2,2564,0.375836
2,2574,0.375084
2,2588,0.360619
2,2597,0.327544
2,2620,0.514084
2,2651,0.457204
2,2664,0.413805
2,2702,0.51094
2,2707,0.382779
2,2715,0.449278
2,2749,0.541707
2,2753,0.418373
2,2768,0.448342
2,2815,0.455891
2,2830,0.342935
2,2837,0.381703
2,2959,0.443384
2,3013,0.454353
2,3017,0.40527
2,3039,0.46935
2,3074,0.432975
2,3171,0.394997
2,3174,0.404061
2,3187,0.439303
2,3197,0.39089
2,3289,0.432931
2,3298,0.400007
2,3371,0.386885
2,3501,0.320992
2,3558,0.355904
2,3573,0.431685
2,3626,0.507956
2,3639,0.429803
2,3737,0.409966
2,3807,0.355394
2,3809,0.445685
2,3822,0.451994
2,3887,0.328871
2,3919,0.30398
2,3933,0.351785
2,3961,0.393187
2,4102,0.435351
2,4160,0.402967
2,4191,0.438808
2,4244,0.479835
2,4411,0.402568
2,4413,0.428838
2,4428,0.324938
2,4434,0.417427
2,4467,0.469284
2,4574,0.342478
2,4588,0.374252
2,4603,0.42608
2,4630,0.445532
2,4657,0.404299
2,4687,0.39905
2,4763,0.369777
2,4778,0.413802
2,4787,0.47102
2,4909,0.494135
2,4910,0.464624
2,5026,0.400748
2,5053,0.427574
2,5056,0.406286
2,5106,0.391457
2,5108,0.407875
2,5172,0.449466
2,5197,0.453482
2,5217,0.400698
2,5338,0.356525
2,5479,0.383083
2,5596,0.436814
2,5647,0.349985
2,5682,0.425545
2,5743,0.358276
2,5785,0.361983
2,5874,0.40565
2,5888,0.407293
2,5969,0.396944
2,5982,0.363276
2,6027,0.406177
2,6042,0.502662
2,6055,0.346848
2,6083,0.480658
2,6090,0.414827
2,6152,0.45097
3,116,0.377375
3,139,0.492983
3,187,0.417188
3,188,0.370423
3,210,0.363855
3,215,0.438443
3,240,0.480036
3,265,0.354147
3,385,0.385872
3,497,0.452953
3,579,0.409253
3,583,0.454069
3,598,0.297411
3,645,0.472462
3,683,0.396026
3,834,0.342171
3,861,0.45571
3,955,0.452558
3,998,0.385532
3,1005,0.353507
3,1186,0.401598
3,1188,0.386577
3,1202,0.464867
3,1204,0.399087
3,1223,0.44057
3,1288,0.417693
3,1357,0.530698
3,1446,0.404104
3,1451,0.326375
3,1538,0.35756
3,1613,0.474615
3,1646,0.357639
3,1701,0.356031
3,1703,0.348179
3,1773,0.405431
3,1853,0.422945
3,1862,0.338612
3,1916,0.407831
3,1924,0.310612
3,1939,0.555673
3,2002,0.379663
3,2024,0.314471
3,2049,0.425556
3,2128,0.31803
3,2146,0.367565
3,2194,0.457408
3,2202,0.357225
3,2206,0.455287
3,2259,0.366275
3,2269,0.435683
3,2398,0.273752
3,2463,0.438887
3,2510,0.252288
3,2656,0.412387
3,2686,0.264692
3,2691,0.439822
3,2723,0.47488
3,2739,0.460449
3,2769,0.394999
3,2827,0.306414
3,2846,0.347069
3,2855,0.39005
3,2965,0.335391
3,2971,0.450925
3,2982,0.429158
3,3002,0.282828
3,3024,0.404076
3,3065,0.340813
3,3067,0.389889
3,3179,0.386977
3,3223,0.334508
3,3312,0.463739
3,3347,0.36722
3,3381,0.405859
3,3427,0.414454
3,3478,0.40096
3,3482,0.355489
3,3577,0.413006
3,3582,0.360165
3,3721,0.369587
3,3782,0.366766
3,3811,0.47227
3,3842,0.378247
3,3920,0.547429
3,3947,0.33343
3,3979,0.438167
3,4085,0.298578
3,4112,0.435589
3,4143,0.421676
3,4149,0.451562
3,4154,0.375954
3,4232,0.497061
3,4354,0.407852
3,4369,0.354832
3,4413,0.421019
3,4456,0.304361
3,4558,0.421341
3,4653,0.365588
3,4721,0.46602
3,4766,0.473688
3,4818,0.464435
3,4821,0.433782
3,4859,0.382678
3,5015,0.376367
3,5081,0.375796
3,5096,0.54596
3,5129,0.415777
3,5152,0.399329
3,5193,0.406395
3,5346,0.469199
3,5357,0.337031
3,5420,0.378104
3,5479,0.327593
3,5481,0.459489
3,5632,0.404096
3,5650,0.436772
3,5730,0.391303
3,5830,0.424331
3,6145,0.35824
3,6172,0.336822
4,7,0.428283
4,52,0.363487
4,73,0.329395
4,159,0.418317
4,181,0.362831
4,219,0.428194
4,250,0.392015
4,277,0.461366
4,279,0.361394
4,294,0.391976
4,355,0.427077
4,368,0.349041
4,378,0.409569
4,404,0.354938
4,429,0.482254
4,484,0.440798
4,496,0.330423
4,497,0.385936
4,520,0.425349
4,543,0.429415
4,613,0.269462
4,639,0.300138
4,756,0.323597
4,830,0.347183
4,863,0.391094
4,903,0.360454
4,1024,0.447432
4,1185,0.446089
4,1255,0.353105
4,1337,0.374639
4,1368,0.424922
4,1387,0.360264
4,1417,0.450397
4,1429,0.454841
4,1449,0.479779
4,1532,0.453973
4,1540,0.375887
4,1546,0.451823
4,1573,0.341986
4,1672,0.333457
4,1674,0.35716
4,1717,0.388493
4,1773,0.394467
4,1824,0.266269
4,1856,0.43336
4,1890,0.49247
4,2026,0.368663
4,2044,0.367129
4,2094,0.337872
4,2129,0.367014
4,2133,0.350446
4,2155,0.361376
4,2168,0.421347
4,2170,0.454422
4,2220,0.365852
4,2229,0.392206
4,2232,0.352521
4,2324,0.313965
4,2392,0.37275
4,2409,0.46427
4,2468,0.481308
4,2481,0.388755
4,2490,0.48333
4,2502,0.464391
4,2520,0.352078
4,2546,0.388122
4,2597,0.344739
4,2601,0.37203
4,2673,0.418352
4,2677,0.466175
4,2793,0.394216
4,2812,0.376507
4,2843,0.401821
4,2873,0.30203
4,2876,0.31367
4,2916,0.355291
4,2941,0.351229
4,2998,0.38942
4,2999,0.409659
4,3029,0.328833
4,3079,0.403277
4,3094,0.357314
4,3099,0.371832
4,3120,0.375649
4,3177,0.320611
4,3198,0.338643
4,3215,0.335295
4,3237,0.368282
4,3238,0.404422
4,3246,0.328404
4,3250,0.357181
4,3264,0.36936
4,3284,0.344663
4,3288,0.384021
4,3336,0.479367
4,3352,0.394745
4,3454,0.386969
4,3580,0.279353
4,3590,0.376516
4,3765,0.309074
4,3781,0.354308
4,3845,0.418233
4,3896,0.388056
4,3917,0.358204
4,3957,0.340275
4,4014,0.431678
4,4046,0.438465
4,4080,0.380545
4,4139,0.42594
4,4145,0.402352
4,4156,0.440887
4,4237,0.61242
4,4477,0.353664
4,4482,0.40874
4,4541,0.414404
4,4619,0.429314
4,4638,0.448176
4,4655,0.375795
4,4794,0.336583
4,4891,0.368317
4,4965,0.372578
4,4975,0.415013
4,4989,0.373109
4,5004,0.376234
4,5026,0.376013
4,5071,0.39619
4,5084,0.478218
4,5102,0.431824
4,5243,0.336059
4,5460,0.449867
4,5712,0.409197
4,5719,0.307487
4,5741,0.36871
4,6030,0.359107
4,6046,0.382982
4,6057,0.350142
4,6076,0.414342
4,6098,0.408921
4,6102,0.342559
4,6107,0.322908
4,6151,0.37119
4,6167,0.344965
5,10,0.296368
5,27,0.376103
5,96,0.392458
5,101,0.418776
5,124,0.370409
5,126,0.394117
5,174,0.350131
5,251,0.323829
5,279,0.401305
5,295,0.436022
5,296,0.324927
5,386,0.37752
5,399,0.32346
5,464,0.377827
5,537,0.356827
5,555,0.453651
5,604,0.414065
5,689,0.426159
5,726,0.373036
5,758,0.462187
5,772,0.505479
5,798,0.420156
5,845,0.39872
5,926,0.454871
5,968,0.40072
5,981,0.379561
5,1007,0.430733
5,1221,0.432341
5,1288,0.408402
5,1357,0.429422
5,1366,0.390204
5,1406,0.414313
5,1435,0.426721
5,1497,0.416275
5,1509,0.317163
5,1532,0.258884
5,1542,0.483682
5,1657,0.362838
5,1703,0.436487
5,1761,0.335842
5,1782,0.374575
5,1856,0.330193
5,1886,0.440289
5,1988,0.461718
5,2022,0.449474
5,2067,0.389633
5,2189,0.473145
5,2244,0.427593
5,2261,0.390545
5,2288,0.349317
5,2429,0.49783
5,2546,0.457898
5,2555,0.348446
5,2567,0.383806
5,2578,0.334681
5,2644,0.34156
5,2662,0.469673
5,2670,0.304803
5,2714,0.320458
5,2736,0.31714
5,2791,0.39193
5,2894,0.280128
5,2959,0.376957
5,3109,0.287155
5,3160,0.451992
5,3256,0.371382
5,3293,0.442899
5,3297,0.39119
5,3372,0.385923
5,3410,0.407128
5,3438,0.382835
5,3554,0.330436
5,3635,0.427631
5,3661,0.367048
5,3674,0.594478
5,3683,0.414942
5,3699,0.416396
5,3746,0.440563
5,3795,0.32686
5,3838,0.411124
5,3891,0.363626
5,3901,0.348105
5,3978,0.476968
5,3999,0.358087
5,4016,0.391837
5,4019,0.491197
5,4072,0.35077
5,4212,0.370077
5,4226,0.432066
5,4361,0.397139
5,4376,0.38195
5,4385,0.471325
5,4522,0.346804
5,4592,0.401688
5,4700,0.39006
5,4717,0.470165
5,4755,0.385204
5,4837,0.310705
5,4871,0.284466
5,4922,0.357066
5,4950,0.337495
5,5004,0.420901
5,5074,0.486074
5,5150,0.320645
5,5182,0.390151
5,5194,0.420783
5,5218,0.337258
5,5230,0.318201
5,5248,0.346391
5,5277,0.338434
5,5317,0.365654
5,5480,0.402025
5,5504,0.397999
5,5514,0.434006
5,5630,0.338395
5,5655,0.408915
5,5708,0.430212
5,5711,0.387696
5,5808,0.25282
5,5855,0.421208
5,5883,0.420704
5,6005,0.403037
5,6017,0.397734
5,6163,0.356846
5,6166,0.498693
6,16,0.372437
6,64,0.433109
6,98,0.370092
6,133,0.411142
6,160,0.314107
6,181,0.266294
6,253,0.419038
6,322,0.437106
6,335,0.356512
6,398,0.378567
6,444,0.492614
6,459,0.40914
6,482,0.433128
6,517,0.424204
6,561,0.370903
6,567,0.314423
6,626,0.381884
6,722,0.349211
6,727,0.384015
6,742,0.417065
6,764,0.375859
6,778,0.353493
6,814,0.394778
6,822,0.403515
6,865,0.360855
6,931,0.363228
6,941,0.443773
6,961,0.344483
6,1010,0.407487
6,1156,0.448099
6,1227,0.475986
6,1229,0.36892
6,1348,0.328537
6,1390,0.309985
6,1476,0.407104
6,1496,0.466681
6,1643,0.38001
6,1668,0.451828
6,1684,0.281611
6,1697,0.438272
6,1699,0.348846
6,1783,0.283685
6,1785,0.360057
6,1800,0.38104
6,1815,0.305723
6,1899,0.283503
6,1964,0.404047
6,1968,0.283803
6,1993,0.413635
6,2059,0.380246
6,2134,0.27267
6,2211,0.403833
6,2323,0.511881
6,2346,0.366375
6,2387,0.389194
6,2439,0.437786
6,2452,0.373023
6,2490,0.388099
6,2558,0.42767
6,2565,0.443507
6,2621,0.361019
6,2651,0.373294
6,2653,0.363172
6,2655,0.334282
6,2661,0.397219
6,2664,0.448912
6,2724,0.33728
6,2772,0.363221
6,2838,0.427152
6,2852,0.295997
6,2895,0.374344
6,2975,0.36337
6,3050,0.434681
6,3076,0.40237
6,3139,0.343753
6,3265,0.429857
6,3269,0.429901
6,3328,0.344281
6,3353,0.377796
6,3377,0.350753
6,3399,0.379237
6,3462,0.450096
6,3477,0.333472
6,3533,0.406097
6,3596,0.444068
6,3616,0.436685
6,3667,0.344812
6,3687,0.341727
6,3727,0.307777
6,3766,0.38806
6,3851,0.357914
6,3939,0.387834
6,3952,0.434645
6,3953,0.358622
6,3954,0.346719
6,3968,0.368963
6,3975,0.454081
6,3990,0.412917
6,3992,0.282848
6,4044,0.379401
6,4052,0.364208
6,4106,0.42227
6,4112,0.456277
6,4150,0.496166
6,4176,0.311101
6,4177,0.396239
6,4217,0.383594
6,4256,0.289718
6,4258,0.37404
6,4298,0.433877
6,4299,0.332937
6,4344,0.395209
6,4351,0.446563
6,4360,0.417184
6,4371,0.348169
6,4389,0.388395
6,4415,0.343564
6,4430,0.449218
6,4487,0.480197
6,4489,0.435927
6,4498,0.384953
6,4504,0.372406
6,4554,0.393095
6,4608,0.378282
6,4637,0.361708
6,4654,0.475434
6,4674,0.39169
6,4712,0.306756
6,4788,0.334706
6,4804,0.341024
6,4824,0.46168
6,4848,0.308319
6,4863,0.334871
6,4899,0.298494
6,4957,0.384021
6,4990,0.353241
6,5098,0.350694
6,5178,0.411384
6,5243,0.319945
6,5317,0.329983
6,5329,0.413536
6,5354,0.291858
6,5406,0.349909
6,5421,0.326977
6,5523,0.377479
6,5528,0.357025
6,5545,0.346707
6,5549,0.441948
6,5589,0.350232
6,5602,0.344773
6,5618,0.392847
6,5635,0.42697
6,5657,0.417658
6,5724,0.441711
6,5736,0.521108
6,5808,0.437931
6,5814,0.402151
6,5816,0.371131
6,5817,0.353687
6,5818,0.372422
6,5837,0.453522
6,5845,0.301181
6,5896,0.362667
6,5897,0.435549
6,5904,0.359849
6,5913,0.424888
6,5997,0.491156
6,6039,0.46157
6,6052,0.299325
6,6062,0.400062
6,6111,0.505032
6,6152,0.412305
7,3,0.299639
7,12,0.37498
7,96,0.416101
7,99,0.362329
7,157,0.298532
7,186,0.3539
7,210,0.343567
7,218,0.457281
7,239,0.409162
7,264,0.343373
7,309,0.386763
7,440,0.359428
7,445,0.40988
7,513,0.351981
7,525,0.292738
7,536,0.393806
7,559,0.465713
7,589,0.333046
7,687,0.33741
7,857,0.393882
7,859,0.370967
7,898,0.386806
7,935,0.321333
7,1088,0.410755
7,1131,0.368492
7,1134,0.308022
7,1247,0.389864
7,1355,0.460426
7,1424,0.430203
7,1432,0.386212
7,1436,0.42898
7,1442,0.314417
7,1446,0.399771
7,1489,0.401814
7,1532,0.397501
7,1533,0.407092
7,1549,0.365438
7,1586,0.346054
7,1623,0.408548
7,1815,0.322335
7,1820,0.357224
7,1923,0.391362
7,1980,0.365228
7,1994,0.524016
7,2002,0.378037
7,2053,0.314723
7,2129,0.354437
7,2139,0.449404
7,2148,0.421808
7,2156,0.380629
7,2165,0.334579
7,2197,0.398944
7,2280,0.384071
7,2334,0.269112
7,2338,0.370809
7,2416,0.494452
7,2625,0.478577
7,2690,0.406277
7,2763,0.336576
7,2768,0.322585
7,2809,0.379974
7,2818,0.461889
7,2880,0.341673
7,2904,0.443747
7,3049,0.358755
7,3210,0.38383
7,3212,0.426139
7,3223,0.375548
7,3274,0.360034
7,3279,0.403508
7,3284,0.459038
7,3308,0.410593
7,3310,0.260519
7,3346,0.327391
7,3378,0.301622
7,3379,0.387101
7,3380,0.328715
7,3396,0.324908
7,3618,0.446266
7,3626,0.362293
7,3746,0.330655
7,3764,0.351417
7,3823,0.354076
7,3824,0.344389
7,3882,0.347352
7,3908,0.378905
7,3933,0.30527
7,3940,0.423411
7,3966,0.51482
7,3996,0.31554
7,4015,0.402201
7,4053,0.366694
7,4171,0.307159
7,4207,0.317953
7,4226,0.370544
7,4240,0.362418
7,4245,0.264847
7,4249,0.316128
7,4313,0.34325
7,4316,0.441669
7,4374,0.411673
7,4386,0.363202
7,4449,0.458786
7,4468,0.278745
7,4484,0.412775
7,4501,0.320945
7,4535,0.358056
7,4546,0.302855
7,4548,0.35586
7,4584,0.439242
7,4633,0.42964
7,4649,0.433864
7,4678,0.43661
7,4690,0.433907
7,4818,0.389351
7,4834,0.3279
7,4916,0.364521
7,4924,0.400133
7,4941,0.376919
7,4975,0.415955
7,4983,0.403922
7,5018,0.438117
7,5175,0.428372
7,5199,0.409533
7,5214,0.368312
7,5233,0.508313
7,5253,0.388246
7,5295,0.374028
7,5323,0.394033
7,5365,0.444063
7,5371,0.308723
7,5374,0.413417
7,5376,0.439157
7,5483,0.335343
7,5486,0.30896
7,5498,0.413487
7,5583,0.428929
7,5588,0.428557
7,5671,0.404787
7,5710,0.290974
7,5727,0.328726
7,5820,0.439618
7,5982,0.312023
7,6005,0.262899
7,6038,0.419897
7,6094,0.491779
8,29,0.377429
8,37,0.408312
8,104,0.400822
8,190,0.446807
8,196,0.348152
8,202,0.329985
8,214,0.283912
8,220,0.341925
8,254,0.419576
8,287,0.329983
8,297,0.306137
8,311,0.396547
8,357,0.33685
8,390,0.360998
8,405,0.355998
8,423,0.447076
8,426,0.342058
8,439,0.33687
8,489,0.258887
8,524,0.286112
8,578,0.313121
8,696,0.410946
8,800,0.453153
8,816,0.377839
8,835,0.438797
8,848,0.384547
8,887,0.360599
8,929,0.325395
8,985,0.462769
8,1020,0.304714
8,1043,0.393988
8,1044,0.32793
8,1057,0.402867
8,1084,0.36448
8,1096,0.350473
8,1204,0.290278
8,1265,0.317786
8,1271,0.382392
8,1391,0.274616
8,1419,0.368574
8,1425,0.421517
8,1447,0.310212
8,1450,0.334848
8,1484,0.39373
8,1510,0.406132
8,1515,0.381738
8,1560,0.321988
8,1576,0.338607
8,1647,0.370926
8,1664,0.480578
8,1719,0.359042
8,1741,0.408091
8,1800,0.456919
8,1844,0.327437
8,1887,0.43209
8,1921,0.374455
8,1934,0.380322
8,1942,0.395741
8,1945,0.330099
8,1964,0.482789
8,1973,0.301555
8,1987,0.330943
8,1997,0.371359
8,2021,0.392556
8,2023,0.403601
8,2024,0.359596
8,2212,0.371538
8,2269,0.404753
8,2342,0.282267
8,2380,0.304364
8,2402,0.349718
8,2543,0.398427
8,2571,0.396869
8,2580,0.479174
8,2675,0.374114
8,2689,0.446807
8,2718,0.385742
8,2845,0.458472
8,2911,0.305663
8,2968,0.357195
8,2975,0.379617
8,2997,0.385627
8,3053,0.357632
8,3072,0.295875
8,3078,0.361082
8,3153,0.369355
8,3154,0.313502
8,3187,0.306125
8,3225,0.417127
8,3236,0.368108
8,3328,0.333225
8,3341,0.387431
8,3349,0.396431
8,3373,0.348361
8,3408,0.464871
8,3424,0.338817
8,3455,0.399253
8,3462,0.378108
8,3472,0.427005
8,3541,0.394739
8,3562,0.445351
8,3565,0.418157
8,3569,0.356475
8,3599,0.342943
8,3724,0.376141
8,3773,0.342365
8,3808,0.354015
8,3837,0.339885
8,3842,0.318027
8,3991,0.407789
8,3997,0.485524
8,4042,0.457402
8,4071,0.388353
8,4101,0.397847
8,4160,0.372388
8,4206,0.398382
8,4327,0.321073
8,4345,0.367303
8,4388,0.394273
8,4412,0.406511
8,4446,0.406967
8,4450,0.366608
8,4468,0.366572
8,4518,0.284921
8,4590,0.314919
8,4605,0.427545
8,4649,0.226519
8,4650,0.335828
8,4685,0.302377
8,4689,0.376816
8,4823,0.327209
8,4861,0.325927
8,4908,0.306168
8,4935,0.381022
8,4940,0.43926
8,4942,0.357693
8,4962,0.389325
8,5013,0.213004
8,5021,0.452685
8,5098,0.409713
8,5191,0.369314
8,5210,0.388027
8,5318,0.401023
8,5354,0.432498
8,5459,0.385829
8,5530,0.373356
8,5719,0.40415
8,5733,0.38464
8,5766,0.394307
8,5778,0.392247
8,5805,0.437516
8,5809,0.412072
8,5836,0.386334
8,5877,0.489969
8,5891,0.401824
8,5925,0.409671
8,6066,0.439603
8,6101,0.429683
8,6137,0.316345
8,6175,0.308756
9,61,0.370369
9,105,0.396375
9,139,0.306684
9,166,0.360267
9,193,0.276462
9,262,0.368991
9,282,0.312373
9,356,0.314197
9,401,0.415285
9,479,0.451186
9,514,0.281864
9,587,0.432745
9,625,0.36064
9,628,0.298208
9,638,0.439766
9,645,0.388507
9,651,0.417502
9,733,0.338117
9,807,0.413321
9,815,0.305881
9,938,0.270292
9,944,0.288523
9,963,0.360179
9,1095,0.417616
9,1127,0.358198
9,1195,0.380325
9,1219,0.379687
9,1326,0.288688
9,1346,0.384688
9,1400,0.372733
9,1453,0.443159
9,1490,0.286657
9,1522,0.320348
9,1614,0.33285
9,1767,0.413189
9,1868,0.337022
9,1876,0.281576
9,1897,0.389709
9,1908,0.40222
9,1941,0.335868
9,1978,0.372435
9,1984,0.350546
9,2082,0.414261
9,2100,0.388713
9,2112,0.355223
9,2154,0.404488
9,2211,0.340887
9,2220,0.373298
9,2262,0.47737
9,2275,0.420181
9,2288,0.40986
9,2342,0.323333
9,2364,0.554478
9,2392,0.427441
9,2434,0.312536
9,2480,0.518035
9,2517,0.393524
9,2553,0.334963
9,2625,0.427836
9,2669,0.40606
9,2684,0.32767
9,2720,0.354472
9,2728,0.349657
9,2737,0.382583
9,2743,0.388285
9,2753,0.405905
9,2777,0.309971
9,2786,0.356631
9,2806,0.392447
9,2814,0.447903
9,2853,0.377515
9,2890,0.340347
9,2955,0.229557
9,2987,0.482579
9,3035,0.346565
9,3051,0.326272
9,3070,0.293073
9,3146,0.296097
9,3166,0.375531
9,3194,0.434979
9,3246,0.483392
9,3318,0.4243
9,3414,0.384894
9,3420,0.331641
9,3459,0.435397
9,3478,0.289037
9,3502,0.28339
9,3696,0.343457
9,3707,0.343523
9,3708,0.320695
9,3723,0.298403
9,3764,0.393686
9,3873,0.343147
9,3895,0.319117
9,3901,0.388646
9,3981,0.312998
9,4047,0.333444
9,4054,0.363632
9,4095,0.345058
9,4248,0.435299
9,4378,0.439499
9,4385,0.283419
9,4388,0.370618
9,4414,0.391959
9,4447,0.360977
9,4459,0.380457
9,4499,0.283112
9,4539,0.413918
9,4592,0.326627
9,4649,0.278994
9,4684,0.427063
9,4705,0.295637
9,4753,0.325514
9,4775,0.375991
9,4779,0.321891
9,4818,0.322816
9,4862,0.365204
9,4900,0.433895
9,4926,0.279044
9,4966,0.393467
9,4972,0.290666
9,5001,0.313819
9,5151,0.400688
9,5154,0.461906
9,5186,0.372293
9,5223,0.324645
9,5228,0.401396
9,5244,0.435724
9,5286,0.353077
9,5312,0.326935
9,5385,0.373668
9,5412,0.277381
9,5460,0.390144
9,5525,0.357932
9,5594,0.448968
9,5602,0.370272
9,5657,0.479261
9,5729,0.334243
9,5826,0.351186
9,5894,0.233414
9,5897,0.400699
9,5915,0.33982
9,5916,0.297189
9,5936,0.308843
9,6007,0.455603
9,6027,0.392985
9,6103,0.399053
9,6144,0.339522
10,60,0.351315
10,83,0.387641
10,122,0.336699
10,146,0.318394
10,204,0.453032
10,267,0.35567
10,275,0.326864
10,304,0.291892
10,373,0.320448
10,458,0.397167
10,516,0.36844
10,529,0.39587
10,702,0.404229
10,764,0.363
10,782,0.427649
10,783,0.341393
10,865,0.32564
10,913,0.2787
10,925,0.255931
10,978,0.44788
10,1029,0.359381
10,1091,0.37698
10,1098,0.364166
10,1120,0.381832
10,1270,0.289761
10,1297,0.422386
10,1359,0.366842
10,1366,0.444178
10,1415,0.335614
10,1421,0.417449
10,1594,0.377305
10,1597,0.399497
10,1619,0.335968
10,1665,0.263409
10,1690,0.354545
10,1713,0.372079
10,1765,0.35653
10,1819,0.339492
10,1840,0.313688
10,1915,0.383623
10,2002,0.352384
10,2044,0.37174
10,2056,0.377063
10,2063,0.389848
10,2088,0.284521
10,2089,0.402586
10,2245,0.309758
10,2336,0.397821
10,2456,0.30797
10,2475,0.339827
10,2538,0.4098
10,2543,0.351736
10,2661,0.4211
10,2696,0.337252
10,2801,0.350959
10,2819,0.405927
10,2823,0.399606
10,2845,0.397418
10,2867,0.418445
10,2955,0.336025
10,2967,0.370089
10,3043,0.199498
10,3165,0.438864
10,3182,0.444606
10,3199,0.462013
10,3206,0.429089
10,3212,0.432713
10,3233,0.385335
10,3271,0.374984
10,3291,0.373742
10,3383,0.317523
10,3456,0.467477
10,3466,0.273059
10,3475,0.394707
10,3493,0.374072
10,3530,0.307547
10,3549,0.278425
10,3571,0.455211
10,3614,0.24502
10,3619,0.433477
10,3620,0.3867
10,3622,0.246042
10,3681,0.340539
10,3718,0.444116
10,3724,0.349654
10,3733,0.322864
10,3763,0.366794
10,3803,0.339968
10,3812,0.383119
10,3822,0.321843
10,3848,0.340977
10,3861,0.261008
10,3864,0.410139
10,3869,0.39542
10,3909,0.283097
10,3947,0.359693
10,3964,0.441725
10,3998,0.291388
10,4071,0.428027
10,4139,0.445127
10,4186,0.318217
10,4190,0.315394
10,4206,0.404747
10,4210,0.375902
10,4259,0.341126
10,4276,0.30937
10,4282,0.420783
10,4304,0.371293
10,4332,0.406698
10,4413,0.396019
10,4540,0.346607
10,4551,0.271711
10,4624,0.392656
10,4633,0.371858
10,4646,0.323699
10,4686,0.39888
10,4687,0.305859
10,4793,0.438085
10,4889,0.353848
10,4892,0.274392
10,4922,0.395364
10,4932,0.41946
10,5167,0.400521
10,5228,0.39421
10,5248,0.289093
10,5280,0.415431
10,5311,0.308398
10,5345,0.366217
10,5394,0.369395
10,5456,0.333831
10,5571,0.393716
10,5652,0.367384
10,5752,0.400853
10,5812,0.383456
10,5842,0.368044
10,5916,0.364713
10,5952,0.355108
10,6002,0.298253
10,6011,0.26014
10,6042,0.289696
10,6124,0.342989
11,38,0.225042
11,44,0.310141
11,84,0.319552
11,104,0.441266
11,134,0.31399
11,255,0.429425
11,264,0.366244
11,274,0.332037
11,320,0.357109
11,379,0.286351
11,454,0.354427
11,458,0.345206
11,548,0.331788
11,615,0.321206
11,625,0.355634
11,720,0.384548
11,723,0.331657
11,728,0.317004
11,749,0.32388
11,810,0.333207
11,886,0.337766
11,927,0.31247
11,948,0.46556
11,1096,0.438178
11,1112,0.39301
11,1219,0.307988
11,1221,0.361408
11,1256,0.33446
11,1409,0.325775
11,1431,0.365422
11,1481,0.310103
11,1504,0.258829
11,1553,0.371456
11,1607,0.369921
11,1618,0.319583
11,1650,0.364149
11,1768,0.261099
11,1777,0.278156
11,1787,0.358604
11,1817,0.324288
11,1896,0.371881
11,2026,0.3253
11,2056,0.380564
11,2068,0.262547
11,2072,0.410546
11,2272,0.442219
11,2286,0.494002
11,2315,0.365303
11,2415,0.413069
11,2419,0.400129
11,2442,0.419254
11,2470,0.367897
11,2481,0.415437
11,2526,0.324707
11,2615,0.409921
11,2634,0.292299
11,2635,0.31612
11,2702,0.382651
11,2775,0.37039
11,2796,0.32773
11,2837,0.369872
11,2949,0.375458
11,2951,0.328792
11,3260,0.485861
11,3410,0.353908
11,3413,0.294772
11,3422,0.308525
11,3425,0.349209
11,3514,0.273049
11,3559,0.370075
11,3561,0.355818
11,3563,0.398429
11,3724,0.386884
11,3758,0.372427
11,3771,0.362585
11,3796,0.466334
11,3965,0.266325
11,4007,0.390073
11,4132,0.314145
11,4186,0.405226
11,4193,0.41161
11,4199,0.317973
11,4200,0.360621
11,4206,0.432264
11,4275,0.386488
11,4356,0.429055
11,4399,0.361732
11,4415,0.237524
11,4430,0.318687
11,4461,0.318727
11,4474,0.410743
11,4481,0.417679
11,4526,0.306873
11,4549,0.304243
11,4589,0.480227
11,4657,0.365757
11,4692,0.327109
11,4760,0.280296
11,4782,0.408533
11,4802,0.357212
11,4864,0.407396
11,4974,0.4039
11,4982,0.304934
11,5086,0.353099
11,5160,0.313382
11,5252,0.380218
11,5288,0.491649
11,5289,0.379281
11,5323,0.359929
11,5330,0.376351
11,5352,0.268904
11,5373,0.400369
11,5476,0.269916
11,5497,0.341934
11,5515,0.363535
11,5526,0.393965
11,5552,0.354048
11,5558,0.331285
11,5572,0.352021
11,5593,0.298417
11,5688,0.335797
11,5702,0.411831
11,5748,0.390403
11,5758,0.488311
11,5771,0.433672
11,5959,0.310766
11,5984,0.327883
11,6014,0.377424
11,6062,0.41498
11,6098,0.397666
11,6100,0.366825
11,6132,0.358519
12,71,0.3791
12,74,0.373732
12,75,0.289427
12,106,0.33346
12,257,0.465906
12,323,0.323105
12,429,0.326085
12,432,0.285889
12,444,0.368902
12,489,0.380576
12,502,0.389824
12,522,0.278668
12,606,0.399875
12,726,0.36111
12,728,0.210976
12,740,0.292087
12,769,0.38398
12,821,0.428875
12,883,0.304087
12,892,0.30336
12,912,0.327368
12,960,0.357475
12,1034,0.35114
12,1045,0.235073
12,1048,0.395141
12,1082,0.28069
12,1115,0.359317
12,1174,0.266997
12,1200,0.258285
12,1243,0.404823
12,1248,0.365671
12,1265,0.258855
12,1271,0.346943
12,1283,0.361653
12,1312,0.296911
12,1453,0.289363
12,1464,0.386969
12,1483,0.257638
12,1520,0.327712
12,1521,0.429339
12,1559,0.286223
12,1608,0.342051
12,1628,0.2789
12,1643,0.453927
12,1649,0.401188
12,1666,0.416547
12,1837,0.368809
12,1855,0.339676
12,1883,0.398557
12,1948,0.40261
12,1985,0.347172
12,2015,0.322412
12,2158,0.345796
12,2247,0.466442
12,2391,0.309367
12,2427,0.425253
12,2448,0.346857
12,2484,0.356554
12,2517,0.31762
12,2553,0.242157
12,2559,0.31506
12,2653,0.323747
12,2674,0.380925
12,2721,0.266943
12,2766,0.277859
12,2799,0.257705
12,2804,0.295534
12,2840,0.378382
12,2883,0.260173
12,2884,0.353587
12,2916,0.294399
12,2972,0.315155
12,2998,0.39901
12,3006,0.381934
12,3066,0.314831
12,3120,0.304871
12,3130,0.320128
12,3156,0.409396
12,3246,0.320469
12,3326,0.318661
12,3345,0.285729
12,3369,0.3605
12,3396,0.357863
12,3419,0.369763
12,3424,0.407777
12,3430,0.30697
12,3485,0.310473
12,3517,0.361283
12,3532,0.249199
12,3548,0.310331
12,3575,0.443448
12,3592,0.370589
12,3632,0.440935
12,3652,0.230895
12,3685,0.346278
12,3715,0.309505
12,3727,0.391394
12,3799,0.440427
12,3852,0.406582
12,3857,0.293537
12,3864,0.400191
12,3865,0.410947
12,3967,0.357853
12,3991,0.480892
12,3997,0.322387
12,4025,0.382977
12,4047,0.344663
12,4062,0.316541
12,4087,0.213789
12,4098,0.402615
12,4099,0.458711
12,4117,0.393557
12,4241,0.379567
12,4253,0.383407
12,4283,0.287768
12,4318,0.38566
12,4319,0.321282
12,4320,0.405761
12,4333,0.422383
12,4362,0.312609
12,4431,0.324752
12,4499,0.381444
12,4595,0.372589
12,4602,0.458547
12,4606,0.398206
12,4620,0.389333
12,4868,0.415931
12,4933,0.307256
12,4938,0.355148
12,4941,0.280507
12,4954,0.348971
12,4963,0.343316
12,5023,0.310761
12,5127,0.256395
12,5190,0.388459
12,5191,0.392001
12,5197,0.415142
12,5233,0.339542
12,5261,0.253532
12,5262,0.307105
12,5317,0.345714
12,5340,0.327042
12,5344,0.363617
12,5444,0.335062
12,5469,0.347809
12,5485,0.371601
12,5499,0.372989
12,5531,0.317219
12,5536,0.236748
12,5546,0.336029
12,5603,0.268928
12,5747,0.433961
12,5751,0.43037
12,5823,0.333777
12,5841,0.431861
12,5850,0.330491
12,5886,0.305198
12,5945,0.297297
12,6016,0.394426
12,6082,0.423387
12,6104,0.327832
12,6147,0.315273
12,6180,0.41003
12,6184,0.320901
13,18,0.342621
13,60,0.434729
13,114,0.266251
13,117,0.292539
13,136,0.339485
13,167,0.219784
13,224,0.41206
13,371,0.369695
13,408,0.383358
13,447,0.280919
13,463,0.292929
13,513,0.319892
13,556,0.26846
13,598,0.338993
13,692,0.321703
13,695,0.319524
13,711,0.389749
13,746,0.302436
13,774,0.351769
13,812,0.262975
13,859,0.288663
13,866,0.331521
13,895,0.424006
13,929,0.280663
13,1000,0.425294
13,1024,0.292426
13,1036,0.295343
13,1074,0.364757
13,1191,0.364692
13,1197,0.392612
13,1215,0.39329
13,1219,0.281694
13,1336,0.373995
13,1382,0.318972
13,1393,0.289321
13,1402,0.293334
13,1404,0.357356
13,1481,0.391037
13,1516,0.270289
13,1534,0.441886
13,1733,0.254309
13,1747,0.348208
13,1750,0.309369
13,1893,0.332393
13,1928,0.362946
13,1964,0.237766
13,2061,0.350713
13,2098,0.358437
13,2108,0.331945
13,2144,0.294819
13,2178,0.413551
13,2190,0.516702
13,2287,0.322626
13,2306,0.301733
13,2307,0.327539
13,2315,0.355278
13,2316,0.362955
13,2410,0.412608
13,2433,0.325967
13,2460,0.282511
13,2602,0.461429
13,2742,0.29177
13,2782,0.386685
13,2788,0.292312
13,2835,0.354245
13,2850,0.300531
13,2873,0.325416
13,2897,0.365957
13,2929,0.431204
13,2963,0.327568
13,3007,0.314592
13,3029,0.379566
13,3126,0.394076
13,3127,0.371705
13,3138,0.407036
13,3142,0.34917
13,3300,0.416066
13,3458,0.362272
13,3527,0.361632
13,3538,0.380687
13,3603,0.247213
13,3613,0.371704
13,3627,0.383376
13,3643,0.352256
13,3663,0.415608
13,3803,0.345942
13,3843,0.360363
13,3865,0.353708
13,3879,0.251867
13,3903,0.435733
13,3925,0.366425
13,3926,0.344263
13,3945,0.311217
13,3949,0.317027
13,4083,0.392493
13,4111,0.30265
13,4114,0.296404
13,4121,0.351767
13,4136,0.441534
13,4171,0.366343
13,4183,0.306402
13,4187,0.325556
13,4199,0.424118
13,4268,0.382173
13,4300,0.242255
13,4313,0.344313
13,4361,0.249998
13,4413,0.291924
13,4430,0.435672
13,4452,0.361334
13,4503,0.375297
13,4509,0.334261
13,4568,0.356315
13,4575,0.366952
13,4596,0.405021
13,4634,0.345913
13,4639,0.487226
13,4679,0.482908
13,4757,0.306408
13,4761,0.424536
13,4845,0.38143
13,4849,0.289971
13,4860,0.381396
13,4896,0.374031
13,4983,0.340449
13,5116,0.283433
13,5127,0.384609
13,5136,0.34674
13,5155,0.42404
13,5282,0.365272
13,5323,0.386556
13,5474,0.408374
13,5502,0.286958
13,5505,0.293277
13,5576,0.296578
13,5579,0.394917
13,5628,0.335596
13,5634,0.32547
13,5635,0.335743
13,5643,0.375809
13,5730,0.422357
13,5751,0.354356
13,5770,0.420113
13,5798,0.345405
13,5840,0.285109
13,5862,0.354643
13,5891,0.315322
13,5989,0.321194
13,6056,0.280244
13,6059,0.331389
13,6068,0.297658
13,6106,0.347757
13,6167,0.340595
14,21,0.305395
14,27,0.322522
14,31,0.316369
14,42,0.35374
14,68,0.432102
14,83,0.227295
14,109,0.336681
14,247,0.348232
14,348,0.291731
14,355,0.416929
14,475,0.312378
14,512,0.263894
14,537,0.294159
14,558,0.304137
14,597,0.340052
14,680,0.311994
14,682,0.33708
14,697,0.389495
14,737,0.306494
14,743,0.32582
14,850,0.329985
14,909,0.355204
14,968,0.322931
14,1014,0.402171
14,1016,0.278913
14,1043,0.377838
14,1068,0.281354
14,1095,0.317832
14,1127,0.355073
14,1154,0.347715
14,1204,0.392308
14,1344,0.337602
14,1464,0.223072
14,1503,0.378607
14,1595,0.407554
14,1618,0.346575
14,1650,0.390247
14,1778,0.308648
14,1833,0.311954
14,1882,0.313882
14,1902,0.302184
14,2046,0.309164
14,2057,0.397765
14,2118,0.409173
14,2162,0.277844
14,2249,0.332955
14,2270,0.352402
14,2277,0.321949
14,2297,0.382805
14,2395,0.254849
14,2396,0.295575
14,2408,0.415559
14,2428,0.278978
14,2481,0.353098
14,2531,0.240685
14,2552,0.413251
14,2630,0.202397
14,2653,0.32776
14,2699,0.372789
14,2760,0.362626
14,2938,0.274337
14,2986,0.347864
14,3001,0.419307
14,3007,0.390519
14,3021,0.350861
14,3025,0.285882
14,3088,0.308548
14,3150,0.283105
14,3249,0.319288
14,3343,0.411054
14,3351,0.279459
14,3356,0.423859
14,3402,0.266106
14,3403,0.38878
14,3439,0.330799
14,3450,0.313801
14,3524,0.342057
14,3567,0.313948
14,3574,0.337901
14,3594,0.260939
14,3615,0.293917
14,3617,0.347845
14,3631,0.405325
14,3656,0.413325
14,3678,0.363772
14,3720,0.312728
14,3760,0.378425
14,3836,0.407442
14,3870,0.356481
14,3955,0.313658
14,3989,0.316726
14,4184,0.352343
14,4229,0.309917
14,4482,0.264871
14,4486,0.337977
14,4579,0.294455
14,4588,0.296138
14,4596,0.377043
14,4645,0.383566
14,4658,0.245014
14,4667,0.249676
14,4695,0.381419
14,4777,0.388221
14,4802,0.364937
14,4817,0.3972
14,4837,0.325728
14,4990,0.418862
14,4993,0.30056
14,5007,0.379142
14,5018,0.287493
14,5046,0.323351
14,5104,0.425664
14,5108,0.294266
14,5135,0.315081
14,5167,0.381979
14,5192,0.388361
14,5297,0.354981
14,5348,0.482162
14,5367,0.292734
14,5388,0.424261
14,5392,0.298959
14,5442,0.240223
14,5458,0.34587
14,5638,0.353144
14,5692,0.370646
14,5772,0.360195
14,5776,0.315726
14,5874,0.315418
14,5915,0.397723
14,5920,0.224171
14,5950,0.308629
14,5965,0.311941
14,6006,0.321787
14,6008,0.408916
14,6069,0.362443
14,6092,0.273335
14,6093,0.245708
14,6169,0.215863
14,6184,0.39055
15,36,0.360268
15,54,0.307759
15,64,0.310721
15,79,0.37612
15,89,0.240233
15,184,0.309544
15,191,0.33362
15,200,0.227213
15,252,0.447861
15,362,0.295963
15,434,0.372157
15,594,0.297787
15,646,0.270882
15,686,0.330681
15,717,0.367981
15,767,0.324596
15,799,0.340884
15,800,0.370194
15,819,0.3812
15,823,0.295664
15,858,0.300411
15,917,0.287181
15,953,0.331566
15,1065,0.295132
15,1085,0.370997
15,1108,0.29962
15,1130,0.132596
15,1152,0.332037
15,1179,0.295957
15,1185,0.33312
15,1187,0.369635
15,1191,0.28403
15,1219,0.303164
15,1377,0.316914
15,1472,0.277019
15,1493,0.34282
15,1513,0.457368
15,1563,0.256587
15,1630,0.376524
15,1685,0.229767
15,1688,0.284909
15,1708,0.318726
15,1736,0.361351
15,1737,0.313557
15,1781,0.25649
15,1782,0.295977
15,1828,0.271269
15,1907,0.29316
15,1942,0.237827
15,1984,0.289066
15,2009,0.288988
15,2094,0.413245
15,2157,0.366596
15,2163,0.354901
15,2229,0.423633
15,2336,0.294463
15,2373,0.317214
15,2388,0.323154
15,2455,0.250854
15,2492,0.259961
15,2543,0.393601
15,2575,0.455258
15,2582,0.345349
15,2691,0.31672
15,2718,0.28964
15,2738,0.466897
15,2800,0.332393
15,2803,0.330499
15,2846,0.248296
15,2848,0.375825
15,2872,0.212568
15,2923,0.295529
15,2924,0.237555
15,3005,0.316155
15,3033,0.405014
15,3055,0.354517
15,3072,0.315985
15,3091,0.28784
15,3110,0.256612
15,3114,0.377825
15,3118,0.414654
15,3155,0.236473
15,3171,0.26776
15,3280,0.446816
15,3302,0.270912
15,3308,0.388969
15,3314,0.372462
15,3336,0.388129
15,3383,0.377618
15,3384,0.435908
15,3402,0.344865
15,3437,0.329843
15,3439,0.400873
15,3463,0.398966
15,3502,0.330917
15,3525,0.335619
15,3560,0.226161
15,3711,0.323144
15,3924,0.352166
15,3933,0.370149
15,3953,0.326454
15,3970,0.334008
15,3986,0.355903
15,3992,0.258726
15,4080,0.297926
15,4096,0.224495
15,4152,0.373192
15,4300,0.327372
15,4472,0.355692
15,4535,0.368887
15,4592,0.35927
15,4671,0.348267
15,4680,0.215863
15,4718,0.295639
15,4758,0.355299
15,4942,0.336932
15,5100,0.378193
15,5115,0.386885
15,5450,0.352185
15,5504,0.308223
15,5509,0.401413
15,5612,0.303529
15,5719,0.340144
15,5728,0.439475
15,5731,0.408695
15,5737,0.236632
15,5765,0.304365
15,5928,0.394196
15,5979,0.313785
15,5988,0.353381
15,6008,0.296802
15,6098,0.342152
15,6105,0.370531
15,6135,0.316762
15,6169,0.341237
16,47,0.401937
16,58,0.314662
16,60,0.231005
16,74,0.366707
16,87,0.269091
16,205,0.351881
16,223,0.306329
16,253,0.36221
16,254,0.374111
16,276,0.450749
16,315,0.399789
16,326,0.349934
16,375,0.251504
16,432,0.318603
16,456,0.274726
16,489,0.380498
16,503,0.327593
16,520,0.353987
16,526,0.223784
16,531,0.277538
16,736,0.250775
16,759,0.352964
16,809,0.309432
16,868,0.349271
16,927,0.239839
16,947,0.282784
16,1017,0.384592
16,1026,0.265911
16,1036,0.409238
16,1037,0.243465
16,1131,0.364597
16,1155,0.367453
16,1162,0.236635
16,1203,0.316121
16,1221,0.321974
16,1279,0.357695
16,1318,0.337856
16,1353,0.389247
16,1397,0.332319
16,1463,0.398441
16,1464,0.407217
16,1485,0.311374
16,1695,0.396568
16,1736,0.408322
16,1737,0.24746
16,1774,0.255733
16,1801,0.356032
16,1876,0.43587
16,2089,0.326843
16,2135,0.332172
16,2224,0.367144
16,2228,0.36899
16,2250,0.311821
16,2289,0.364714
16,2358,0.346146
16,2366,0.322294
16,2404,0.355271
16,2430,0.261834
16,2439,0.437276
16,2488,0.297393
16,2532,0.332908
16,2667,0.249614
16,2673,0.27831
16,2680,0.353764
16,2717,0.344982
16,2751,0.309682
16,2794,0.247868
16,2830,0.297787
16,2873,0.295015
16,2889,0.313167
16,2915,0.316744
16,2918,0.261233
16,2931,0.229244
16,3074,0.316322
16,3128,0.275487
16,3161,0.34943
16,3209,0.304848
16,3212,0.376467
16,3249,0.335735
16,3273,0.366846
16,3278,0.296756
16,3288,0.319061
16,3302,0.469613
16,3339,0.421823
16,3396,0.323907
16,3404,0.312233
16,3405,0.31018
16,3436,0.304327
16,3457,0.260866
16,3496,0.297577
16,3575,0.345475
16,3596,0.342619
16,3616,0.318943
16,3620,0.310034
16,3632,0.28803
16,3739,0.33518
16,3749,0.364166
16,3761,0.360741
16,3818,0.2963
16,3881,0.343193
16,3908,0.411701
16,3974,0.357583
16,4085,0.381731
16,4190,0.261631
16,4203,0.32747
16,4283,0.320934
16,4304,0.300928
16,4395,0.340171
16,4399,0.315134
16,4477,0.230075
16,4502,0.210713
16,4617,0.343162
16,4704,0.306004
16,4799,0.342178
16,4853,0.289167
16,4890,0.239258
16,4925,0.377104
16,4992,0.349379
16,5005,0.306701
16,5037,0.308339
16,5044,0.306596
16,5070,0.2953
16,5096,0.310675
16,5142,0.281962
16,5143,0.377975
16,5230,0.333144
16,5330,0.321172
16,5331,0.324158
16,5375,0.366738
16,5423,0.348334
16,5448,0.339217
16,5485,0.392538
16,5533,0.418846
16,5546,0.259263
16,5623,0.431755
16,5642,0.334464
16,5702,0.359014
16,5724,0.371116
16,5751,0.375508
16,5752,0.455609
16,5778,0.380258
16,5861,0.35517
16,5929,0.262837
16,6048,0.392059
16,6134,0.352185
17,134,0.227332
17,204,0.287709
17,272,0.281718
17,327,0.387426
17,333,0.294049
17,339,0.244256
17,373,0.253853
17,383,0.28895
17,453,0.347634
17,496,0.278754
17,505,0.333509
17,568,0.33258
17,641,0.351418
17,647,0.340273
17,714,0.323687
17,986,0.364208
17,999,0.399809
17,1021,0.373968
17,1068,0.287117
17,1125,0.376385
17,1133,0.261462
17,1220,0.389332
17,1276,0.224395
17,1316,0.373822
17,1327,0.359908
17,1333,0.377252
17,1349,0.304914
17,1383,0.41434
17,1441,0.342429
17,1466,0.301248
17,1650,0.225608
17,1658,0.366156
17,1742,0.3462
17,1770,0.406478
17,1798,0.349005
17,1862,0.302607
17,1963,0.357077
17,1989,0.256938
17,2019,0.373795
17,2028,0.327374
17,2056,0.428223
17,2102,0.361315
17,2107,0.280621
17,2195,0.346665
17,2210,0.359168
17,2276,0.336467
17,2323,0.216056
17,2387,0.398581
17,2609,0.283696
17,2630,0.33018
17,2656,0.307583
17,2732,0.311805
17,2747,0.341992
17,2753,0.379144
17,2809,0.287556
17,2860,0.337052
17,2885,0.413754
17,2896,0.323892
17,2972,0.364338
17,2991,0.255259
17,3009,0.279384
17,3026,0.355499
17,3034,0.370988
17,3037,0.340963
17,3101,0.303477
17,3108,0.302935
17,3126,0.313526
17,3132,0.383175
17,3150,0.317607
17,3189,0.418196
17,3265,0.330566
17,3325,0.324568
17,3450,0.394722
17,3462,0.368751
17,3657,0.297912
17,3700,0.348592
17,3742,0.411852
17,3806,0.304548
17,3832,0.313519
17,3859,0.376725
17,3966,0.349997
17,3979,0.288696
17,3986,0.395947
17,3987,0.35571
17,4047,0.311366
17,4065,0.313749
17,4131,0.344963
17,4133,0.454884
17,4148,0.372362
17,4185,0.313969
17,4191,0.264662
17,4393,0.343838
17,4497,0.409146
17,4510,0.372319
17,4621,0.311553
17,4622,0.283846
17,4629,0.319448
17,4666,0.305475
17,4680,0.275079
17,4730,0.321688
17,4755,0.391223
17,4772,0.467072
17,4825,0.285935
17,4860,0.368092
17,4935,0.312906
17,4952,0.384382
17,4964,0.359645
17,5011,0.268982
17,5021,0.316163
17,5075,0.410115
17,5090,0.477095
17,5093,0.379582
17,5126,0.347546
17,5142,0.434429
17,5153,0.219933
17,5160,0.387348
17,5180,0.338455
17,5279,0.294616
17,5311,0.229011
17,5360,0.335141
17,5383,0.404183
17,5653,0.310899
17,5682,0.367364
17,5738,0.394887
17,5766,0.29351
17,5776,0.28953
17,5785,0.40958
17,5793,0.407441
17,5802,0.293762
17,5818,0.373887
17,5838,0.410267
17,5850,0.431637
17,5852,0.410078
17,5854,0.335768
17,5968,0.407632
17,5971,0.397006
17,6073,0.298829
17,6110,0.332258
17,6156,0.28511
17,6176,0.371146
17,6177,0.312626
18,61,0.31203
18,112,0.260129
18,167,0.316963
18,204,0.184309
18,219,0.399252
18,243,0.299129
18,325,0.320758
18,421,0.280242
18,446,0.295451
18,460,0.29175
18,505,0.246861
18,612,0.293648
18,644,0.410847
18,678,0.287187
18,738,0.357648
18,855,0.37645
18,860,0.196377
18,1016,0.393149
18,1046,0.316586
18,1111,0.312031
18,1141,0.36542
18,1258,0.332273
18,1289,0.315238
18,1315,0.301982
18,1329,0.346998
18,1381,0.306629
18,1445,0.273413
18,1461,0.326944
18,1464,0.372757
18,1534,0.303575
18,1576,0.435149
18,1627,0.285181
18,1696,0.318831
18,1702,0.341258
18,1712,0.251692
18,1739,0.3781
18,1770,0.296516
18,1825,0.318678
18,1852,0.349127
18,1889,0.390767
18,2062,0.330374
18,2072,0.439925
18,2112,0.332091
18,2120,0.341581
18,2202,0.271101
18,2214,0.309134
18,2215,0.21891
18,2223,0.325683
18,2224,0.337479
18,2227,0.23138
18,2270,0.34548
18,2388,0.275366
18,2422,0.311737
18,2436,0.323032
18,2445,0.276691
18,2490,0.237008
18,2497,0.369643
18,2504,0.357314
18,2519,0.254735
18,2535,0.371683
18,2539,0.334389
18,2540,0.348978
18,2570,0.302682
18,2604,0.311587
18,2612,0.398554
18,2623,0.433409
18,2627,0.346236
18,2744,0.205335
18,2863,0.271928
18,2876,0.374939
18,2913,0.417383
18,2939,0.282329
18,2958,0.306874
18,2989,0.278753
18,3180,0.244518
18,3184,0.419223
18,3213,0.461751
18,3238,0.359563
18,3264,0.303107
18,3343,0.37207
18,3368,0.356721
18,3432,0.305227
18,3457,0.314276
18,3465,0.349758
18,3475,0.301368
18,3529,0.334324
18,3545,0.353392
18,3548,0.384668
18,3590,0.423583
18,3662,0.355653
18,3666,0.362728
18,3670,0.258694
18,3766,0.372323
18,3834,0.390695
18,3873,0.277372
18,3904,0.328064
18,3933,0.323507
18,3939,0.260725
18,3968,0.338725
18,3971,0.337263
18,3974,0.209713
18,4076,0.396965
18,4125,0.284024
18,4130,0.257663
18,4205,0.273502
18,4331,0.289282
18,4370,0.306181
18,4422,0.413356
18,4426,0.356157
18,4498,0.397225
18,4536,0.269115
18,4591,0.314187
18,4599,0.30314
18,4625,0.383444
18,4630,0.273924
18,4683,0.39977
18,4756,0.381666
18,4764,0.377043
18,4916,0.249215
18,5036,0.378253
18,5064,0.476903
18,5133,0.297821
18,5210,0.379763
18,5213,0.347837
18,5237,0.339084
18,5305,0.428718
18,5370,0.335192
18,5429,0.34308
18,5547,0.384401
18,5579,0.227234
18,5588,0.358155
18,5607,0.354692
18,5692,0.348301
18,5722,0.283459
18,5732,0.230212
18,5789,0.304392
18,5818,0.326109
18,5877,0.278511
18,5881,0.3532
18,5975,0.303364
18,6049,0.31263
18,6052,0.298687
18,6073,0.362477
18,6134,0.267203
18,6177,0.45603
18,6187,0.295359
19,14,0.20529
19,69,0.225449
19,152,0.344243
19,177,0.312735
19,215,0.343496
19,216,0.2578
19,227,0.288935
19,236,0.28257
19,253,0.280265
19,264,0.343158
19,307,0.365218
19,326,0.28426
19,356,0.371717
19,386,0.271663
19,395,0.356607
19,479,0.38084
19,527,0.294396
19,530,0.236271
19,616,0.32554
19,636,0.361518
19,677,0.240783
19,719,0.26191
19,781,0.345112
19,837,0.318672
19,902,0.356618
19,954,0.357247
19,970,0.298901
19,985,0.274576
19,989,0.328317
19,1037,0.278457
19,1258,0.396674
19,1344,0.333289
19,1368,0.382677
19,1374,0.209534
19,1393,0.345807
19,1394,0.35251
19,1529,0.241952
19,1615,0.277809
19,1646,0.331118
19,1670,0.333547
19,1698,0.31284
19,1790,0.251432
19,1853,0.251926
19,1867,0.178016
19,1934,0.421907
19,2083,0.253454
19,2159,0.274493
19,2214,0.347424
19,2219,0.319344
19,2251,0.264875
19,2470,0.306766
19,2604,0.341172
19,2625,0.28113
19,2762,0.282576
19,2802,0.46578
19,2809,0.446409
19,2813,0.339053
19,2846,0.277028
19,2869,0.37048
19,2956,0.326483
19,3112,0.316201
19,3150,0.336875
19,3237,0.307987
19,3239,0.382295
19,3242,0.355092
19,3290,0.246887
19,3302,0.371868
19,3316,0.287887
19,3337,0.353009
19,3369,0.448962
19,3400,0.417252
19,3419,0.301744
19,3459,0.340858
19,3558,0.360047
19,3641,0.402129
19,3768,0.342788
19,3793,0.322841
19,3822,0.239741
19,3826,0.352933
19,3833,0.38264
19,3840,0.249302
19,3858,0.337621
19,3860,0.372894
19,3879,0.236415
19,3887,0.409288
19,4000,0.256095
19,4014,0.356218
19,4019,0.260452
19,4059,0.247547
19,4061,0.414795
19,4100,0.286015
19,4218,0.288352
19,4237,0.30964
19,4289,0.381912
19,4349,0.327019
19,4351,0.260312
19,4387,0.359239
19,4403,0.299604
19,4413,0.384327
19,4482,0.193083
19,4484,0.376416
19,4505,0.43263
19,4506,0.331686
19,4576,0.254921
19,4616,0.325319
19,4632,0.335533
19,4640,0.383868
19,4695,0.228
19,4729,0.284715
19,4870,0.327163
19,4889,0.290855
19,4982,0.357791
19,5015,0.299466
19,5055,0.29232
19,5063,0.301286
19,5106,0.226257
19,5135,0.238115
19,5203,0.270331
19,5326,0.459619
19,5371,0.37892
19,5377,0.331688
19,5410,0.357797
19,5446,0.304321
19,5462,0.351451
19,5506,0.288522
19,5665,0.386147
19,5711,0.332863
19,5813,0.350293
19,5840,0.316448
19,5875,0.297668
19,5905,0.254349
19,5923,0.389334
19,5932,0.398887
19,6151,0.401134
19,6175,0.398008
20,30,0.297293
20,53,0.401313
20,75,0.263518
20,148,0.419532
20,149,0.2535
20,160,0.357153
20,220,0.194449
20,289,0.260446
20,350,0.34724
20,353,0.321855
20,354,0.339195
20,376,0.408495
20,404,0.322824
20,426,0.327772
20,558,0.371513
20,619,0.369826
20,662,0.259813
20,735,0.262925
20,785,0.393269
20,814,0.384202
20,979,0.292367
20,1024,0.281625
20,1102,0.290956
20,1122,0.333219
20,1177,0.363657
20,1290,0.284893
20,1294,0.382716
20,1319,0.470296
20,1363,0.386956
20,1407,0.367874
20,1475,0.327063
20,1527,0.271791
20,1543,0.285672
20,1680,0.346208
20,1741,0.346064
20,1767,0.234256
20,1770,0.2793
20,1786,0.322474
20,1801,0.338597
20,1875,0.188886
20,1966,0.363883
20,2063,0.285443
20,2106,0.375041
20,2129,0.301901
20,2207,0.433496
20,2211,0.337425
20,2271,0.293034
20,2435,0.261406
20,2490,0.376438
20,2504,0.312858
20,2539,0.345955
20,2563,0.26916
20,2598,0.327158
20,2626,0.242083
20,2684,0.393116
20,2686,0.284018
20,2772,0.384614
20,2790,0.274112
20,2812,0.338193
20,2886,0.317971
20,2961,0.35377
20,2993,0.348427
20,3067,0.236495
20,3102,0.360232
20,3142,0.380899
20,3162,0.274352
20,3171,0.231142
20,3174,0.203303
20,3194,0.359322
20,3249,0.320513
20,3262,0.325888
20,3284,0.251205
20,3287,0.264871
20,3292,0.354334
20,3315,0.400962
20,3377,0.415694
20,3458,0.298759
20,3521,0.22215
20,3555,0.361214
20,3648,0.292969
20,3668,0.49243
20,3677,0.289509
20,3697,0.248727
20,3760,0.399646
20,3780,0.258183
20,3895,0.344494
20,3916,0.284737
20,4024,0.257782
20,4059,0.334132
20,4157,0.275396
20,4174,0.326624
20,4178,0.263348
20,4184,0.392141
20,4199,0.384781
20,4284,0.204166
20,4398,0.31752
20,4474,0.218352
20,4587,0.324389
20,4653,0.371441
20,4705,0.258022
20,4758,0.341714
20,4883,0.331107
20,4889,0.375056
20,4927,0.318807
20,4978,0.342119
20,5023,0.318099
20,5102,0.317827
20,5174,0.190128
20,5304,0.31537
20,5321,0.41879
20,5338,0.32954
20,5500,0.230667
20,5544,0.331311
20,5589,0.377726
20,5613,0.291597
20,5655,0.372527
20,5658,0.380909
20,5659,0.273196
20,5694,0.41856
20,5755,0.215847
20,5772,0.33537
20,5843,0.320535
20,5902,0.351697
20,5923,0.391683
20,5956,0.24024
20,5957,0.325044
20,6042,0.333182
20,6111,0.236679
20,6115,0.321389
20,6146,0.320355
21,13,0.238179
21,49,0.203335
21,91,0.364759
21,122,0.301068
21,151,0.339072
21,203,0.20816
21,204,0.366941
21,209,0.308875
21,297,0.388765
21,362,0.250213
21,410,0.328606
21,455,0.271817
21,463,0.459297
21,465,0.322077
21,508,0.312841
21,533,0.239239
21,619,0.284412
21,677,0.324966
21,678,0.312789
21,716,0.291548
21,756,0.359322
21,792,0.26065
21,864,0.372912
21,870,0.297789
21,872,0.220177
21,888,0.305977
21,907,0.382163
21,909,0.325638
21,1095,0.279827
21,1142,0.207474
21,1166,0.358973
21,1185,0.172627
21,1218,0.256155
21,1276,0.337418
21,1289,0.269041
21,1366,0.328836
21,1368,0.43462
21,1458,0.321639
21,1476,0.29509
21,1517,0.299227
21,1560,0.398197
21,1597,0.329077
21,1695,0.24606
21,1702,0.276166
21,1706,0.352644
21,1741,0.272461
21,1753,0.264891
21,1755,0.374764
21,1761,0.339645
21,1762,0.381507
21,1763,0.390726
21,1795,0.27371
21,1869,0.314788
21,2037,0.279791
21,2039,0.243994
21,2096,0.350481
21,2101,0.441803
21,2109,0.300533
21,2172,0.340549
21,2190,0.327441
21,2204,0.313575
21,2234,0.30355
21,2274,0.268068
21,2292,0.275539
21,2302,0.329859
21,2326,0.377149
21,2329,0.252013
21,2378,0.333097
21,2398,0.297175
21,2407,0.282549
21,2452,0.328911
21,2466,0.241316
21,2490,0.226874
21,2527,0.438406
21,2534,0.283263
21,2542,0.315363
21,2594,0.351148
21,2629,0.379855
21,2637,0.267904
21,2639,0.207738
21,2684,0.208104
21,2729,0.32763
21,2749,0.346636
21,2905,0.282291
21,2911,0.38152
21,2940,0.344644
21,2948,0.246334
21,2963,0.216982
21,3020,0.205543
21,3098,0.346912
21,3231,0.356539
21,3262,0.307493
21,3298,0.371943
21,3419,0.290852
21,3484,0.279605
21,3524,0.293929
21,3528,0.400443
21,3549,0.404168
21,3553,0.339267
21,3568,0.277365
21,3571,0.245279
21,3651,0.257807
21,3736,0.318826
21,3808,0.31194
21,3833,0.234217
21,3857,0.337689
21,3859,0.273319
21,3911,0.251403
21,3934,0.310758
21,3942,0.27512
21,3945,0.260359
21,4029,0.270833
21,4041,0.387115
21,4087,0.253729
21,4100,0.326855
21,4141,0.290462
21,4160,0.334572
21,4178,0.265103
21,4180,0.230957
21,4196,0.230626
21,4202,0.365128
21,4224,0.277879
21,4265,0.377725
21,4277,0.350083
21,4315,0.277908
21,4347,0.325285
21,4364,0.37097
21,4384,0.301426
21,4388,0.423193
21,4428,0.357625
21,4445,0.251432
21,4461,0.374271
21,4522,0.237926
21,4599,0.21442
21,4668,0.29394
21,4728,0.279825
21,4731,0.287312
21,4751,0.387841
21,4834,0.314476
21,4999,0.300694
21,5000,0.365779
21,5002,0.312985
21,5123,0.398264
21,5189,0.427655
21,5239,0.332497
21,5339,0.32802
21,5360,0.359735
21,5444,0.298254
21,5502,0.257553
21,5534,0.352483
21,5560,0.294874
21,5654,0.342923
21,5668,0.298867
21,5687,0.32361
21,5696,0.331166
21,5721,0.203595
21,5814,0.372105
21,5823,0.330816
21,5827,0.272909
21,5922,0.235634
21,6000,0.312185
21,6008,0.262429
21,6013,0.326952
21,6016,0.352467
21,6031,0.400793
21,6032,0.27084
21,6085,0.320254
21,6095,0.221141
21,6142,0.30891
22,30,0.252982
22,41,0.264684
22,132,0.256779
22,175,0.440604
22,291,0.219947
22,338,0.304195
22,340,0.218939
22,357,0.294361
22,380,0.21874
22,432,0.420577
22,486,0.248375
22,493,0.322303
22,502,0.185453
22,554,0.434868
22,607,0.281908
22,708,0.35709
22,794,0.261118
22,865,0.272913
22,897,0.325056
22,1010,0.317202
22,1152,0.279032
22,1226,0.324959
22,1227,0.357203
22,1279,0.261446
22,1315,0.187149
22,1334,0.253229
22,1336,0.372373
22,1381,0.243216
22,1421,0.332708
22,1453,0.472577
22,1479,0.30654
22,1495,0.338813
22,1523,0.403764
22,1549,0.315684
22,1737,0.290722
22,1765,0.263009
22,1812,0.190841
22,1900,0.249794
22,1904,0.290479
22,1907,0.306968
22,1920,0.335355
22,1958,0.368323
22,1982,0.298347
22,2032,0.344611
22,2062,0.426004
22,2068,0.372673
22,2091,0.261407
22,2161,0.296122
22,2163,0.32042
22,2169,0.309188
22,2250,0.392628
22,2287,0.284005
22,2305,0.313796
22,2322,0.345676
22,2384,0.350622
22,2399,0.38021
22,2431,0.34892
22,2482,0.419237
22,2503,0.382983
22,2539,0.210381
22,2558,0.253253
22,2568,0.330197
22,2577,0.236165
22,2602,0.197249
22,2603,0.283447
22,2633,0.402495
22,2673,0.363772
22,2714,0.320385
22,2735,0.393238
22,2747,0.284286
22,2761,0.361734
22,2812,0.307662
22,2895,0.288497
22,2916,0.336887
22,2926,0.206459
22,2928,0.252186
22,2957,0.260606
22,2991,0.277252
22,3196,0.3073
22,3238,0.400493
22,3243,0.352934
22,3267,0.326398
22,3310,0.413257
22,3322,0.222746
22,3332,0.297148
22,3344,0.298824
22,3351,0.269394
22,3498,0.276526
22,3527,0.297547
22,3665,0.300979
22,3669,0.33148
22,3672,0.296683
22,3698,0.36876
22,3736,0.276909
22,3760,0.325314
22,3781,0.208335
22,3785,0.256504
22,3824,0.301274
22,3837,0.347416
22,3885,0.286628
22,3909,0.312245
22,3964,0.365773
22,4013,0.197543
22,4018,0.286398
22,4047,0.297846
22,4053,0.300049
22,4136,0.355139
22,4191,0.346797
22,4201,0.258358
22,4254,0.280756
22,4366,0.33338
22,4367,0.350156
22,4388,0.316378
22,4406,0.369634
22,4438,0.433451
22,4623,0.324279
22,4673,0.278265
22,4742,0.30821
22,4765,0.359992
22,4865,0.258686
22,4872,0.267423
22,4877,0.390817
22,4879,0.274143
22,4895,0.309856
22,4897,0.230324
22,5010,0.347048
22,5021,0.320178
22,5030,0.327864
22,5038,0.309425
22,5124,0.263558
22,5129,0.246919
22,5139,0.311069
22,5147,0.234527
22,5185,0.265305
22,5207,0.258752
22,5313,0.317984
22,5407,0.331336
22,5432,0.253916
22,5436,0.237202
22,5454,0.28575
22,5456,0.328734
22,5525,0.273332
22,5553,0.310748
22,5555,0.437096
22,5619,0.283003
22,5689,0.310709
22,5723,0.272447
22,5728,0.33517
22,5756,0.264899
22,5849,0.318285
22,5914,0.352931
22,5930,0.323542
22,5973,0.372715
22,6037,0.379499
22,6108,0.251729
22,6139,0.322758
22,6154,0.323571
22,6158,0.332464
23,92,0.22468
23,111,0.268665
23,235,0.894759
23,245,0.37624
23,385,0.324144
23,449,0.39188
23,534,0.329658
23,555,0.302504
23,558,0.284019
23,589,0.360756
23,663,0.213822
23,678,0.375048
23,726,0.271537
23,732,0.241394
23,733,0.213282
23,736,0.231452
23,750,0.33682
23,773,0.219883
23,843,0.316024
23,972,0.422234
23,1073,0.394379
23,1117,0.146702
23,1120,0.326236
23,1176,0.272252
23,1215,0.235633
23,1268,0.348973
23,1284,0.30648
23,1299,0.354412
23,1308,0.20324
23,1327,0.241474
23,1382,0.273393
23,1432,0.230908
23,1483,0.216721
23,1655,0.260405
23,1658,0.341415
23,1663,0.242055
23,1675,0.350597
23,1773,0.237927
23,1775,0.377749
23,1870,0.201417
23,1938,0.274606
23,1974,0.249212
23,1990,0.311402
23,2008,0.363476
23,2037,0.34588
23,2054,0.267758
23,2137,0.325302
23,2237,0.335649
23,2329,0.311072
23,2558,0.28853
23,2685,0.323814
23,2696,0.28795
23,2769,0.265091
23,2771,0.390325
23,2863,0.333832
23,2873,0.268363
23,2887,0.31244
23,2944,0.30877
23,2971,0.227939
23,2990,0.343649
23,3016,0.298922
23,3035,0.302105
23,3215,0.374267
23,3248,0.275233
23,3289,0.3245
23,3304,0.381792
23,3310,0.230978
23,3383,0.29368
23,3438,0.349416
23,3472,0.304934
23,3488,0.317885
23,3501,0.345222
23,3530,0.264714
23,3547,0.265512
23,3571,0.355446
23,3673,0.296255
23,3707,0.337693
23,3720,0.279413
23,3743,0.314321
23,3801,0.247056
23,3901,0.374429
23,3909,0.356147
23,3918,0.323414
23,3975,0.3241
23,4060,0.169653
23,4105,0.394567
23,4109,0.305146
23,4211,0.342024
23,4255,0.370237
23,4260,0.419589
23,4377,0.253618
23,4419,0.327591
23,4426,0.316406
23,4435,0.314311
23,4439,0.281122
23,4447,0.26673
23,4484,0.262659
23,4534,0.241397
23,4544,0.276257
23,4676,0.309055
23,4737,0.321454
23,4781,0.362492
23,4804,0.246594
23,4818,0.226312
23,4823,0.274768
23,4849,0.387326
23,4898,0.282064
23,5003,0.260011
23,5069,0.386501
23,5302,0.277198
23,5331,0.425829
23,5352,0.405712
23,5401,0.327142
23,5439,0.292617
23,5450,0.316981
23,5466,0.431036
23,5555,0.32805
23,5627,0.183952
23,5693,0.268275
23,5792,0.354514
23,5795,0.277795
23,5825,0.247452
23,5830,0.307693
23,5853,0.375729
23,5927,0.250482
23,5956,0.286422
23,5982,0.30732
23,5984,0.387698
23,6030,0.309689
23,6040,0.24738
23,6082,0.333891
23,6096,0.375237
24,5,0.284154
24,78,0.228934
24,80,0.332391
24,156,0.283983
24,233,0.365485
24,267,0.350471
24,269,0.261341
24,329,0.210345
24,347,0.244961
24,435,0.25607
24,472,0.221131
24,572,0.329469
24,578,0.28064
24,604,0.326926
24,635,0.418422
24,640,0.313973
24,717,0.339414
24,725,0.261471
24,736,0.295066
24,766,0.214287
24,783,0.352504
24,784,0.374008
24,789,0.379572
24,875,0.349128
24,1028,0.368843
24,1048,0.428358
24,1072,0.261958
24,1087,0.303621
24,1110,0.314515
24,1133,0.231165
24,1151,0.282019
24,1255,0.227841
24,1282,0.302409
24,1298,0.315898
24,1302,0.279537
24,1362,0.349599
24,1396,0.241236
24,1440,0.299623
24,1458,0.30684
24,1483,0.314566
24,1600,0.342706
24,1619,0.23584
24,1715,0.241154
24,1775,0.219988
24,1800,0.234108
24,1813,0.305745
24,1864,0.374428
24,1866,0.219763
24,1886,0.248749
24,1963,0.188036
24,2001,0.325194
24,2122,0.284044
24,2250,0.2509
24,2253,0.273335
24,2313,0.309776
24,2359,0.321752
24,2361,0.326207
24,2366,0.28262
24,2414,0.266476
24,2437,0.313723
24,2444,0.345312
24,2456,0.239819
24,2465,0.400731
24,2743,0.238683
24,2840,0.291048
24,2959,0.252441
24,2979,0.308941
24,3025,0.224654
24,3076,0.297201
24,3093,0.374372
24,3139,0.294608
24,3275,0.202348
24,3299,0.289539
24,3324,0.272467
24,3372,0.402024
24,3464,0.359588
24,3502,0.337277
24,3536,0.347803
24,3572,0.32521
24,3582,0.324214
24,3605,0.261568
24,3897,0.344031
24,3900,0.320099
24,3978,0.247776
24,4005,0.262668
24,4079,0.319809
24,4105,0.418347
24,4152,0.253232
24,4191,0.283936
24,4255,0.469848
24,4306,0.298428
24,4328,0.295322
24,4333,0.287461
24,4351,0.294532
24,4501,0.427976
24,4521,0.314469
24,4557,0.334072
24,4742,0.227492
24,4751,0.354242
24,4773,0.385532
24,4803,0.288089
24,4821,0.325431
24,4829,0.32189
24,4925,0.310062
24,4965,0.220827
24,4982,0.259448
24,4983,0.261895
24,5083,0.382462
24,5088,0.269217
24,5128,0.206721
24,5183,0.394297
24,5277,0.298015
24,5314,0.385622
24,5342,0.211534
24,5352,0.351358
24,5377,0.204656
24,5402,0.270674
24,5479,0.378621
24,5492,0.268547
24,5526,0.383603
24,5534,0.27964
24,5616,0.275269
24,5638,0.273229
24,5640,0.275264
24,5689,0.253512
24,5747,0.283761
24,5751,0.396232
24,5759,0.443159
24,5806,0.285256
24,5846,0.335355
24,5905,0.285842
24,5924,0.455501
24,6008,0.347456
24,6032,0.227643
24,6079,0.346328
24,6165,0.298568
24,6174,0.27585
25,63,0.259163
25,155,0.320089
25,175,0.285047
25,241,0.300055
25,255,0.299931
25,280,0.250501
25,295,0.347879
25,330,0.484607
25,403,0.259537
25,407,0.2783
25,472,0.373839
25,485,0.252652
25,508,0.203584
25,553,0.248997
25,582,0.345986
25,608,0.308644
25,720,0.397719
25,739,0.350833
25,793,0.305236
25,863,0.272284
25,868,0.23204
25,943,0.261499
25,987,0.258215
25,1007,0.297922
25,1075,0.34954
25,1132,0.304539
25,1161,0.358325
25,1197,0.343192
25,1274,0.24914
25,1411,0.289283
25,1442,0.320031
25,1496,0.302299
25,1549,0.224212
25,1551,0.228242
25,1552,0.239832
25,1559,0.251222
25,1578,0.241723
25,1655,0.420104
25,1706,0.367198
25,1727,0.298776
25,1732,0.229691
25,1767,0.289442
25,1771,0.243423
25,1868,0.246516
25,1973,0.347647
25,2012,0.244114
25,2018,0.291512
25,2019,0.220279
25,2027,0.316178
25,2036,0.357877
25,2039,0.361948
25,2048,0.341939
25,2052,0.27866
25,2070,0.245559
25,2088,0.27798
25,2298,0.286568
25,2331,0.329651
25,2353,0.323724
25,2370,0.33017
25,2375,0.206185
25,2452,0.259148
25,2461,0.245432
25,2482,0.318338
25,2550,0.318924
25,2635,0.245141
25,2707,0.300999
25,2765,0.182432
25,2768,0.314405
25,2786,0.30029
25,2825,0.330951
25,2882,0.203926
25,2900,0.243449
25,2939,0.253194
25,3171,0.22887
25,3181,0.355829
25,3198,0.321056
25,3218,0.242024
25,3267,0.25775
25,3272,0.364237
25,3314,0.300988
25,3418,0.320371
25,3428,0.258519
25,3461,0.32874
25,3477,0.263608
25,3554,0.272346
25,3617,0.359932
25,3645,0.216837
25,3688,0.312478
25,3779,0.191071
25,3785,0.211447
25,3792,0.320568
25,3945,0.332267
25,3955,0.275934
25,3998,0.24793
25,4048,0.341001
25,4056,0.321663
25,4071,0.242208
25,4139,0.264116
25,4158,0.257995
25,4182,0.372218
25,4190,0.386611
25,4272,0.372386
25,4278,0.337234
25,4404,0.25125
25,4419,0.346115
25,4461,0.249687
25,4491,0.301406
25,4521,0.309277
25,4567,0.340598
25,4571,0.280096
25,4651,0.268878
25,4657,0.314488
25,4666,0.306178
25,4678,0.316382
25,4806,0.280239
25,4813,0.31301
25,4827,0.224833
25,4858,0.317314
25,4910,0.244589
25,4935,0.301425
25,4942,0.285824
25,5182,0.286687
25,5219,0.250607
25,5245,0.258506
25,5269,0.338526
25,5299,0.331762
25,5378,0.291575
25,5383,0.338645
25,5407,0.427932
25,5459,0.322482
25,5471,0.273507
25,5491,0.354809
25,5515,0.243744
25,5520,0.280344
25,5548,0.343843
25,5568,0.329341
25,5575,0.266696
25,5610,0.318145
25,5693,0.363035
25,5704,0.343374
25,5716,0.331226
25,5785,0.220382
25,5825,0.36617
25,5834,0.36358
25,5885,0.324002
25,5968,0.264124
25,6052,0.216559
25,6084,0.286515
25,6092,0.34844
25,6099,0.30123
25,6179,0.249394
26,54,0.208002
26,117,0.170384
26,190,0.273756
26,212,0.306622
26,240,0.204638
26,263,0.336383
26,310,0.365865
26,312,0.336739
26,324,0.262098
26,345,0.299773
26,357,0.353011
26,358,0.312474
26,417,0.310855
26,448,0.341926
26,552,0.297307
26,556,0.241591
26,625,0.432024
26,627,0.326236
26,744,0.29416
26,746,0.258468
26,782,0.273563
26,804,0.212113
26,814,0.223887
26,843,0.233481
26,846,0.285341
26,847,0.34614
26,858,0.293942
26,872,0.368007
26,934,0.296233
26,973,0.282744
26,982,0.304229
26,988,0.31738
26,1016,0.320644
26,1029,0.40384
26,1067,0.210195
26,1100,0.305043
26,1154,0.190261
26,1167,0.256491
26,1176,0.280728
26,1177,0.31572
26,1193,0.299417
26,1204,0.211826
26,1339,0.311968
26,1384,0.369977
26,1422,0.29815
26,1443,0.332213
26,1470,0.144449
26,1481,0.263521
26,1567,0.284025
26,1679,0.323132
26,1788,0.393262
26,1841,0.398721
26,1891,0.33485
26,1904,0.316957
26,1919,0.313075
26,2003,0.343137
26,2026,0.18656
26,2050,0.360109
26,2130,0.314025
26,2161,0.207018
26,2192,0.236898
26,2309,0.22419
26,2391,0.334552
26,2441,0.265024
26,2464,0.290463
26,2467,0.260901
26,2542,0.31979
26,2592,0.346073
26,2630,0.309652
26,2645,0.337648
26,2707,0.341254
26,2799,0.276046
26,2807,0.190772
26,2836,0.261351
26,2838,0.176022
26,2840,0.304799
26,2955,0.207377
26,3027,0.343907
26,3097,0.416791
26,3123,0.358285
26,3139,0.248122
26,3196,0.20547
26,3298,0.311337
26,3314,0.305585
26,3363,0.263349
26,3414,0.38622
26,3450,0.238198
26,3463,0.192688
26,3474,0.283987
26,3491,0.337439
26,3660,0.325231
26,3702,0.320489
26,3717,0.277984
26,3732,0.310054
26,3799,0.314246
26,3818,0.395446
26,3849,0.276277
26,3900,0.278744
26,3986,0.235212
26,4027,0.314335
26,4031,0.379876
26,4040,0.316418
26,4195,0.320691
26,4207,0.337451
26,4209,0.279479
26,4223,0.286427
26,4225,0.345491
26,4228,0.375018
26,4236,0.120648
26,4237,0.264609
26,4271,0.279867
26,4282,0.261296
26,4324,0.231127
26,4377,0.281491
26,4460,0.257838
26,4514,0.26509
26,4522,0.169594
26,4542,0.369998
26,4603,0.220724
26,4605,0.340802
26,4688,0.187562
26,4691,0.281358
26,4741,0.222331
26,4761,0.3192
26,4853,0.281898
26,4890,0.195232
26,4947,0.362396
26,5059,0.372028
26,5096,0.306681
26,5133,0.287899
26,5271,0.312071
26,5289,0.186401
26,5350,0.30888
26,5352,0.35964
26,5501,0.356372
26,5511,0.330514
26,5535,0.292967
26,5536,0.352467
26,5611,0.317628
26,5681,0.224911
26,5766,0.287697
26,5792,0.304759
26,5898,0.299336
26,5946,0.279393
26,5959,0.208883
26,5979,0.384186
26,6012,0.334182
26,6073,0.317062
26,6086,0.387365
26,6125,0.253566
26,6138,0.178667
26,6158,0.392553
27,134,0.318516
27,137,0.379804
27,142,0.282651
27,172,0.279072
27,189,0.3578
27,362,0.299522
27,430,0.312977
27,448,0.242609
27,470,0.286389
27,507,0.235217
27,515,0.313994
27,555,0.269221
27,610,0.278041
27,623,0.21609
27,718,0.411501
27,736,0.244319
27,801,0.272122
27,866,0.31534
27,883,0.216817
27,995,0.29203
27,1038,0.296894
27,1070,0.280441
27,1071,0.304607
27,1186,0.355506
27,1203,0.349347
27,1244,0.343112
27,1338,0.332599
27,1346,0.266279
27,1372,0.213887
27,1433,0.357071
27,1440,0.249118
27,1664,0.281399
27,1722,0.293236
27,1739,0.321803
27,1820,0.234955
27,1872,0.23679
27,1900,0.32208
27,2052,0.289354
27,2092,0.273237
27,2109,0.194091
27,2138,0.308458
27,2230,0.396585
27,2233,0.300238
27,2245,0.377087
27,2303,0.353196
27,2308,0.368428
27,2339,0.355651
27,2354,0.41586
27,2385,0.222936
27,2413,0.271358
27,2438,0.45502
27,2499,0.292449
27,2510,0.342751
27,2602,0.290648
27,2681,0.381731
27,2702,0.206473
27,2766,0.32997
27,2792,0.2322
27,2828,0.332493
27,3002,0.320457
27,3015,0.398772
27,3045,0.223967
27,3053,0.286152
27,3085,0.324841
27,3095,0.214289
27,3107,0.200057
27,3167,0.253334
27,3314,0.240169
27,3346,0.31452
27,3413,0.365795
27,3546,0.325226
27,3560,0.40604
27,3590,0.251723
27,3621,0.185429
27,3640,0.380224
27,3644,0.287356
27,3652,0.407645
27,3745,0.374228
27,3762,0.175615
27,3799,0.274767
27,3818,0.337468
27,3845,0.306056
27,3862,0.37542
27,3959,0.365133
27,4045,0.398941
27,4053,0.276905
27,4054,0.351623
27,4061,0.288516
27,4108,0.265807
27,4246,0.328819
27,4287,0.288001
27,4339,0.25632
27,4367,0.300281
27,4398,0.460245
27,4439,0.331703
27,4443,0.184625
27,4477,0.260328
27,4519,0.282118
27,4532,0.305236
27,4550,0.251154
27,4608,0.32319
27,4628,0.287348
27,4633,0.264326
27,4725,0.409799
27,4882,0.309646
27,4888,0.318827
27,5008,0.262413
27,5029,0.269352
27,5266,0.286014
27,5331,0.210937
27,5538,0.354786
27,5589,0.251836
27,5593,0.337408
27,5628,0.31644
27,5730,0.254566
27,5749,0.337299
27,5752,0.338133
27,5786,0.302091
27,5830,0.293851
27,5841,0.359415
27,5907,0.295916
27,5995,0.284822
27,5996,0.274693
27,6037,0.374117
27,6043,0.424625
27,6113,0.372193
27,6134,0.340121
27,6166,0.217714
28,19,0.291128
28,70,0.283923
28,161,0.334812
28,170,0.223579
28,372,0.325106
28,415,0.273352
28,419,0.322565
28,540,0.272194
28,551,0.186285
28,553,0.298404
28,696,0.321107
28,713,0.27716
28,736,0.291987
28,768,0.233621
28,772,0.241867
28,780,0.266669
28,789,0.361505
28,940,0.230701
28,988,0.31059
28,1087,0.299054
28,1245,0.254637
28,1263,0.208901
28,1269,0.264224
28,1313,0.270317
28,1325,0.27031
28,1334,0.270153
28,1350,0.3332
28,1414,0.399814
28,1474,0.20838
28,1548,0.31038
28,1593,0.233056
28,1618,0.335181
28,1638,0.25339
28,1645,0.291328
28,1650,0.29613
28,1680,0.315591
28,1688,0.434038
28,1696,0.323047
28,1746,0.234857
28,1868,0.372191
28,1914,0.36946
28,1946,0.279524
28,1952,0.336246
28,2022,0.306544
28,2111,0.348484
28,2122,0.330239
28,2312,0.183603
28,2343,0.294785
28,2394,0.272948
28,2398,0.303794
28,2479,0.361153
28,2551,0.331266
28,2571,0.278401
28,2615,0.301764
28,2627,0.37116
28,2701,0.318102
28,2783,0.246527
28,2831,0.22558
28,2866,0.240087
28,2892,0.277698
28,2963,0.314943
28,2973,0.261039
28,3018,0.368453
28,3021,0.32471
28,3037,0.271816
28,3053,0.258784
28,3084,0.221919
28,3101,0.317398
28,3129,0.293422
28,3157,0.226939
28,3220,0.329713
28,3239,0.379124
28,3299,0.322602
28,3687,0.422583
28,3767,0.28987
28,3825,0.200207
28,3847,0.299878
28,3898,0.275519
28,3945,0.347345
28,3973,0.36053
28,4007,0.272481
28,4061,0.338448
28,4163,0.2551
28,4173,0.309973
28,4192,0.322704
28,4512,0.297331
28,4514,0.327896
28,4553,0.290253
28,4558,0.274413
28,4698,0.301088
28,4701,0.240517
28,4724,0.227623
28,4767,0.284672
28,4770,0.398524
28,4772,0.309124
28,4839,0.392595
28,4883,0.324471
28,4932,0.263927
28,4963,0.327238
28,5027,0.229524
28,5100,0.284788
28,5128,0.275714
28,5144,0.309877
28,5148,0.423952
28,5153,0.377622
28,5252,0.237858
28,5257,0.333293
28,5336,0.344098
28,5455,0.301222
28,5528,0.456883
28,5647,0.310726
28,5658,0.350371
28,5665,0.293089
28,5721,0.261177
28,5820,0.337424
28,5829,0.352312
28,5978,0.295899
28,5985,0.224337
28,5991,0.430348
28,6024,0.366506
28,6045,0.265062
28,6106,0.27952
28,6153,0.400291
28,6170,0.323882
28,6187,0.178502
29,35,0.293938
29,96,0.221205
29,131,0.269575
29,186,0.278943
29,221,0.312104
29,233,0.235505
29,346,0.348245
29,347,0.354873
29,361,0.23126
29,418,0.27249
29,466,0.228009
29,577,0.33369
29,589,0.257852
29,601,0.199669
29,671,0.255724
29,697,0.27974
29,715,0.291672
29,765,0.270645
29,829,0.347025
29,855,0.337184
29,886,0.317388
29,890,0.371695
29,914,0.223085
29,948,0.266553
29,1026,0.36658
29,1037,0.316671
29,1132,0.229252
29,1151,0.29496
29,1152,0.225324
29,1208,0.359171
29,1240,0.372209
29,1318,0.248881
29,1339,0.353364
29,1355,0.257071
29,1417,0.324341
29,1427,0.336378
29,1460,0.338582
29,1662,0.348918
29,1684,0.250772
29,1729,0.293911
29,1794,0.420366
29,2081,0.24701
29,2094,0.235305
29,2229,0.324393
29,2312,0.268049
29,2335,0.214919
29,2361,0.226785
29,2387,0.272378
29,2440,0.220608
29,2477,0.315262
29,2545,0.28993
29,2573,0.316246
29,2602,0.193844
29,2603,0.361899
29,2604,0.265342
29,2691,0.31563
29,2724,0.287664
29,2819,0.324592
29,2829,0.293626
29,2893,0.358994
29,2920,0.249071
29,3036,0.347671
29,3041,0.373075
29,3091,0.36059
29,3134,0.276569
29,3253,0.312941
29,3290,0.211646
29,3381,0.244088
29,3413,0.377431
29,3672,0.240234
29,3737,0.305841
29,3756,0.335967
29,3803,0.346276
29,3807,0.237424
29,3833,0.307899
29,3860,0.350032
29,3891,0.324616
29,3933,0.377457
29,3960,0.223273
29,4007,0.233105
29,4029,0.294246
29,4055,0.326877
29,4068,0.272882
29,4118,0.29267
29,4120,0.342445
29,4123,0.215478
29,4193,0.293177
29,4278,0.295438
29,4292,0.32911
29,4332,0.325261
29,4363,0.233444
29,4369,0.292652
29,4394,0.287728
29,4450,0.320407
29,4515,0.367268
29,4551,0.256883
29,4582,0.294765
29,4674,0.42428
29,4707,0.311091
29,4728,0.294069
29,4750,0.19314
29,4765,0.223636
29,4834,0.283815
29,4970,0.397179
29,5031,0.260064
29,5041,0.309338
29,5074,0.210327
29,5121,0.237694
29,5208,0.306114
29,5215,0.299911
29,5222,0.355566
29,5252,0.250735
29,5260,0.301054
29,5361,0.308813
29,5425,0.319029
29,5517,0.292866
29,5563,0.251963
29,5565,0.318419
29,5572,0.206732
29,5642,0.301191
29,5682,0.318263
29,5715,0.329583
29,5789,0.342758
29,5803,0.374337
29,5891,0.387347
29,6002,0.317967
29,6010,0.34383
29,6025,0.301089
30,8,0.291577
30,61,0.376111
30,63,0.34843
30,100,0.224993
30,115,0.327997
30,140,0.268155
30,241,0.310638
30,261,0.325481
30,331,0.327203
30,348,0.262911
30,389,0.229382
30,395,0.178064
30,400,0.204453
30,458,0.256263
30,477,0.329829
30,499,0.333391
30,557,0.260588
30,575,0.241395
30,727,0.316597
30,762,0.261617
30,829,0.391446
30,834,0.225265
30,878,0.305131
30,1107,0.190815
30,1228,0.265481
30,1307,0.144495
30,1339,0.325828
30,1348,0.262525
30,1464,0.328686
30,1473,0.416609
30,1484,0.282262
30,1496,0.344784
30,1507,0.358047
30,1599,0.265913
30,1676,0.301463
30,1722,0.285216
30,1725,0.254343
30,1752,0.342844
30,1755,0.312276
30,1800,0.369722
30,1851,0.28651
30,1862,0.421306
30,1954,0.378596
30,1984,0.338104
30,2043,0.314007
30,2070,0.378943
30,2105,0.329498
30,2140,0.341469
30,2194,0.186618
30,2230,0.259553
30,2297,0.196628
30,2300,0.273655
30,2397,0.196338
30,2421,0.280521
30,2450,0.333158
30,2462,0.227594
30,2509,0.295472
30,2516,0.390027
30,2597,0.329088
30,2645,0.200909
30,2696,0.272708
30,2711,0.408586
30,2807,0.329152
30,2907,0.340979
30,2944,0.261636
30,2953,0.177046
30,2986,0.227508
30,2988,0.28729
30,3007,0.214654
30,3011,0.290902
30,3016,0.263499
30,3050,0.356113
30,3101,0.31479
30,3136,0.255551
30,3344,0.231926
30,3351,0.256676
30,3362,0.297483
30,3371,0.325576
30,3457,0.311277
30,3519,0.171055
30,3539,0.208278
30,3588,0.273108
30,3622,0.253337
30,3623,0.23866
30,3691,0.251005
30,3705,0.279776
30,3720,0.293105
30,3738,0.32377
30,3767,0.241145
30,3776,0.243545
30,3786,0.267509
30,3792,0.299889
30,3834,0.231447
30,3864,0.313652
30,3975,0.270104
30,3991,0.274956
30,4052,0.249878
30,4093,0.29127
30,4114,0.338116
30,4123,0.302078
30,4149,0.301685
30,4468,0.344369
30,4485,0.252763
30,4699,0.310474
30,4780,0.295182
30,4900,0.206909
30,4917,0.335087
30,4927,0.216367
30,4978,0.211044
30,5000,0.387251
30,5011,0.32611
30,5016,0.292957
30,5145,0.265856
30,5149,0.274828
30,5184,0.198415
30,5203,0.282358
30,5205,0.201372
30,5273,0.276247
30,5285,0.380661
30,5315,0.384335
30,5348,0.343405
30,5445,0.279213
30,5491,0.327763
30,5549,0.308481
30,5609,0.264235
30,5638,0.32057
30,5822,0.330879
30,5861,0.247585
30,5879,0.426881
30,5940,0.183673
30,5982,0.329352
30,5993,0.318735
30,6051,0.307507
30,6079,0.289424
30,6081,0.235139
30,6107,0.377953
30,6134,0.272338
31,7,0.180996
31,16,0.387617
31,47,0.325864
31,162,0.267489
31,174,0.275307
31,177,0.351174
31,184,0.22964
31,189,0.301715
31,199,0.238909
31,256,0.301173
31,305,0.335951
31,336,0.317642
31,375,0.27038
31,377,0.223727
31,388,0.257685
31,390,0.328872
31,427,0.264747
31,589,0.324319
31,607,0.360101
31,608,0.269173
31,734,0.247321
31,743,0.246161
31,801,0.404631
31,1005,0.330796
31,1022,0.39443
31,1199,0.231374
31,1257,0.162227
31,1295,0.22158
31,1369,0.291687
31,1408,0.287548
31,1463,0.35433
31,1464,0.264893
31,1501,0.364029
31,1502,0.22476
31,1529,0.311496
31,1599,0.276438
31,1628,0.321352
31,1634,0.264442
31,1652,0.257117
31,1673,0.24468
31,1686,0.253972
31,1753,0.279062
31,1791,0.280456
31,1808,0.296903
31,1830,0.362999
31,1854,0.320354
31,1945,0.35254
31,1970,0.249188
31,1983,0.223993
31,2078,0.199367
31,2091,0.242079
31,2165,0.281397
31,2351,0.315338
31,2399,0.268151
31,2417,0.250819
31,2469,0.262305
31,2501,0.25148
31,2544,0.205247
31,2547,0.243575
31,2596,0.294545
31,2636,0.329517
31,2669,0.320629
31,2709,0.190504
31,2856,0.363232
31,2922,0.304497
31,2954,0.355063
31,3064,0.258273
31,3070,0.219398
31,3113,0.206491
31,3129,0.254365
31,3218,0.254397
31,3307,0.285051
31,3388,0.347888
31,3398,0.208151
31,3496,0.271019
31,3575,0.231843
31,3602,0.244478
31,3603,0.272168
31,3726,0.302909
31,3770,0.279912
31,3784,0.289238
31,3815,0.358617
31,3824,0.229325
31,3842,0.20955
31,3893,0.343684
31,3896,0.27433
31,3933,0.240073
31,4034,0.195723
31,4039,0.270573
31,4059,0.32759
31,4158,0.284984
31,4222,0.382101
31,4229,0.28083
31,4290,0.309887
31,4301,0.251467
31,4324,0.212653
31,4358,0.241383
31,4375,0.322813
31,4441,0.239278
31,4461,0.264571
31,4481,0.229633
31,4572,0.264924
31,4615,0.393337
31,4620,0.296889
31,4680,0.276363
31,4704,0.271168
31,4727,0.37658
31,4773,0.26792
31,4775,0.28028
31,4840,0.323747
31,4871,0.342665
31,4895,0.267471
31,5073,0.33989
31,5074,0.360727
31,5092,0.28254
31,5181,0.278788
31,5214,0.245965
31,5230,0.252652
31,5233,0.357389
31,5237,0.317653
31,5291,0.297436
31,5492,0.331785
31,5496,0.291512
31,5506,0.269315
31,5599,0.249679
31,5603,0.268252
31,5810,0.266911
31,5842,0.192948
31,5843,0.309998
31,5929,0.263126
31,5936,0.327933
31,6011,0.263131
31,6027,0.245754
31,6037,0.286466
31,6090,0.371365
31,6104,0.339881
31,6105,0.235717
31,6109,0.308287
31,6126,0.228315
31,6145,0.169623
31,6180,0.17426
31,6184,0.266232
32,79,0.316329
32,108,0.17491
32,150,0.357221
32,168,0.280759
32,171,0.235672
32,322,0.226243
32,333,0.210723
32,337,0.218831
32,465,0.243545
32,518,0.279755
32,546,0.280416
32,582,0.243328
32,598,0.324035
32,606,0.285863
32,755,0.247927
32,802,0.305151
32,843,0.247173
32,906,0.228043
32,1017,0.227744
32,1059,0.287234
32,1073,0.27817
32,1195,0.174792
32,1204,0.317411
32,1350,0.366849
32,1352,0.205854
32,1424,0.280165
32,1445,0.156977
32,1486,0.279485
32,1512,0.232226
32,1632,0.248007
32,1657,0.323697
32,1693,0.226461
32,1722,0.319602
32,1731,0.210503
32,1826,0.320301
32,1899,0.29179
32,1937,0.244712
32,1949,0.22335
32,1973,0.332787
32,2033,0.260945
32,2054,0.262307
32,2058,0.391716
32,2154,0.273297
32,2183,0.277148
32,2220,0.301928
32,2263,0.281966
32,2268,0.229953
32,2308,0.304877
32,2345,0.254427
32,2355,0.297513
32,2402,0.44081
32,2431,0.322549
32,2636,0.258339
32,2679,0.265409
32,2708,0.312433
32,2765,0.324511
32,2774,0.262988
32,2960,0.197019
32,2993,0.262496
32,2996,0.281031
32,3040,0.285584
32,3053,0.272579
32,3078,0.264747
32,3133,0.426892
32,3225,0.254247
32,3249,0.351849
32,3288,0.276579
32,3341,0.2522
32,3400,0.284509
32,3452,0.344156
32,3473,0.361288
32,3529,0.245818
32,3605,0.288893
32,3649,0.289753
32,3715,0.260304
32,3808,0.220138
32,3894,0.296197
32,3955,0.279709
32,3956,0.251333
32,4069,0.177639
32,4090,0.217567
32,4123,0.285491
32,4124,0.375064
32,4144,0.313957
32,4172,0.327421
32,4184,0.358226
32,4196,0.226925
32,4368,0.310577
32,4381,0.226044
32,4415,0.295656
32,4427,0.330616
32,4439,0.250231
32,4448,0.27102
32,4449,0.331657
32,4490,0.333091
32,4583,0.325844
32,4667,0.281902
32,4721,0.323616
32,4801,0.265263
32,4838,0.243058
32,4853,0.290088
32,4877,0.225279
32,5028,0.271324
32,5029,0.338807
32,5078,0.212759
32,5083,0.333659
32,5222,0.349781
32,5334,0.250565
32,5408,0.352889
32,5461,0.370975
32,5494,0.22152
32,5499,0.224035
32,5513,0.262185
32,5528,0.355619
32,5685,0.272021
32,5697,0.287709
32,5711,0.330208
32,5787,0.239799
32,5790,0.192783
32,5818,0.364656
32,5820,0.252018
32,5828,0.23265
32,5830,0.212025
32,5849,0.238883
32,5939,0.231755
32,5963,0.352996
32,5995,0.244843
32,6058,0.275363
32,6064,0.302288
32,6133,0.304029
32,6172,0.199895
33,29,0.25219
33,53,0.242289
33,80,0.311112
33,101,0.240393
33,105,0.242953
33,107,0.273927
33,133,0.23576
33,146,0.331935
33,166,0.30802
33,182,0.302048
33,278,0.397505
33,302,0.257709
33,309,0.259394
33,337,0.270538
33,377,0.298054
33,378,0.294374
33,405,0.332613
33,439,0.238573
33,477,0.303747
33,490,0.330631
33,495,0.226252
33,512,0.29376
33,517,0.27503
33,565,0.372722
33,604,0.221837
33,635,0.306564
33,642,0.256725
33,788,0.348335
33,868,0.318372
33,893,0.243504
33,901,0.194314
33,950,0.267336
33,958,0.181472
33,998,0.165093
33,1032,0.295079
33,1045,0.300214
33,1114,0.21798
33,1181,0.177473
33,1262,0.325694
33,1294,0.308143
33,1477,0.301634
33,1643,0.203797
33,1663,0.240465
33,1750,0.317644
33,1777,0.342788
33,1833,0.221255
33,1837,0.254894
33,1851,0.230473
33,1899,0.303386
33,1922,0.207323
33,1982,0.315213
33,2045,0.372158
33,2282,0.394539
33,2303,0.237965
33,2319,0.36819
33,2347,0.321251
33,2376,0.349499
33,2393,0.240909
33,2422,0.318368
33,2432,0.237423
33,2568,0.221248
33,2632,0.359596
33,2694,0.307773
33,2747,0.276434
33,2813,0.377884
33,2866,0.218908
33,2956,0.353324
33,2965,0.245901
33,3047,0.336523
33,3117,0.227518
33,3143,0.297602
33,3169,0.347125
33,3193,0.251615
33,3237,0.285356
33,3412,0.185095
33,3424,0.185524
33,3429,0.262961
33,3438,0.249029
33,3456,0.276496
33,3462,0.276268
33,3464,0.222433
33,3501,0.268952
33,3544,0.258849
33,3629,0.330489
33,3699,0.317432
33,3712,0.283033
33,3732,0.315764
33,3797,0.218359
33,3807,0.33836
33,3965,0.300636
33,4004,0.341388
33,4061,0.232667
33,4110,0.279458
33,4131,0.299575
33,4149,0.284394
33,4182,0.377986
33,4187,0.207562
33,4267,0.271692
33,4273,0.270258
33,4291,0.288625
33,4294,0.320917
33,4296,0.254598
33,4315,0.380972
33,4347,0.315665
33,4356,0.314571
33,4359,0.329227
33,4391,0.208601
33,4435,0.206598
33,4453,0.233116
33,4471,0.222685
33,4497,0.291577
33,4614,0.191235
33,4652,0.191081
33,4664,0.29645
33,4694,0.320321
33,4718,0.187787
33,4830,0.351806
33,4844,0.246309
33,4923,0.242256
33,4979,0.300471
33,5028,0.196008
33,5100,0.351285
33,5113,0.315735
33,5142,0.270917
33,5147,0.323706
33,5243,0.220082
33,5260,0.297212
33,5269,0.275441
33,5304,0.283196
33,5498,0.378304
33,5538,0.27101
33,5586,0.346558
33,5622,0.29618
33,5716,0.332391
33,5725,0.321483
33,5855,0.29017
33,5918,0.324536
33,5987,0.269318
33,6009,0.248499
33,6074,0.245113
33,6104,0.280711
33,6153,0.290209
33,6182,0.28536
34,74,0.226643
34,121,0.319117
34,153,0.201495
34,221,0.255861
34,259,0.227557
34,278,0.323635
34,344,0.249874
34,356,0.285971
34,486,0.310313
34,545,0.230519
34,607,0.208427
34,671,0.245355
34,679,0.248421
34,726,0.285999
34,759,0.295434
34,859,0.168033
34,872,0.208074
34,879,0.267047
34,888,0.204335
34,897,0.240701
34,916,0.111421
34,975,0.350464
34,1017,0.203096
34,1118,0.268436
34,1133,0.24957
34,1202,0.348598
34,1232,0.244462
34,1277,0.362442
34,1320,0.361936
34,1382,0.260408
34,1478,0.203683
34,1508,0.339132
34,1510,0.247437
34,1518,0.253766
34,1570,0.319156
34,1574,0.374594
34,1602,0.280869
34,1648,0.232855
34,1664,0.301957
34,1684,0.168027
34,1737,0.322799
34,1740,0.288787
34,1748,0.314909
34,1766,0.312339
34,1768,0.272038
34,1780,0.301702
34,1832,0.245387
34,2004,0.235221
34,2016,0.237512
34,2110,0.339659
34,2146,0.25711
34,2194,0.301539
34,2235,0.274098
34,2309,0.286039
34,2355,0.364419
34,2362,0.280035
34,2365,0.336856
34,2419,0.290612
34,2448,0.254337
34,2583,0.201173
34,2640,0.283175
34,2685,0.321652
34,2718,0.264555
34,2730,0.227526
34,2741,0.281185
34,2762,0.228385
34,2798,0.323393
34,2850,0.238744
34,2864,0.333722
34,2869,0.282724
34,2887,0.331399
34,2890,0.246723
34,2904,0.240315
34,2906,0.249978
34,2982,0.252274
34,3168,0.257869
34,3206,0.291433
34,3257,0.327079
34,3259,0.216299
34,3260,0.307105
34,3315,0.27342
34,3340,0.309446
34,3376,0.322647
34,3378,0.306356
34,3418,0.419874
34,3440,0.251915
34,3499,0.293859
34,3541,0.293736
34,3552,0.435137
34,3560,0.31466
34,3714,0.316875
34,3742,0.323218
34,3781,0.313881
34,3789,0.290803
34,3801,0.300458
34,3802,0.223036
34,3844,0.310749
34,3846,0.258511
34,3851,0.44082
34,3926,0.210896
34,3954,0.145147
34,4031,0.227926
34,4048,0.360956
34,4053,0.483613
34,4076,0.258195
34,4145,0.281728
34,4147,0.431316
34,4150,0.180378
34,4158,0.278953
34,4167,0.275372
34,4283,0.273471
34,4286,0.247783
34,4288,0.290965
34,4317,0.254027
34,4325,0.297732
34,4337,0.296984
34,4353,0.262197
34,4492,0.294024
34,4496,0.244331
34,4538,0.190461
34,4715,0.203496
34,4740,0.257707
34,4762,0.279778
34,4766,0.207861
34,4793,0.296674
34,4849,0.297996
34,4861,0.184212
34,4901,0.299235
34,4914,0.393091
34,4950,0.234178
34,5016,0.221358
34,5049,0.203327
34,5138,0.248686
34,5195,0.303284
34,5267,0.265349
34,5322,0.291097
34,5344,0.338997
34,5370,0.36954
34,5382,0.295134
34,5384,0.255311
34,5386,0.244658
34,5451,0.310021
34,5453,0.281185
34,5530,0.285206
34,5531,0.413261
34,5582,0.195557
34,5658,0.256056
34,5767,0.20262
34,5832,0.241815
34,5834,0.273189
34,5903,0.268452
34,5940,0.35486
34,5947,0.221095
34,5957,0.255521
34,5990,0.355065
34,5991,0.163947
34,6015,0.347473
34,6023,0.2645
35,40,0.296895
35,87,0.228978
35,128,0.143725
35,147,0.320331
35,174,0.282937
35,204,0.319769
35,212,0.381249
35,263,0.268632
35,394,0.198964
35,607,0.303303
35,675,0.292813
35,678,0.243933
35,714,0.146887
35,749,0.277102
35,820,0.240759
35,824,0.357456
35,829,0.201231
35,838,0.29613
35,899,0.336147
35,929,0.213168
35,968,0.324676
35,1021,0.308806
35,1140,0.244888
35,1158,0.270081
35,1180,0.22027
35,1193,0.310488
35,1223,0.205355
35,1381,0.285095
35,1388,0.319109
35,1406,0.295603
35,1409,0.344612
35,1448,0.197003
35,1496,0.226426
35,1536,0.258269
35,1558,0.302629
35,1698,0.177548
35,1720,0.340252
35,1776,0.336608
35,1874,0.311026
35,1928,0.299513
35,1951,0.282679
35,1959,0.341263
35,1972,0.201235
35,2005,0.170555
35,2035,0.218713
35,2169,0.269169
35,2244,0.300576
35,2262,0.285674
35,2283,0.328985
35,2309,0.229322
35,2354,0.308839
35,2421,0.279699
35,2446,0.237474
35,2475,0.273468
35,2509,0.203774
35,2543,0.236363
35,2580,0.210256
35,2594,0.306721
35,2640,0.314175
35,2650,0.282289
35,2661,0.316811
35,2712,0.277809
35,2754,0.291048
35,2790,0.300227
35,2897,0.265294
35,2965,0.324102
35,2975,0.212045
35,2999,0.226488
35,3011,0.331313
35,3016,0.293505
35,3059,0.200705
35,3135,0.250669
35,3161,0.407448
35,3164,0.256696
35,3243,0.206309
35,3251,0.23785
35,3278,0.249619
35,3304,0.181782
35,3393,0.271162
35,3528,0.363507
35,3549,0.283761
35,3606,0.258582
35,3612,0.262041
35,3623,0.222205
35,3678,0.448028
35,3725,0.275338
35,3732,0.240167
35,3741,0.371869
35,3791,0.21164
35,3812,0.399901
35,3816,0.237614
35,3859,0.39215
35,3950,0.337414
35,3977,0.339295
35,4000,0.258487
35,4053,0.240342
35,4068,0.287491
35,4084,0.300964
35,4174,0.202828
35,4360,0.286524
35,4372,0.216436
35,4411,0.298956
35,4475,0.31203
35,4583,0.209538
35,4588,0.233355
35,4646,0.257461
35,4754,0.287052
35,4807,0.26623
35,4879,0.285786
35,4885,0.354328
35,4911,0.277137
35,4983,0.386159
35,4985,0.272636
35,4997,0.228421
35,5025,0.284375
35,5026,0.275275
35,5030,0.281642
35,5055,0.312206
35,5069,0.33709
35,5076,0.250425
35,5120,0.339287
35,5306,0.251739
35,5346,0.255537
35,5385,0.347842
35,5406,0.310647
35,5416,0.336793
35,5459,0.270397
35,5573,0.379945
35,5586,0.271442
35,5629,0.295436
35,5649,0.239478
35,5686,0.262345
35,5745,0.305471
35,5758,0.246481
35,5771,0.245645
35,5780,0.240163
35,5862,0.295557
35,5901,0.291092
35,5904,0.317544
35,5944,0.288954
35,6027,0.292325
35,6029,0.367154
35,6132,0.279942
35,6170,0.264135
36,13,0.27275
36,91,0.208307
36,150,0.235752
36,222,0.367758
36,324,0.283763
36,348,0.258416
36,356,0.201959
36,429,0.303161
36,440,0.16603
36,459,0.281488
36,474,0.307639
36,538,0.1993
36,631,0.212057
36,729,0.226942
36,832,0.174848
36,869,0.269718
36,876,0.236408
36,908,0.258872
36,971,0.160904
36,972,0.306745
36,973,0.173049
36,977,0.290763
36,1049,0.301968
36,1078,0.262858
36,1109,0.391089
36,1141,0.234353
36,1144,0.338057
36,1268,0.274324
36,1274,0.281075
36,1406,0.343556
36,1426,0.375792
36,1456,0.282344
36,1462,0.376674
36,1654,0.242098
36,1657,0.20411
36,1692,0.201996
36,1731,0.171082
36,1775,0.274416
36,1804,0.247013
36,1860,0.31169
36,1866,0.214109
36,1885,0.312961
36,2005,0.260849
36,2036,0.213707
36,2048,0.184868
36,2072,0.300962
36,2106,0.254443
36,2148,0.201492
36,2177,0.387238
36,2316,0.330757
36,2395,0.241762
36,2396,0.230409
36,2403,0.24636
36,2430,0.290342
36,2439,0.201295
36,2441,0.321869
36,2452,0.199895
36,2463,0.372736
36,2499,0.279053
36,2547,0.280704
36,2556,0.248543
36,2562,0.32492
36,2573,0.28075
36,2591,0.195579
36,2653,0.11732
36,2678,0.395369
36,2680,0.233858
36,2684,0.24882
36,2750,0.231357
36,2762,0.185312
36,2793,0.337528
36,2817,0.289785
36,2833,0.244114
36,2843,0.295891
36,2973,0.225967
36,3034,0.257137
36,3152,0.337771
36,3171,0.286173
36,3240,0.295055
36,3270,0.257685
36,3439,0.338866
36,3461,0.204438
36,3586,0.278534
36,3595,0.281842
36,3630,0.376887
36,3667,0.324285
36,3756,0.261178
36,3884,0.370449
36,3902,0.273604
36,3963,0.358139
36,4152,0.265151
36,4212,0.181872
36,4214,0.247996
36,4246,0.145996
36,4291,0.296568
36,4297,0.297135
36,4303,0.34077
36,4344,0.294222
36,4527,0.318918
36,4568,0.246363
36,4576,0.158055
36,4674,0.233273
36,4724,0.296776
36,4725,0.355042
36,4767,0.231525
36,4807,0.372626
36,4885,0.309157
36,5097,0.259768
36,5123,0.351075
36,5222,0.163469
36,5303,0.378223
36,5352,0.26573
36,5369,0.275998
36,5384,0.282088
36,5388,0.2424
36,5414,0.256113
36,5438,0.295275
36,5470,0.338739
36,5571,0.220588
36,5624,0.267196
36,5672,0.241313
36,5717,0.354138
36,5822,0.281043
36,5825,0.338191
36,5896,0.303808
36,5971,0.22143
36,6057,0.274552
36,6105,0.216176
36,6131,0.301119
36,6187,0.185397
37,16,0.177483
37,49,0.181179
37,133,0.217322
37,142,0.235732
37,160,0.33718
37,386,0.273042
37,442,0.351762
37,476,0.312172
37,518,0.196764
37,585,0.180448
37,594,0.213408
37,615,0.271954
37,632,0.284209
37,688,0.195914
37,702,0.225763
37,827,0.303987
37,847,0.247154
37,872,0.336783
37,886,0.21313
37,917,0.19238
37,973,0.234807
37,993,0.244365
37,1045,0.312259
37,1062,0.205986
37,1066,0.233527
37,1087,0.324904
37,1152,0.303776
37,1158,0.238106
37,1175,0.269677
37,1189,0.337407
37,1205,0.250472
37,1264,0.300792
37,1265,0.329083
37,1293,0.166454
37,1304,0.417171
37,1362,0.231918
37,1379,0.26434
37,1422,0.271957
37,1434,0.295988
37,1481,0.194606
37,1552,0.221723
37,1573,0.202866
37,1592,0.343821
37,1596,0.289072
37,1620,0.21626
37,1636,0.346539
37,1695,0.305172
37,1765,0.216801
37,1766,0.211883
37,1769,0.35626
37,1791,0.174308
37,1834,0.171631
37,1848,0.254378
37,1921,0.323813
37,2015,0.311956
37,2114,0.229529
37,2148,0.270284
37,2162,0.286677
37,2188,0.360398
37,2226,0.287782
37,2372,0.288644
37,2381,0.253125
37,2412,0.252133
37,2438,0.285214
37,2461,0.187384
37,2478,0.265582
37,2554,0.34985
37,2636,0.292162
37,2650,0.279286
37,2660,0.276578
37,2667,0.256807
37,2685,0.343432
37,2727,0.312783
37,2810,0.221689
37,2819,0.278853
37,2824,0.287658
37,2832,0.285216
37,2856,0.318489
37,2936,0.252068
37,2978,0.227209
37,2997,0.343046
37,3007,0.298777
37,3049,0.282205
37,3188,0.369253
37,3193,0.332528
37,3251,0.259848
37,3372,0.2387
37,3384,0.170143
37,3419,0.30932
37,3474,0.166836
37,3529,0.275641
37,3569,0.203611
37,3607,0.260404
37,3723,0.296001
37,3733,0.161189
37,3787,0.375931
37,3845,0.359199
37,4000,0.221177
37,4030,0.24875
37,4081,0.196212
37,4098,0.224784
37,4194,0.297387
37,4256,0.441677
37,4393,0.341979
37,4397,0.335602
37,4453,0.338077
37,4468,0.280784
37,4478,0.353644
37,4491,0.276313
37,4518,0.316992
37,4541,0.272339
37,4556,0.38234
37,4765,0.318106
37,4820,0.137678
37,4823,0.293903
37,4927,0.232257
37,4959,0.279284
37,4974,0.256599
37,5009,0.262247
37,5056,0.328242
37,5062,0.365912
37,5109,0.294584
37,5123,0.203359
37,5186,0.224105
37,5227,0.241527
37,5228,0.254694
37,5273,0.141199
37,5301,0.179302
37,5359,0.24736
37,5381,0.25274
37,5413,0.320713
37,5414,0.369918
37,5425,0.29655
37,5472,0.253452
37,5636,0.157766
37,5695,0.256263
37,5701,0.313637
37,5735,0.323788
37,5748,0.228949
37,5758,0.258784
37,5837,0.194714
37,5879,0.242614
37,5893,0.350992
37,5903,0.317419
37,5910,0.327355
37,5947,0.338583
37,6042,0.182765
37,6146,0.290797
38,51,0.298724
38,64,0.184724
38,136,0.338287
38,182,0.2309
38,185,0.279352
38,188,0.294575
38,263,0.262928
38,264,0.289302
38,272,0.284137
38,288,0.200939
38,308,0.174995
38,315,0.316422
38,370,0.356541
38,390,0.329427
38,402,0.209545
38,458,0.281586
38,485,0.301204
38,530,0.390982
38,536,0.267747
38,576,0.219025
38,704,0.160571
38,705,0.363695
38,719,0.22875
38,743,0.340461
38,749,0.219869
38,779,0.33016
38,793,0.376765
38,816,0.279915
38,839,0.233236
38,854,0.227762
38,915,0.362741
38,994,0.27971
38,1004,0.259817
38,1005,0.281993
38,1136,0.208327
38,1140,0.245417
38,1182,0.335838
38,1217,0.227378
38,1218,0.29175
38,1254,0.294007
38,1280,0.367314
38,1312,0.309142
38,1322,0.359829
38,1360,0.223838
38,1411,0.254249
38,1541,0.294294
38,1563,0.210889
38,1653,0.365547
38,1842,0.174882
38,1845,0.348032
38,1951,0.228742
38,1988,0.252103
38,2007,0.273786
38,2074,0.265901
38,2114,0.248967
38,2118,0.314208
38,2187,0.271619
38,2198,0.291895
38,2206,0.263602
38,2208,0.270561
38,2298,0.228786
38,2401,0.307403
38,2437,0.333089
38,2505,0.283763
38,2514,0.3198
38,2532,0.266007
38,2545,0.304151
38,2668,0.223244
38,2789,0.360542
38,2858,0.384151
38,2907,0.297029
38,2926,0.266188
38,2949,0.243871
38,2988,0.353931
38,2992,0.355301
38,3003,0.236942
38,3036,0.242453
38,3116,0.223516
38,3161,0.192448
38,3183,0.353509
38,3230,0.338519
38,3301,0.22078
38,3333,0.234474
38,3354,0.303594
38,3362,0.309107
38,3388,0.260591
38,3438,0.27238
38,3497,0.262522
38,3517,0.293962
38,3543,0.261993
38,3547,0.255365
38,3568,0.260021
38,3708,0.176595
38,3741,0.229193
38,3747,0.311005
38,3793,0.330345
38,3854,0.263546
38,3925,0.301026
38,3971,0.258745
38,4051,0.24781
38,4081,0.274718
38,4085,0.294109
38,4157,0.268619
38,4206,0.219594
38,4208,0.242762
38,4245,0.179814
38,4288,0.294316
38,4302,0.295819
38,4497,0.275702
38,4500,0.249625
38,4523,0.250448
38,4525,0.204628
38,4536,0.343173
38,4680,0.295918
38,4743,0.230841
38,4752,0.298596
38,4849,0.337008
38,4868,0.267798
38,4900,0.324529
38,4955,0.251295
38,5013,0.289773
38,5014,0.204828
38,5087,0.305162
38,5153,0.314438
38,5179,0.238645
38,5262,0.251375
38,5289,0.260717
38,5291,0.247057
38,5326,0.318995
38,5347,0.337713
38,5365,0.289562
38,5371,0.249883
38,5387,0.232331
38,5400,0.25777
38,5452,0.177416
38,5472,0.283187
38,5512,0.226875
38,5520,0.198046
38,5543,0.231117
38,5653,0.319942
38,5656,0.325472
38,5838,0.156377
38,5883,0.315432
38,5890,0.180374
38,5895,0.314825
38,5914,0.270744
38,5954,0.294128
38,5968,0.31555
38,6069,0.194268
38,6105,0.385061
39,72,0.277931
39,98,0.306136
39,151,0.209547
39,177,0.186932
39,254,0.241827
39,310,0.239481
39,324,0.183757
39,331,0.312623
39,405,0.305386
39,413,0.396847
39,423,0.310636
39,470,0.30794
39,482,0.251667
39,536,0.190373
39,656,0.268894
39,659,0.28245
39,668,0.219487
39,688,0.336608
39,744,0.259149
39,753,0.334709
39,814,0.18322
39,907,0.262584
39,1132,0.144714
39,1143,0.301098
39,1202,0.269036
39,1204,0.240221
39,1213,0.277493
39,1224,0.295289
39,1241,0.322724
39,1255,0.300085
39,1264,0.228451
39,1355,0.325582
39,1443,0.264647
39,1454,0.228601
39,1471,0.31113
39,1496,0.307534
39,1543,0.27942
39,1547,0.303595
39,1575,0.259955
39,1577,0.299172
39,1583,0.227379
39,1597,0.318719
39,1614,0.30205
39,1756,0.409644
39,1777,0.393292
39,1778,0.331346
39,1799,0.330292
39,1807,0.315689
39,1809,0.20845
39,1817,0.299051
39,2004,0.254784
39,2007,0.346439
39,2023,0.163546
39,2060,0.222637
39,2126,0.176059
39,2136,0.216279
39,2185,0.174123
39,2215,0.216242
39,2249,0.156321
39,2276,0.30554
39,2344,0.323165
39,2379,0.333511
39,2404,0.357178
39,2530,0.386981
39,2568,0.280529
39,2628,0.327932
39,2630,0.16093
39,2633,0.311989
39,2667,0.276949
39,2681,0.310518
39,2823,0.191258
39,2956,0.262409
39,3006,0.260351
39,3015,0.26867
39,3114,0.244956
39,3182,0.239989
39,3343,0.316212
39,3373,0.377895
39,3394,0.247517
39,3428,0.254175
39,3475,0.210245
39,3499,0.343909
39,3544,0.319452
39,3599,0.204973
39,3608,0.2475
39,3618,0.298788
39,3687,0.275154
39,3803,0.300143
39,3863,0.327459
39,3868,0.245559
39,3904,0.186391
39,4011,0.233949
39,4089,0.304293
39,4111,0.368989
39,4119,0.264379
39,4192,0.296223
39,4193,0.322149
39,4223,0.206924
39,4247,0.266404
39,4296,0.231413
39,4357,0.207842
39,4358,0.288598
39,4454,0.284295
39,4550,0.286912
39,4582,0.233853
39,4601,0.221917
39,4633,0.295265
39,4647,0.379192
39,4708,0.261707
39,4714,0.223449
39,4731,0.359298
39,4783,0.319717
39,4821,0.214989
39,4827,0.216578
39,4877,0.287569
39,4887,0.296583
39,4920,0.356992
39,5166,0.265248
39,5190,0.221121
39,5196,0.259168
39,5279,0.376015
39,5374,0.295862
39,5443,0.374042
39,5496,0.287962
39,5539,0.271353
39,5580,0.193177
39,5665,0.32566
39,5680,0.271516
39,5682,0.37005
39,5692,0.230968
39,5711,0.488251
39,5730,0.214044
39,5797,0.314671
39,5819,0.136042
39,5829,0.310324
39,5895,0.320328
39,5908,0.333087
39,5932,0.190875
39,5940,0.295723
39,6121,0.264908
39,6127,0.205553
39,6186,0.268456
40,2,0.248586
40,56,0.154035
40,105,0.251562
40,126,0.304315
40,214,0.265078
40,233,0.252558
40,378,0.2259
40,427,0.256531
40,430,0.209135
40,596,0.31759
40,607,0.236399
40,639,0.244278
40,669,0.327491
40,687,0.246061
40,694,0.26513
40,697,0.298115
40,711,0.348581
40,730,0.14298
40,777,0.231207
40,805,0.262873
40,833,0.254423
40,896,0.187236
40,908,0.333706
40,920,0.276186
40,1081,0.216957
40,1120,0.208433
40,1130,0.24984
40,1135,0.320716
40,1178,0.335341
40,1184,0.293133
40,1212,0.269043
40,1227,0.283213
40,1259,0.241386
40,1305,0.265598
40,1324,0.363684
40,1326,0.302109
40,1328,0.242932
40,1506,0.304366
40,1559,0.202628
40,1655,0.287524
40,1688,0.346468
40,1758,0.273471
40,1792,0.336557
40,1810,0.157355
40,1834,0.251231
40,1848,0.327873
40,1871,0.384334
40,1900,0.274901
40,1918,0.303259
40,1969,0.254793
40,1977,0.259387
40,1987,0.242768
40,1992,0.212735
40,2009,0.239488
40,2027,0.300439
40,2158,0.281268
40,2373,0.259018
40,2382,0.296688
40,2479,0.270202
40,2480,0.298175
40,2501,0.251501
40,2505,0.31552
40,2518,0.301156
40,2524,0.271937
40,2628,0.285799
40,2667,0.175239
40,2698,0.381808
40,2724,0.215558
40,2811,0.36555
40,2922,0.213888
40,2961,0.258982
40,2995,1.01473
40,3006,0.273199
40,3059,0.265738
40,3091,0.26619
40,3160,0.259708
40,3262,0.32251
40,3295,0.245608
40,3385,0.320866
40,3386,0.205726
40,3482,0.331368
40,3514,0.295274
40,3572,0.220862
40,3615,0.244567
40,3667,0.330985
40,3672,0.260396
40,3716,0.302581
40,3724,0.347373
40,3728,0.287615
40,3762,0.219253
40,3787,0.180171
40,3819,0.153403
40,3921,0.267961
40,3930,0.354578
40,3954,0.277793
40,3989,0.288718
40,4023,0.205774
40,4082,0.236119
40,4106,0.242108
40,4206,0.25482
40,4207,0.249209
40,4257,0.290236
40,4270,0.218124
40,4339,0.344162
40,4406,0.352286
40,4426,0.237671
40,4463,0.277247
40,4499,0.25811
40,4599,0.290371
40,4804,0.206768
40,4842,0.247888
40,5011,0.299097
40,5099,0.323308
40,5143,0.31201
40,5179,0.280806
40,5208,0.306721
40,5314,0.211173
40,5347,0.312574
40,5407,0.319068
40,5408,0.215147
40,5417,0.246575
40,5496,0.348078
40,5497,0.272427
40,5512,0.281883
40,5564,0.337095
40,5574,0.209313
40,5630,0.330889
40,5725,0.19021
40,5760,0.222108
40,5833,0.292833
40,5921,0.364318
40,5949,0.356528
40,5970,0.264455
40,5973,0.282047
40,5977,0.240676
40,6065,0.34516
40,6086,0.320243
40,6106,0.260768
40,6115,0.280142
41,1,0.39186
41,61,0.329393
41,154,0.204015
41,198,0.303385
41,216,0.303614
41,237,0.294585
41,329,0.340253
41,336,0.234726
41,380,0.204019
41,383,0.21423
41,426,0.199885
41,436,0.297571
41,470,0.344397
41,501,0.233422
41,581,0.244785
41,628,0.293678
41,651,0.359513
41,692,0.22038
41,839,0.187725
41,893,0.277958
41,1017,0.346676
41,1102,0.209915
41,1107,0.285833
41,1123,0.202749
41,1174,0.235729
41,1210,0.277575
41,1223,0.243271
41,1271,0.140796
41,1423,0.233009
41,1465,0.299043
41,1489,0.307922
41,1507,0.44626
41,1569,0.195908
41,1571,0.221196
41,1741,0.302272
41,1756,0.36172
41,1783,0.363416
41,1846,0.329865
41,1933,0.33545
41,1953,0.196679
41,2125,0.263594
41,2212,0.365407
41,2270,0.224867
41,2276,0.230672
41,2306,0.191643
41,2329,0.200428
41,2498,0.373507
41,2529,0.182431
41,2531,0.238963
41,2532,0.215623
41,2590,0.275869
41,2645,0.151043
41,2693,0.252419
41,2719,0.254012
41,2728,0.155551
41,2754,0.283357
41,2815,0.267708
41,2826,0.242926
41,2848,0.227933
41,3214,0.314133
41,3221,0.33742
41,3233,0.261
41,3251,0.352697
41,3270,0.248577
41,3273,0.370778
41,3431,0.337944
41,3560,0.261967
41,3579,0.267422
41,3650,0.350362
41,3735,0.325165
41,3773,0.241928
41,3796,0.341868
41,3803,0.348818
41,3878,0.249741
41,3982,0.18364
41,4023,0.268594
41,4055,0.198915
41,4108,0.217623
41,4113,0.294344
41,4149,0.252575
41,4181,0.345376
41,4201,0.284118
41,4313,0.159171
41,4314,0.323407
41,4353,0.332598
41,4372,0.191442
41,4394,0.272969
41,4459,0.204184
41,4507,0.283133
41,4512,0.28853
41,4567,0.206906
41,4653,0.353236
41,4691,0.320794
41,4699,0.307638
41,4703,0.245273
41,4821,0.289451
41,4883,0.314258
41,5132,0.342149
41,5210,0.302076
41,5219,0.240142
41,5372,0.299329
41,5443,0.370013
41,5473,0.291956
41,5521,0.242101
41,5530,0.276424
41,5540,0.422836
41,5656,0.236872
41,5676,0.214903
41,5691,0.277659
41,5714,0.221005
41,5804,0.265811
41,5870,0.269501
41,5883,0.327841
41,5896,0.282734
41,5897,0.272788
41,5955,0.155269
41,5984,0.271173
41,5994,0.241809
41,6027,0.299522
41,6134,0.278134
41,6151,0.320827
41,6175,0.235646
42,12,0.283827
42,127,0.269463
42,143,0.177395
42,193,0.361676
42,220,0.262018
42,264,0.141781
42,276,0.256153
42,321,0.242459
42,406,0.264255
42,453,0.268252
42,494,0.356221
42,502,0.199679
42,520,0.16884
42,537,0.126714
42,584,0.249702
42,607,0.391752
42,620,0.197236
42,680,0.270546
42,774,0.352136
42,816,0.252852
42,835,0.257889
42,893,0.262163
42,964,0.161531
42,978,0.219723
42,983,0.3371
42,1004,0.146174
42,1031,0.197266
42,1040,0.265349
42,1111,0.345337
42,1177,0.28816
42,1237,0.180802
42,1259,0.164053
42,1268,0.313848
42,1270,0.262933
42,1306,0.232209
42,1383,0.187156
42,1403,0.198812
42,1448,0.25282
42,1489,0.183719
42,1527,0.254919
42,1633,0.265985
42,1731,0.18578
42,1733,0.301319
42,1757,0.166127
42,1892,0.241811
42,1931,0.272259
42,1980,0.238855
42,2054,0.139786
42,2059,0.238752
42,2075,0.333736
42,2092,0.199366
42,2095,0.286705
42,2133,0.238307
42,2164,0.18029
42,2203,0.114414
42,2275,0.243972
42,2339,0.260859
42,2386,0.214085
42,2404,0.26312
42,2484,0.210094
42,2497,0.287618
42,2519,0.25313
42,2540,0.2583
42,2568,0.269455
42,2576,0.199298
42,2627,0.205383
42,2670,0.193219
42,2708,0.242412
42,2745,0.313874
42,2879,0.266444
42,2986,0.320172
42,3003,0.203191
42,3036,0.210952
42,3042,0.186712
42,3052,0.194325
42,3076,0.20554
42,3186,0.33954
42,3191,0.257536
42,3246,0.322528
42,3252,0.311354
42,3259,0.270872
42,3292,0.215841
42,3365,0.171183
42,3396,0.262465
42,3406,0.223622
42,3414,0.299446
42,3417,0.36188
42,3460,0.267618
42,3687,0.249165
42,3870,0.242244
42,3909,0.293079
42,3952,0.269285
42,4023,0.265717
42,4061,0.17184
42,4105,0.279568
42,4117,0.270638
42,4147,0.253346
42,4197,0.298461
42,4245,0.252043
42,4246,0.20824
42,4252,0.220913
42,4260,0.210989
42,4407,0.223937
42,4445,0.269989
42,4531,0.283977
42,4578,0.196404
42,4598,0.321491
42,4619,0.194316
42,4669,0.250818
42,4678,0.178051
42,4695,0.318145
42,4729,0.233734
42,4789,0.311884
42,4802,0.302769
42,4947,0.370578
42,4990,0.267411
42,5066,0.30234
42,5080,0.30553
42,5089,0.234096
42,5097,0.273526
42,5193,0.281835
42,5213,0.270224
42,5226,0.339325
42,5258,0.252471
42,5294,0.35668
42,5393,0.253748
42,5410,0.249683
42,5417,0.300512
42,5475,0.280131
42,5528,0.403987
42,5529,0.243172
42,5600,0.296028
42,5702,0.315797
42,5707,0.335864
42,5708,0.304211
42,5759,0.209801
42,5838,0.317362
42,5903,0.337742
42,5986,0.304362
42,6039,0.215878
43,29,0.250711
43,88,0.268005
43,93,0.319028
43,134,0.273088
43,242,0.215139
43,335,0.240098
43,344,0.081608
43,389,0.217973
43,437,0.27955
43,467,0.325004
43,472,0.25357
43,480,0.207037
43,540,0.251082
43,596,0.218353
43,610,0.284184
43,652,0.38324
43,686,0.214264
43,709,0.311027
43,736,0.1831
43,766,0.196001
43,804,0.266145
43,852,0.25373
43,922,0.357537
43,1080,0.261681
43,1267,0.180349
43,1291,0.327426
43,1330,0.278877
43,1351,0.329245
43,1376,0.266327
43,1429,0.279184
43,1535,0.283395
43,1599,0.248873
43,1619,0.317326
43,1731,0.262647
43,1734,0.243488
43,1806,0.217887
43,1828,0.251941
43,1877,0.313309
43,1932,0.373005
43,1961,0.208293
43,1982,0.334642
43,2012,0.176395
43,2021,0.276448
43,2125,0.161319
43,2132,0.225459
43,2173,0.261389
43,2182,0.269801
43,2319,0.192793
43,2354,0.196844
43,2368,0.20034
43,2381,0.186201
43,2419,0.273541
43,2450,0.182687
43,2486,0.29437
43,2602,0.214677
43,2665,0.172441
43,2732,0.313983
43,2749,0.255965
43,2816,0.308029
43,2868,0.384498
43,2895,0.304863
43,2972,0.316404
43,3032,0.215274
43,3103,0.306803
43,3148,0.253753
43,3161,0.382259
43,3192,0.334787
43,3200,0.208554
43,3234,0.308389
43,3243,0.347105
43,3269,0.317903
43,3303,0.159052
43,3412,0.338116
43,3456,0.229954
43,3460,0.219464
43,3544,0.166343
43,3549,0.350439
43,3552,0.302015
43,3566,0.334272
43,3579,0.221955
43,3593,0.16236
43,3762,0.275555
43,3770,0.362943
43,3827,0.271631
43,3842,0.290812
43,3894,0.198514
43,3904,0.291081
43,3905,0.193642
43,3995,0.316322
43,4023,0.22488
43,4126,0.294973
43,4147,0.270434
43,4181,0.257719
43,4188,0.324378
43,4232,0.280349
43,4251,0.216646
43,4283,0.297024
43,4322,0.222628
43,4341,0.324873
43,4369,0.311882
43,4397,0.344119
43,4403,0.409584
43,4435,0.269724
43,4439,0.234562
43,4608,0.298202
43,4624,0.311124
43,4630,0.22082
43,4637,0.258076
43,4647,0.235031
43,4684,0.208025
43,4713,0.373699
43,4732,0.325458
43,4734,0.328953
43,4744,0.304689
43,4770,0.30648
43,4922,0.319106
43,4972,0.167685
43,4997,0.274531
43,4999,0.341093
43,5082,0.366653
43,5117,0.148439
43,5125,0.337039
43,5201,0.284281
43,5259,0.184088
43,5281,0.287115
43,5295,0.251968
43,5489,0.367075
43,5548,0.301254
43,5619,0.227922
43,5632,0.117206
43,5637,0.339186
43,5641,0.245863
43,5644,0.397833
43,5652,0.217004
43,5720,0.271616
43,5732,0.259465
43,5752,0.352998
43,5775,0.376114
43,5810,0.243015
43,5849,0.239987
43,5872,0.11733
43,6117,0.254735
43,6131,0.322125
44,110,0.159318
44,333,0.183669
44,362,0.313885
44,371,0.294518
44,563,0.345066
44,611,0.298934
44,645,0.324354
44,698,0.187125
44,753,0.344156
44,755,0.237189
44,799,0.283642
44,825,0.301616
44,851,0.209704
44,876,0.381384
44,892,0.173279
44,906,0.212867
44,936,0.208508
44,968,0.20477
44,1039,0.207799
44,1056,0.329084
44,1073,0.185546
44,1074,0.360621
44,1141,0.224652
44,1245,0.233853
44,1281,0.334128
44,1287,0.32897
44,1311,0.218546
44,1329,0.241941
44,1343,0.260396
44,1347,0.231031
44,1457,0.33342
44,1465,0.191452
44,1478,0.290144
44,1485,0.208268
44,1518,0.209333
44,1557,0.284558
44,1587,0.241562
44,1588,0.271564
44,1657,0.113645
44,1793,0.220288
44,1845,0.248172
44,1877,0.150182
44,1911,0.138004
44,1956,0.334492
44,2078,0.183651
44,2082,0.124447
44,2104,0.226476
44,2317,0.227358
44,2340,0.256077
44,2360,0.216837
44,2564,0.226685
44,2627,0.277426
44,2697,0.263826
44,2734,0.233335
44,2821,0.342947
44,2879,0.315157
44,2914,0.261362
44,2942,0.220035
44,2943,0.347197
44,2976,0.224619
44,2990,0.332915
44,3037,0.206028
44,3063,0.235702
44,3129,0.233769
44,3131,0.147705
44,3224,0.192434
44,3239,0.20595
44,3292,0.248938
44,3326,0.254471
44,3360,0.203202
44,3361,0.215866
44,3384,0.308762
44,3387,0.388955
44,3396,0.386533
44,3479,0.196941
44,3507,0.225649
44,3512,0.218341
44,3530,0.236128
44,3541,0.324323
44,3575,0.26607
44,3631,0.189803
44,3696,0.164383
44,3728,0.269114
44,3744,0.170678
44,3752,0.245803
44,3878,0.239165
44,3938,0.192633
44,3942,0.294303
44,3984,0.316271
44,4007,0.35434
44,4017,0.305624
44,4052,0.352023
44,4099,0.325625
44,4107,0.323669
44,4233,0.307299
44,4289,0.392188
44,4290,0.199923
44,4303,0.328269
44,4337,0.354094
44,4403,0.279716
44,4444,0.290803
44,4468,0.25193
44,4504,0.234536
44,4570,0.219594
44,4574,0.230883
44,4638,0.255485
44,4728,0.270403
44,4851,0.186638
44,4856,0.242184
44,4877,0.202372
44,4990,0.205704
44,5061,0.237386
44,5091,0.299427
44,5110,0.253261
44,5117,0.157428
44,5179,0.195925
44,5262,0.377039
44,5268,0.296907
44,5441,0.363697
44,5456,0.320607
44,5553,0.210906
44,5665,0.228102
44,5691,0.347057
44,5720,0.256112
44,5809,0.279221
44,5830,0.233229
44,5856,0.368831
44,5868,0.21206
44,5871,0.190985
44,5903,0.320878
44,5940,0.281058
44,5959,0.195717
44,6030,0.193359
44,6041,0.309039
44,6078,0.302258
44,6149,0.374175
44,6157,0.260416
45,27,0.226983
45,36,0.254295
45,74,0.16068
45,110,0.253935
45,161,0.273503
45,197,0.367725
45,291,0.260453
45,319,0.253477
45,417,0.317629
45,436,0.172887
45,573,0.221849
45,583,0.239481
45,660,0.187698
45,666,0.264645
45,703,0.205554
45,711,0.136006
45,763,0.261571
45,821,0.21975
45,850,0.369258
45,905,0.239022
45,918,0.300233
45,927,0.259792
45,972,0.254937
45,1059,0.257643
45,1106,0.42857
45,1153,0.242868
45,1177,0.27843
45,1204,0.2588
45,1258,0.263411
45,1377,0.245476
45,1378,0.177393
45,1495,0.186591
45,1501,0.261116
45,1728,0.24904
45,1752,0.221
45,1770,0.187031
45,1905,0.161314
45,1919,0.236537
45,1920,0.293029
45,1933,0.313362
45,2054,0.226774
45,2067,0.309036
45,2114,0.26889
45,2197,0.183963
45,2232,0.323898
45,2259,0.281652
45,2321,0.187492
45,2359,0.197701
45,2419,0.248438
45,2431,0.193395
45,2443,0.168879
45,2450,0.21511
45,2513,0.147422
45,2523,0.280205
45,2557,0.192586
45,2627,0.288406
45,2758,0.273435
45,2809,0.309153
45,2817,0.379093
45,2819,0.250064
45,2829,0.272
45,2868,0.296794
45,2983,0.153862
45,2987,0.2843
45,2999,0.194277
45,3033,0.328895
45,3115,0.311895
45,3136,0.290437
45,3149,0.207412
45,3154,0.291096
45,3262,0.284029
45,3355,0.269031
45,3391,0.199409
45,3522,0.262179
45,3533,0.198787
45,3544,0.256514
45,3582,0.360841
45,3717,0.300174
45,3737,0.288928
45,3825,0.177113
45,4034,0.332124
45,4083,0.23906
45,4243,0.213489
45,4258,0.331534
45,4262,0.251962
45,4263,0.319114
45,4277,0.26466
45,4286,0.164771
45,4333,0.272343
45,4364,0.263005
45,4376,0.179241
45,4407,0.363329
45,4416,0.380594
45,4477,0.264762
45,4508,0.291957
45,4622,0.288833
45,4623,0.296197
45,4629,0.255093
45,4640,0.319949
45,4685,0.244256
45,4803,0.284904
45,4815,0.209703
45,4836,0.212455
45,4874,0.314132
45,4894,0.173831
45,4920,0.258217
45,4928,0.320211
45,4940,0.163958
45,4959,0.214679
45,4963,0.262582
45,4994,0.340586
45,5065,0.284523
45,5089,0.331025
45,5129,0.269582
45,5133,0.217115
45,5159,0.252217
45,5191,0.221342
45,5234,0.283149
45,5345,0.236672
45,5387,0.288708
45,5470,0.270121
45,5482,0.281725
45,5527,0.218515
45,5549,0.332914
45,5627,0.284954
45,5651,0.300609
45,5720,0.257793
45,5790,0.205564
45,5938,0.265533
45,5943,0.324904
45,6041,0.315169
45,6068,0.229222
45,6116,0.265629
46,128,0.291844
46,130,0.214339
46,155,0.246677
46,260,0.350575
46,371,0.220774
46,388,0.181461
46,395,0.256171
46,490,0.1908
46,492,0.330442
46,525,0.244522
46,570,0.28377
46,600,0.304575
46,671,0.246973
46,689,0.158274
46,736,0.177974
46,992,0.384063
46,1125,0.254661
46,1234,0.239894
46,1305,0.381006
46,1312,0.135743
46,1337,0.201577
46,1348,0.234748
46,1386,0.187043
46,1417,0.279397
46,1515,0.248848
46,1517,0.321535
46,1554,0.166649
46,1618,0.30829
46,1656,0.24791
46,1665,0.211404
46,1745,0.335536
46,1775,0.198119
46,1784,0.350663
46,1879,0.300044
46,1907,0.28715
46,1946,0.197167
46,1967,0.276882
46,2035,0.178862
46,2039,0.223194
46,2066,0.249883
46,2090,0.190847
46,2107,0.309377
46,2188,0.274568
46,2192,0.309871
46,2265,0.232609
46,2284,0.22436
46,2305,0.235519
46,2362,0.338524
46,2395,0.309848
46,2447,0.243188
46,2530,0.311515
46,2565,0.317876
46,2570,0.204926
46,2662,0.203649
46,2804,0.281625
46,2865,0.259294
46,2985,0.225663
46,3126,0.303737
46,3168,0.272044
46,3190,0.264748
46,3245,0.256377
46,3337,0.16682
46,3399,0.293311
46,3415,0.248789
46,3489,0.248568
46,3490,0.275088
46,3496,0.175864
46,3498,0.274307
46,3532,0.361966
46,3636,0.306992
46,3643,0.242572
46,3716,0.233174
46,3848,0.240966
46,3881,0.273136
46,3901,0.283948
46,4068,0.286016
46,4116,0.177184
46,4207,0.229684
46,4394,0.239887
46,4444,0.16471
46,4513,0.16469
46,4549,0.337811
46,4646,0.274345
46,4657,0.222939
46,4660,0.245335
46,4693,0.314811
46,4721,0.119645
46,4751,0.325267
46,4761,0.223506
46,4795,0.250723
46,4812,0.31349
46,4861,0.308202
46,4879,0.312321
46,4967,0.304522
46,4972,0.233519
46,5119,0.256239
46,5161,0.151874
46,5173,0.2628
46,5182,0.174508
46,5187,0.340754
46,5192,0.34663
46,5202,0.35958
46,5204,0.242602
46,5290,0.25316
46,5377,0.361864
46,5379,0.227882
46,5401,0.311727
46,5409,0.275938
46,5449,0.26709
46,5507,0.212894
46,5508,0.239667
46,5620,0.282972
46,5665,0.245384
46,5684,0.163997
46,5699,0.283732
46,5714,0.313724
46,5719,0.252036
46,5725,0.234893
46,5756,0.293769
46,5879,0.350076
46,5893,0.19433
46,5952,0.226183
46,5961,0.183089
46,5968,0.32559
46,6065,0.275814
46,6153,0.267123
46,6166,0.276476
46,6178,0.371258
47,25,0.255813
47,33,0.187846
47,47,0.182422
47,163,0.216714
47,187,0.310076
47,193,0.277821
47,265,0.203698
47,276,0.262915
47,308,0.266465
47,386,0.273377
47,410,0.265844
47,439,0.19855
47,613,0.212436
47,661,0.390289
47,705,0.214885
47,714,0.241037
47,817,0.248165
47,850,0.20465
47,872,0.246949
47,915,0.248472
47,918,0.166765
47,973,0.174203
47,1014,0.153631
47,1057,0.331392
47,1143,0.303592
47,1177,0.245953
47,1198,0.236868
47,1221,0.246827
47,1227,0.3275
47,1282,0.242341
47,1336,0.22845
47,1350,0.257082
47,1448,0.343501
47,1474,0.152218
47,1492,0.300734
47,1627,0.194762
47,1706,0.282948
47,1750,0.22433
47,1795,0.295866
47,1836,0.177735
47,1908,0.215317
47,1959,0.294875
47,1974,0.280543
47,1986,0.201944
47,2002,0.241543
47,2055,0.305788
47,2101,0.242958
47,2217,0.233385
47,2224,0.324246
47,2345,0.259824
47,2396,0.359693
47,2416,0.269187
47,2430,0.180496
47,2439,0.21462
47,2466,0.223114
47,2467,0.277829
47,2497,0.329729
47,2722,0.330189
47,2728,0.25145
47,2846,0.184534
47,2879,0.15505
47,2900,0.342551
47,2913,0.274314
47,3060,0.31864
47,3084,0.289866
47,3123,0.329113
47,3134,0.317259
47,3138,0.262162
47,3263,0.335452
47,3322,0.264992
47,3355,0.30213
47,3422,0.308479
47,3488,0.160476
47,3521,0.213975
47,3604,0.281591
47,3612,0.295546
47,3650,0.195042
47,3685,0.323973
47,3702,0.221609
47,3752,0.269277
47,3820,0.29658
47,3842,0.275063
47,3882,0.255099
47,3926,0.372588
47,3936,0.207636
47,3974,0.205073
47,3977,0.241739
47,3990,0.347441
47,4045,0.243606
47,4282,0.184227
47,4304,0.254091
47,4376,0.252671
47,4384,0.224845
47,4444,0.197093
47,4553,0.246696
47,4576,0.286668
47,4581,0.217693
47,4587,0.318073
47,4772,0.292762
47,4787,0.300418
47,4808,0.311787
47,4809,0.344232
47,4820,0.229508
47,4821,0.198683
47,4856,0.320034
47,4912,0.246159
47,4917,0.300452
47,4939,0.296499
47,4958,0.227703
47,4966,0.202368
47,4992,0.325985
47,5009,0.211881
47,5067,0.325766
47,5148,0.217172
47,5266,0.257522
47,5303,0.276593
47,5323,0.17634
47,5363,0.270987
47,5376,0.390033
47,5417,0.177904
47,5436,0.235313
47,5467,0.276152
47,5478,0.351062
47,5511,0.27539
47,5569,0.329911
47,5650,0.313744
47,5805,0.292421
47,5819,0.344475
47,5834,0.425246
47,5914,0.312944
47,5932,0.232168
47,5935,0.187913
47,6076,0.175866
47,6086,0.295068
47,6096,0.235256
47,6145,0.214045
47,6162,0.23923
48,48,0.178986
48,127,0.263742
48,175,0.206535
48,176,0.179007
48,204,0.280595
48,209,0.248898
48,220,0.335249
48,225,0.256147
48,248,0.261347
48,268,0.149517
48,299,0.203036
48,305,0.317456
48,324,0.301084
48,337,0.250754
48,343,0.300244
48,388,0.29128
48,463,0.307112
48,572,0.146847
48,584,0.304055
48,679,0.266188
48,697,0.17597
48,790,0.241126
48,819,0.285038
48,821,0.26902
48,868,0.181022
48,941,0.240949
48,1038,0.243463
48,1046,0.287672
48,1086,0.177588
48,1110,0.231444
48,1251,0.328782
48,1433,0.248659
48,1456,0.284473
48,1501,0.171572
48,1530,0.219687
48,1542,0.241175
48,1584,0.181358
48,1591,0.181272
48,1622,0.298606
48,1629,0.202485
48,1689,0.243972
48,1715,0.125488
48,1745,0.343742
48,1752,0.223221
48,1816,0.270425
48,1845,0.258807
48,1957,0.177001
48,1978,0.270568
48,1984,0.235535
48,2005,0.321362
48,2098,0.273248
48,2101,0.328391
48,2139,0.259239
48,2145,0.281608
48,2149,0.352109
48,2186,0.157353
48,2213,0.208403
48,2257,0.169255
48,2262,0.319054
48,2307,0.265322
48,2314,0.228203
48,2319,0.194536
48,2439,0.233566
48,2499,0.259959
48,2525,0.240056
48,2566,0.213654
48,2604,0.35069
48,2655,0.156106
48,2656,0.297543
48,2773,0.276353
48,2968,0.303069
48,2976,0.254267
48,3009,0.380461
48,3018,0.220809
48,3060,0.274672
48,3063,0.191093
48,3078,0.312574
48,3140,0.21571
48,3167,0.298067
48,3209,0.322606
48,3258,0.276785
48,3306,0.146823
48,3332,0.336923
48,3462,0.301658
48,3571,0.233368
48,3592,0.315601
48,3599,0.225254
48,3822,0.247372
48,3875,0.279648
48,3895,0.221055
48,3922,0.24963
48,4000,0.272787
48,4036,0.274177
48,4045,0.152175
48,4067,0.278868
48,4095,0.266401
48,4118,0.235069
48,4154,0.219249
48,4164,0.195392
48,4222,0.25591
48,4240,0.227832
48,4418,0.193099
48,4475,0.245877
48,4638,0.244486
48,4640,0.317534
48,4687,0.307973
48,4695,0.171931
48,4746,0.238423
48,4816,0.228615
48,4861,0.302735
48,4888,0.197238
48,4893,0.268377
48,4937,0.200514
48,5185,0.255656
48,5192,0.245626
48,5277,0.173088
48,5336,0.281078
48,5448,0.236961
48,5514,0.345418
48,5572,0.290093
48,5585,0.380495
48,5601,0.258393
48,5613,0.305376
48,5630,0.252984
48,5655,0.273553
48,5718,0.244865
48,5760,0.177881
48,5782,0.306472
48,5818,0.363778
48,5876,0.238903
48,5948,0.399739
48,5968,0.374821
48,6026,0.243997
48,6055,0.266235
49,28,0.301116
49,96,0.219183
49,112,0.213899
49,120,0.213605
49,161,0.250086
49,225,0.363777
49,268,0.134282
49,298,0.319434
49,325,0.28919
49,451,0.304382
49,524,0.268464
49,557,0.255122
49,589,0.212875
49,591,0.262826
49,635,0.277331
49,720,0.175544
49,721,0.152277
49,736,0.294945
49,770,0.201881
49,812,0.292846
49,848,0.116435
49,850,0.149816
49,939,0.261587
49,942,0.155794
49,948,0.169026
49,982,0.239695
49,984,0.216619
49,1147,0.26761
49,1149,0.241273
49,1164,0.218419
49,1189,0.233278
49,1199,0.191018
49,1214,0.197208
49,1289,0.301745
49,1291,0.197012
49,1305,0.231678
49,1325,0.219791
49,1396,0.362147
49,1449,0.253226
49,1482,0.252016
49,1556,0.288082
49,1597,0.210282
49,1621,0.197129
49,1664,0.308716
49,1680,0.243587
49,1742,0.213655
49,1798,0.202927
49,1838,0.240673
49,1842,0.18179
49,1844,0.182767
49,1868,0.292102
49,1913,0.232389
49,1938,0.280578
49,1958,0.216932
49,1966,0.341837
49,1975,0.302644
49,1999,0.163405
49,2042,0.285532
49,2043,0.10322
49,2054,0.22217
49,2056,0.267253
49,2131,0.204432
49,2312,0.244498
49,2404,0.166878
49,2433,0.23674
49,2444,0.340387
49,2452,0.237831
49,2461,0.382942
49,2469,0.261499
49,2479,0.219667
49,2481,0.207055
49,2494,0.275291
49,2520,0.255554
49,2537,0.273244
49,2594,0.37665
49,2624,0.333464
49,2655,0.259856
49,2665,0.262398
49,2671,0.213894
49,2709,0.237975
49,2853,0.308215
49,2859,0.297825
49,2917,0.277902
49,2937,0.204119
49,2950,0.381098
49,3142,0.32974
49,3209,0.301122
49,3250,0.186361
49,3366,0.351599
49,3367,0.359843
49,3384,0.175308
49,3426,0.296617
49,3430,0.19308
49,3469,0.359215
49,3509,0.266914
49,3524,0.250873
49,3563,0.180331
49,3589,0.260144
49,3596,0.185075
49,3635,0.1741
49,3650,0.303851
49,3708,0.345795
49,3746,0.272061
49,3864,0.362404
49,3895,0.307068
49,3938,0.426927
49,3970,0.287408
49,4130,0.052002
49,4155,0.268209
49,4199,0.241389
49,4232,0.252919
49,4255,0.173823
49,4258,0.197525
49,4271,0.226723
49,4294,0.277916
49,4339,0.199337
49,4365,0.232619
49,4371,0.143804
49,4405,0.265939
49,4466,0.183493
49,4485,0.29585
49,4490,0.24809
49,4568,0.226917
49,4577,0.196706
49,4606,0.29272
49,4722,0.179567
49,4836,0.189192
49,4861,0.240215
49,4912,0.288668
49,4996,0.166323
49,5048,0.322417
49,5078,0.241228
49,5089,0.267221
49,5148,0.320421
49,5166,0.243967
49,5304,0.095639
49,5316,0.325177
49,5349,0.282894
49,5362,0.323536
49,5432,0.237501
49,5471,0.349788
49,5659,0.218358
49,5674,0.245889
49,5684,0.211008
49,5806,0.268395
49,5820,0.458006
49,5887,0.260096
49,5899,0.218129
49,5940,0.338871
49,5990,0.326134
49,5999,0.174096
49,6000,0.196095
49,6007,0.187703
49,6059,0.303991
49,6093,0.285148
49,6100,0.268361
49,6108,0.28348
49,6168,0.258054
50,14,0.162169
50,95,0.183111
50,168,0.256288
50,201,0.24851
50,298,0.284734
50,322,0.195019
50,420,0.265268
50,438,0.260518
50,442,0.220922
50,501,0.180897
50,513,0.304345
50,534,0.27395
50,567,0.215538
50,623,0.282084
50,716,0.261573
50,754,0.290004
50,796,0.207007
50,808,0.232071
50,813,0.26198
50,831,0.18597
50,874,0.203995
50,902,0.203536
50,960,0.268708
50,983,0.280621
50,1037,0.22357
50,1062,0.255059
50,1092,0.241841
50,1112,0.218533
50,1118,0.205353
50,1163,0.452345
50,1177,0.291256
50,1281,0.251288
50,1336,0.247109
50,1385,0.193877
50,1445,0.233167
50,1468,0.323828
50,1552,0.242167
50,1579,0.203765
50,1613,0.184731
50,1746,0.155374
50,1830,0.259182
50,1909,0.230849
50,1967,0.198841
50,2067,0.355355
50,2129,0.312957
50,2163,0.259767
50,2176,0.279263
50,2249,0.33818
50,2271,0.17931
50,2275,0.327926
50,2296,0.308938
50,2297,0.278706
50,2325,0.255149
50,2400,0.234917
50,2407,0.481401
50,2416,0.357521
50,2472,0.274297
50,2520,0.231152
50,2523,0.300081
50,2554,0.17114
50,2598,0.211655
50,2653,0.223836
50,2678,0.119156
50,2707,0.253878
50,2762,0.256978
50,2892,0.248634
50,2957,0.203845
50,3017,0.283644
50,3037,0.260967
50,3068,0.233213
50,3080,0.26046
50,3095,0.256721
50,3150,0.15433
50,3213,0.275361
50,3225,0.244029
50,3231,0.199287
50,3244,0.377064
50,3370,0.155234
50,3404,0.310493
50,3446,0.212917
50,3482,0.288409
50,3509,0.341022
50,3529,0.203753
50,3604,0.269181
50,3608,0.252581
50,3610,0.200881
50,3684,0.189078
50,3702,0.336912
50,3806,0.350845
50,3925,0.218325
50,3926,0.351565
50,3952,0.336145
50,3962,0.264455
50,3997,0.160687
50,4011,0.253362
50,4044,0.248713
50,4144,0.251965
50,4198,0.237519
50,4233,0.245644
50,4239,0.152676
50,4248,0.353466
50,4329,0.2686
50,4401,0.297014
50,4434,0.252065
50,4472,0.205919
50,4482,0.303279
50,4548,0.208435
50,4550,0.227077
50,4679,0.259689
50,4763,0.313709
50,4764,0.256152
50,4792,0.14565
50,4806,0.222424
50,4832,0.213109
50,4922,0.251478
50,5056,0.227991
50,5137,0.23071
50,5185,0.276892
50,5237,0.291015
50,5260,0.349901
50,5309,0.231285
50,5338,0.26247
50,5380,0.357164
50,5497,0.248805
50,5503,0.254451
50,5549,0.220659
50,5592,0.245598
50,5610,0.268764
50,5622,0.26784
50,5650,0.206312
50,5684,0.170325
50,5708,0.279974
50,5715,0.362681
50,5749,0.221388
50,5867,0.274142
50,5980,0.225048
50,6024,0.260705
50,6100,0.403851
50,6136,0.219938
51,51,0.268913
51,131,0.329332
51,188,0.253485
51,210,0.191269
51,228,0.290707
51,261,0.265203
51,283,0.250001
51,290,0.212457
51,321,0.299163
51,456,0.320419
51,466,0.171997
51,471,0.207897
51,500,0.280747
51,553,0.175142
51,584,0.208929
51,588,0.236973
51,594,0.160569
51,934,0.253309
51,952,0.154578
51,958,0.163946
51,994,0.204568
51,996,0.288212
51,1010,0.218814
51,1063,0.314434
51,1072,0.358371
51,1075,0.284418
51,1117,0.214631
51,1177,0.214004
51,1231,0.236127
51,1248,0.24319
51,1362,0.240636
51,1419,0.290655
51,1434,0.227966
51,1453,0.264915
51,1502,0.304475
51,1516,0.338471
51,1537,0.212844
51,1544,0.227689
51,1577,0.375426
51,1602,0.234457
51,1618,0.369671
51,1627,0.286784
51,1635,0.3034
51,1715,0.25825
51,1761,0.26773
51,1803,0.145293
51,2113,0.316223
51,2123,0.222228
51,2169,0.220018
51,2187,0.258367
51,2222,0.226564
51,2225,0.241116
51,2340,0.307486
51,2370,0.272352
51,2388,0.207267
51,2398,0.333073
51,2429,0.221019
51,2463,0.237686
51,2526,0.236626
51,2570,0.255432
51,2597,0.309005
51,2637,0.21274
51,2647,0.229509
51,2763,0.232466
51,2765,0.344136
51,2776,0.306122
51,2797,0.31694
51,2897,0.216606
51,2911,0.293963
51,2946,0.340715
51,2961,0.262202
51,3101,0.215942
51,3128,0.249559
51,3168,0.205288
51,3203,0.271296
51,3235,0.238922
51,3251,0.251996
51,3257,0.276585
51,3318,0.23856
51,3408,0.176687
51,3559,0.208115
51,3606,0.243623
51,3609,0.353284
51,3614,0.308845
51,3618,0.277182
51,3671,0.288667
51,3695,0.231795
51,3731,0.17414
51,3819,0.295135
51,3918,0.213369
51,3950,0.24625
51,3997,0.39117
51,4051,0.27637
51,4064,0.296007
51,4072,0.237075
51,4232,0.217227
51,4264,0.190343
51,4299,0.245253
51,4335,0.241473
51,4348,0.257485
51,4360,0.327096
51,4379,0.21105
51,4398,0.182507
51,4434,0.212914
51,4533,0.188039
51,4535,0.298771
51,4573,0.293115
51,4588,0.313996
51,4594,0.244941
51,4636,0.269288
51,4727,0.287262
51,4754,0.257944
51,4759,0.269649
51,4852,0.300948
51,4954,0.123046
51,4960,0.24099
51,5028,0.29076
51,5065,0.236713
51,5104,0.324884
51,5115,0.279463
51,5128,0.220378
51,5168,0.238152
51,5201,0.260641
51,5202,0.310643
51,5238,0.379314
51,5351,0.223404
51,5389,0.268026
51,5407,0.215971
51,5411,0.317869
51,5416,0.229442
51,5443,0.203922
51,5446,0.26896
51,5466,0.304638
51,5473,0.283652
51,5507,0.312785
51,5540,0.2724
51,5589,0.359549
51,5623,0.278268
51,5857,0.184606
51,5877,0.276236
51,5908,0.334682
51,5957,0.176904
51,6003,0.204305
51,6030,0.327283
51,6170,0.191296
51,6176,0.289161
52,3,0.216416
52,27,0.191486
52,33,0.241561
52,76,0.362247
52,80,0.226694
52,133,0.328223
52,212,0.286824
52,249,0.214629
52,332,0.209473
52,344,0.250266
52,480,0.184237
52,529,0.339335
52,565,0.255638
52,573,0.258054
52,651,0.300809
52,702,0.239665
52,714,0.269508
52,809,0.228489
52,852,0.190369
52,853,0.257933
52,997,0.285524
52,998,0.29303
52,1003,0.234825
52,1014,0.213138
52,1016,0.35829
52,1058,0.277712
52,1159,0.174886
52,1183,0.24566
52,1184,0.226362
52,1231,0.2594
52,1291,0.286665
52,1311,0.149416
52,1395,0.205849
52,1406,0.307615
52,1455,0.258883
52,1563,0.183573
52,1622,0.320549
52,1661,0.227091
52,1678,0.271067
52,1873,0.239144
52,1911,0.286823
52,1914,0.290604
52,1924,0.241204
52,1929,0.215555
52,1935,0.31224
52,1964,0.260373
52,2018,0.27293
52,2096,0.25231
52,2144,0.170771
52,2177,0.251685
52,2178,0.21811
52,2301,0.237644
52,2313,0.222234
52,2334,0.309592
52,2452,0.242428
52,2478,0.201299
52,2480,0.310663
52,2508,0.251906
52,2549,0.164945
52,2576,0.339823
52,2607,0.244433
52,2867,0.200781
52,2991,0.272931
52,3032,0.313292
52,3063,0.250569
52,3076,0.214391
52,3110,0.214842
52,3118,0.297903
52,3124,0.284379
52,3213,0.244101
52,3224,0.21495
52,3266,0.32027
52,3280,0.200984
52,3329,0.234301
52,3461,0.270446
52,3472,0.257254
52,3615,0.422392
52,3701,0.311409
52,3737,0.20999
52,3752,0.277397
52,3760,0.242361
52,3799,0.267867
52,3807,0.26151
52,3897,0.242947
52,3943,0.275358
52,4052,0.199654
52,4099,0.266701
52,4100,0.233873
52,4131,0.251475
52,4133,0.240871
52,4155,0.249167
52,4260,0.282751
52,4269,0.352996
52,4395,0.331146
52,4413,0.194898
52,4504,0.302814
52,4518,0.264055
52,4542,0.267112
52,4550,0.249503
52,4562,0.228331
52,4693,0.279735
52,4917,0.28018
52,4927,0.229708
52,4988,0.349881
52,5016,0.215981
52,5089,0.234754
52,5103,0.361742
52,5104,0.2091
52,5116,0.242733
52,5117,0.265932
52,5170,0.245841
52,5230,0.139781
52,5271,0.337822
52,5286,0.248938
52,5288,0.222999
52,5401,0.224697
52,5428,0.167369
52,5443,0.399249
52,5467,0.212725
52,5571,0.260449
52,5585,0.237842
52,5594,0.140984
52,5899,0.296588
52,5920,0.216901
52,6050,0.240118
52,6090,0.188486
52,6142,0.225307
52,6169,0.173461
52,6173,0.120569
53,94,0.349986
53,125,0.246953
53,130,0.279259
53,138,0.224335
53,164,0.233236
53,171,0.269763
53,204,0.266132
53,240,0.249003
53,246,0.238886
53,289,0.277231
53,295,0.241277
53,324,0.189267
53,358,0.198391
53,394,0.34783
53,417,0.310398
53,442,0.221546
53,493,0.126981
53,858,0.264804
53,960,0.358407
53,1003,0.188951
53,1076,0.261702
53,1118,0.178861
53,1121,0.268822
53,1131,0.233643
53,1189,0.2269
53,1191,0.230534
53,1221,0.297009
53,1250,0.354081
53,1272,0.278218
53,1277,0.275239
53,1320,0.242514
53,1333,0.269191
53,1377,0.250627
53,1382,0.22635
53,1445,0.214151
53,1516,0.259548
53,1536,0.273913
53,1569,0.314468
53,1592,0.243106
53,1640,0.278644
53,1720,0.26952
53,1739,0.192567
53,1754,0.286044
53,1793,0.195041
53,1912,0.184989
53,1937,0.209758
53,2030,0.205775
53,2067,0.209342
53,2083,0.276025
53,2094,0.274279
53,2160,0.247371
53,2215,0.263023
53,2379,0.247763
53,2404,0.267248
53,2479,0.342077
53,2502,0.205895
53,2519,0.282762
53,2540,0.385734
53,2546,0.152518
53,2552,0.227966
53,2616,0.292199
53,2621,0.169517
53,2633,0.312052
53,2709,0.306004
53,2855,0.237847
53,2912,0.253234
53,2920,0.214188
53,2972,0.19227
53,3069,0.307059
53,3089,0.221221
53,3163,0.271698
53,3207,0.234223
53,3245,0.317673
53,3248,0.201618
53,3277,0.304121
53,3301,0.222513
53,3412,0.30109
53,3434,0.253327
53,3457,0.153092
53,3506,0.235729
53,3567,0.319361
53,3572,0.22585
53,3582,0.24035
53,3641,0.316766
53,3670,0.187837
53,3683,0.229985
53,3726,0.240272
53,3731,0.234071
53,3752,0.412027
53,3785,0.347069
53,3829,0.219112
53,3955,0.237949
53,3966,0.164293
53,3994,0.238357
53,4006,0.167196
53,4105,0.278434
53,4150,0.226376
53,4157,0.179168
53,4177,0.263574
53,4262,0.283953
53,4369,0.220277
53,4375,0.239967
53,4431,0.252978
53,4467,0.339564
53,4502,0.205158
53,4671,0.210347
53,4702,0.282845
53,4731,0.247659
53,4743,0.229429
53,4744,0.353483
53,4745,0.257993
53,4753,0.29691
53,4806,0.264002
53,4870,0.220875
53,4939,0.272611
53,5034,0.23399
53,5119,0.213198
53,5182,0.230533
53,5266,0.325749
53,5313,0.263483
53,5405,0.315441
53,5486,0.272868
53,5504,0.251871
53,5511,0.210625
53,5655,0.283383
53,5671,0.216317
53,5759,0.255508
53,5766,0.296143
53,5829,0.265404
53,5850,0.344062
53,5861,0.243703
53,5982,0.258776
53,5985,0.285355
53,6012,0.255443
53,6032,0.241459
53,6097,0.244502
53,6107,0.283678
54,61,0.287517
54,150,0.250961
54,211,0.222293
54,283,0.312135
54,372,0.272865
54,422,0.271006
54,489,0.234838
54,499,0.327884
54,500,0.2332
54,556,0.226797
54,691,0.203127
54,700,0.259946
54,765,0.199689
54,964,0.28801
54,966,0.234525
54,1047,0.221862
54,1084,0.257758
54,1097,0.146237
54,1105,0.183648
54,1178,0.269707
54,1179,0.160043
54,1187,0.454133
54,1235,0.296499
54,1314,0.204596
54,1332,0.187516
54,1459,0.339942
54,1509,0.251813
54,1524,0.183323
54,1529,0.27115
54,1558,0.254721
54,1560,0.254396
54,1562,0.248454
54,1602,0.283248
54,1608,0.221045
54,1643,0.23593
54,1722,0.240637
54,1750,0.25736
54,1755,0.158379
54,1852,0.242357
54,1975,0.200381
54,2074,0.290726
54,2075,0.293777
54,2102,0.271895
54,2119,0.285498
54,2224,0.360678
54,2258,0.132973
54,2263,0.237655
54,2324,0.143048
54,2371,0.359243
54,2401,0.186785
54,2433,0.200831
54,2449,0.309692
54,2504,0.291497
54,2511,0.152517
54,2527,0.272025
54,2534,0.302181
54,2640,0.374204
54,2654,0.220649
54,2709,0.163869
54,2752,0.309852
54,2773,0.268495
54,2808,0.228728
54,2815,0.268761
54,2904,0.255371
54,2984,0.255185
54,3045,0.340922
54,3056,0.26427
54,3099,0.219998
54,3155,0.234805
54,3179,0.22725
54,3200,0.306176
54,3245,0.23072
54,3283,0.368807
54,3331,0.257192
54,3355,0.27608
54,3371,0.280132
54,3403,0.262354
54,3450,0.320951
54,3461,0.186333
54,3472,0.211287
54,3705,0.370747
54,3737,0.212716
54,3764,0.272387
54,3895,0.139531
54,3958,0.265612
54,3991,0.280786
54,4030,0.254008
54,4066,0.223218
54,4086,0.30377
54,4138,0.260804
54,4148,0.204882
54,4159,0.271958
54,4166,0.281561
54,4241,0.316898
54,4271,0.361256
54,4277,0.350275
54,4280,0.231993
54,4281,0.203449
54,4345,0.338758
54,4367,0.264419
54,4396,0.188464
54,4417,0.275347
54,4462,0.322459
54,4534,0.284021
54,4577,0.318119
54,4609,0.243095
54,4633,0.285321
54,4659,0.295352
54,4683,0.277548
54,4710,0.27072
54,4747,0.191358
54,4847,0.118723
54,4867,0.295492
54,4869,0.293227
54,4934,0.198037
54,4960,0.226017
54,4980,0.188136
54,4986,0.256559
54,4998,0.232748
54,5008,0.222643
54,5058,0.3335
54,5087,0.247057
54,5117,0.158646
54,5129,0.26547
54,5194,0.246639
54,5231,0.283389
54,5439,0.234464
54,5527,0.240908
54,5532,0.287487
54,5553,0.306285
54,5569,0.242116
54,5593,0.296935
54,5604,0.274919
54,5615,0.217029
54,5712,0.295827
54,5719,0.154278
54,5763,0.329157
54,5776,0.323936
54,5780,0.172985
54,5817,0.342869
54,5918,0.244121
54,5927,0.241582
54,5936,0.300432
54,6093,0.303618
54,6143,0.254445
54,6179,0.228611
55,52,0.280982
55,60,0.228912
55,98,0.246265
55,103,0.280107
55,145,0.281956
55,224,0.147866
55,263,0.267742
55,317,0.223331
55,378,0.233009
55,441,0.224342
55,500,0.309927
55,555,0.241588
55,668,0.290748
55,683,0.223232
55,727,0.318755
55,754,0.279347
55,814,0.233641
55,850,0.239763
55,871,0.252181
55,892,0.155198
55,986,0.302697
55,999,0.221575
55,1024,0.19263
55,1083,0.205741
55,1108,0.279492
55,1119,0.1922
55,1185,0.317477
55,1231,0.251375
55,1240,0.269617
55,1287,0.300071
55,1339,0.294291
55,1357,0.218623
55,1361,0.210069
55,1375,0.320539
55,1388,0.178897
55,1406,0.265105
55,1482,0.162377
55,1534,0.225824
55,1569,0.359263
55,1590,0.17055
55,1609,0.248457
55,1654,0.189872
55,1709,0.226519
55,1716,0.239976
55,1784,0.256224
55,1804,0.215596
55,1821,0.152654
55,1842,0.177812
55,1852,0.245762
55,1869,0.307523
55,1874,0.257848
55,1894,0.206866
55,1953,0.177536
55,1979,0.260691
55,1992,0.359738
55,2002,0.273955
55,2016,0.29054
55,2135,0.256189
55,2164,0.184402
55,2212,0.22743
55,2334,0.26307
55,2357,0.34045
55,2471,0.256195
55,2477,0.25619
55,2490,0.188154
55,2508,0.188173
55,2580,0.287538
55,2611,0.267354
55,2649,0.213849
55,2657,0.488191
55,2740,0.302156
55,2742,0.216702
55,2817,0.153394
55,2834,0.237582
55,2843,0.140399
55,3018,0.200819
55,3035,0.298002
55,3069,0.19511
55,3082,0.232699
55,3152,0.218286
55,3176,0.230412
55,3277,0.340776
55,3312,0.276312
55,3366,0.192698
55,3429,0.315153
55,3566,0.395378
55,3579,0.213806
55,3652,0.327283
55,3655,0.143311
55,3666,0.215926
55,3722,0.2101
55,3732,0.30631
55,3786,0.326029
55,3823,0.241506
55,3831,0.131024
55,3875,0.394037
55,3909,0.160215
55,3951,0.223344
55,3976,0.241325
55,3997,0.245225
55,4047,0.172221
55,4062,0.29967
55,4074,0.155831
55,4165,0.1215
55,4226,0.305013
55,4257,0.213715
55,4263,0.204126
55,4275,0.268532
55,4453,0.204964
55,4522,0.19044
55,4552,0.282872
55,4608,0.252842
55,4654,0.331882
55,4685,0.118016
55,4703,0.326639
55,4814,0.202479
55,4853,0.320501
55,4864,0.321761
55,4919,0.265831
55,4944,0.212848
55,4965,0.298767
55,4982,0.303529
55,5005,0.181846
55,5009,0.373872
55,5023,0.192465
55,5067,0.187405
55,5115,0.164988
55,5126,0.226201
55,5165,0.307935
55,5284,0.263873
55,5431,0.300174
55,5530,0.302205
55,5544,0.231828
55,5612,0.2617
55,5619,0.338615
55,5636,0.314308
55,5639,0.25669
55,5656,0.312523
55,5678,0.249153
55,5680,0.215844
55,5721,0.166763
55,5735,0.221176
55,5772,0.315498
55,5785,0.285364
55,5792,0.174695
55,5802,0.228505
55,5912,0.158306
55,5916,0.24749
55,5939,0.187952
55,5996,0.290065
55,6003,0.322594
55,6021,0.161013
55,6022,0.256628
55,6062,0.240221
55,6114,0.219369
55,6154,0.25403
55,6184,0.246227
55,6186,0.278339
56,19,0.14246
56,163,0.22091
56,188,0.178705
56,233,0.294272
56,239,0.211771
56,240,0.23217
56,247,0.261823
56,284,0.256928
56,352,0.231157
56,425,0.248773
56,428,0.179813
56,431,0.180026
56,439,0.15018
56,501,0.231987
56,518,0.296268
56,560,0.302227
56,678,0.269847
56,700,0.176612
56,756,0.286378
56,850,0.232488
56,879,0.207194
56,931,0.22419
56,949,0.305995
56,960,0.280142
56,1011,0.194541
56,1020,0.260147
56,1053,0.117587
56,1058,0.222495
56,1106,0.218364
56,1142,0.208537
56,1166,0.229282
56,1172,0.210941
56,1173,0.284756
56,1210,0.246661
56,1322,0.141466
56,1355,0.233887
56,1422,0.216675
56,1461,0.249448
56,1528,0.206959
56,1590,0.333693
56,1653,0.237469
56,1691,0.246265
56,1704,0.419888
56,1712,0.172122
56,1735,0.317017
56,1748,0.347352
56,1771,0.217764
56,1836,0.175996
56,1838,0.273534
56,1885,0.169448
56,1921,0.217707
56,1970,0.337256
56,1992,0.229067
56,1993,0.163276
56,1998,0.213753
56,2125,0.305428
56,2135,0.205072
56,2151,0.219986
56,2187,0.246854
56,2191,0.168334
56,2210,0.272945
56,2213,0.308059
56,2228,0.325161
56,2260,0.198789
56,2268,0.237878
56,2298,0.221119
56,2318,0.271548
56,2353,0.155521
56,2377,0.195632
56,2383,0.193183
56,2394,0.225346
56,2468,0.242172
56,2492,0.283116
56,2501,0.259326
56,2675,0.166724
56,2719,0.319461
56,2767,0.195882
56,2781,0.191696
56,2870,0.388505
56,2884,0.205998
56,2906,0.185847
56,2928,0.271971
56,2952,0.314094
56,2963,0.23976
56,2980,0.171624
56,2981,0.234215
56,3067,0.210655
56,3130,0.381612
56,3216,0.167493
56,3251,0.218922
56,3282,0.196201
56,3363,0.200578
56,3380,0.397116
56,3382,0.330867
56,3416,0.372923
56,3431,0.089126
56,3507,0.201778
56,3527,0.235516
56,3625,0.249742
56,3648,0.185423
56,3678,0.226428
56,3750,0.216587
56,3760,0.119509
56,3778,0.2099
56,3801,0.349256
56,3846,0.283123
56,3862,0.10319
56,3881,0.304239
56,4113,0.252499
56,4120,0.26173
56,4307,0.341868
56,4384,0.214768
56,4409,0.116646
56,4567,0.193324
56,4571,0.207288
56,4577,0.316129
56,4634,0.263746
56,4659,0.246729
56,4665,0.156435
56,4666,0.431308
56,4685,0.333906
56,4737,0.168737
56,4753,0.287717
56,4766,0.273891
56,4820,0.325194
56,4852,0.168326
56,4908,0.211901
56,4956,0.299276
56,4969,0.337688
56,5024,0.319575
56,5072,0.351133
56,5079,0.239579
56,5093,0.284248
56,5140,0.338757
56,5172,0.233175
56,5179,0.189641
56,5212,0.219449
56,5219,0.244308
56,5220,0.230366
56,5249,0.350146
56,5282,0.148297
56,5384,0.291062
56,5396,0.167243
56,5424,0.26486
56,5426,0.22171
56,5432,0.258573
56,5463,0.29397
56,5470,0.274575
56,5612,0.296111
56,5664,0.214881
56,5741,0.324007
56,5831,0.279478
56,5885,0.316644
56,6033,0.233284
56,6116,0.252691
56,6145,0.253159
56,6149,0.20705
56,6155,0.282803
56,6187,0.216129
57,14,0.222646
57,22,0.259425
57,73,0.157931
57,84,0.232027
57,110,0.282143
57,111,0.149671
57,121,0.176004
57,164,0.08749
57,181,0.255647
57,240,0.198578
57,265,0.252494
57,365,0.141823
57,371,0.195433
57,374,0.211053
57,406,0.193462
57,416,0.185328
57,423,0.252784
57,424,0.264389
57,556,0.20728
57,582,0.210691
57,640,0.29331
57,745,0.248005
57,825,0.315856
57,856,0.214667
57,890,0.25987
57,894,0.276936
57,900,0.202155
57,927,0.262012
57,934,0.172787
57,947,0.219003
57,979,0.188093
57,990,0.20628
57,1025,0.33878
57,1112,0.152649
57,1117,0.36118
57,1118,0.200943
57,1179,0.165517
57,1204,0.233144
57,1209,0.18272
57,1268,0.19542
57,1269,0.334012
57,1291,0.20511
57,1326,0.388179
57,1352,0.240371
57,1356,0.211883
57,1370,0.323848
57,1401,0.219619
57,1427,0.288343
57,1452,0.343058
57,1592,0.184597
57,1657,0.267127
57,1692,0.341666
57,1756,0.299969
57,1799,0.252773
57,1801,0.237598
57,1829,0.249265
57,1838,0.202436
57,1844,0.241854
57,1845,0.237693
57,1863,0.161161
57,1905,0.334743
57,1910,0.257169
57,1921,0.237945
57,1925,0.167575
57,1928,0.178591
57,1977,0.234394
57,2058,0.196265
57,2103,0.213416
57,2115,0.332477
57,2150,0.168129
57,2155,0.239191
57,2190,0.163289
57,2219,0.238957
57,2221,0.196811
57,2311,0.302071
57,2318,0.290284
57,2365,0.320901
57,2409,0.187115
57,2425,0.30244
57,2426,0.258165
57,2462,0.214018
57,2502,0.276498
57,2505,0.171302
57,2510,0.398811
57,2515,0.128193
57,2518,0.203532
57,2574,0.199988
57,2604,0.277419
57,2733,0.17006
57,2801,0.354438
57,2858,0.337655
57,2926,0.339263
57,2936,0.289934
57,2947,0.129961
57,3000,0.29665
57,3021,0.199819
57,3033,0.223861
57,3053,0.264869
57,3055,0.232663
57,3161,0.224712
57,3294,0.15301
57,3329,0.23263
57,3416,0.259174
57,3482,0.207966
57,3499,0.208011
57,3528,0.286192
57,3671,0.230376
57,3685,0.196438
57,3689,0.15382
57,3690,0.255833
57,3883,0.31259
57,4033,0.249558
57,4089,0.202935
57,4092,0.210131
57,4134,0.195413
57,4153,0.279323
57,4178,0.223593
57,4214,0.285019
57,4326,0.201482
57,4339,0.302947
57,4375,0.245053
57,4388,0.166685
57,4565,0.189373
57,4577,0.359648
57,4589,0.247707
57,4631,0.175977
57,4726,0.242883
57,4729,0.389474
57,4759,0.19715
57,4779,0.269459
57,4890,0.22242
57,4894,0.232367
57,4954,0.232782
57,4963,0.172498
57,5119,0.227703
57,5123,0.318082
57,5150,0.211268
57,5161,0.287245
57,5166,0.164956
57,5167,0.246524
57,5256,0.319531
57,5352,0.364539
57,5363,0.274071
57,5446,0.212947
57,5460,0.250504
57,5467,0.229
57,5502,0.262415
57,5638,0.194061
57,5640,0.347817
57,5666,0.308464
57,5675,0.272575
57,5683,0.226481
57,5693,0.31672
57,5720,0.173657
57,5734,0.364666
57,5751,0.285701
57,5784,0.241998
57,5792,0.178662
57,5894,0.316615
57,5918,0.24771
57,5921,0.211797
57,5932,0.401433
57,6169,0.194536
57,6170,0.2747
58,45,0.284375
58,119,0.338791
58,155,0.251384
58,166,0.217058
58,219,0.269742
58,244,0.224301
58,275,0.305688
58,329,0.209321
58,350,0.183629
58,358,0.173347
58,368,0.279303
58,493,0.158074
58,537,0.258935
58,559,0.222752
58,602,0.240957
58,622,0.20755
58,659,0.211498
58,677,0.247055
58,721,0.198198
58,745,0.301299
58,767,0.266305
58,773,0.143379
58,796,0.246327
58,826,0.320756
58,840,0.384595
58,867,0.337049
58,869,0.258362
58,1010,0.260009
58,1027,0.184436
58,1048,0.280115
58,1063,0.258288
58,1094,0.251176
58,1135,0.237461
58,1145,0.187507
58,1159,0.200596
58,1304,0.327429
58,1407,0.247007
58,1425,0.189198
58,1456,0.216198
58,1593,0.276035
58,1623,0.180943
58,1641,0.161026
58,1667,0.344077
58,1731,0.366126
58,1739,0.334625
58,1748,0.213621
58,1849,0.314043
58,1857,0.172391
58,1859,0.22182
58,1889,0.217983
58,1924,0.22838
58,1960,0.269614
58,1992,0.316246
58,2016,0.243293
58,2061,0.249846
58,2078,0.205102
58,2118,0.156374
58,2164,0.240826
58,2190,0.226702
58,2325,0.271113
58,2350,0.237653
58,2402,0.327056
58,2482,0.28554
58,2510,0.220414
58,2533,0.352842
58,2541,0.294432
58,2548,0.315834
58,2562,0.189
58,2570,0.18482
58,2612,0.208285
58,2651,0.30585
58,2686,0.231563
58,2702,0.260438
58,2706,0.288764
58,2773,0.168595
58,2827,0.207346
58,2840,0.272638
58,2861,0.306659
58,2880,0.312725
58,2892,0.273146
58,2917,0.275081
58,2929,0.25043
58,2988,0.249112
58,3008,0.142614
58,3011,0.236634
58,3029,0.206742
58,3041,0.280991
58,3117,0.254766
58,3143,0.215344
58,3247,0.231151
58,3257,0.194053
58,3260,0.319664
58,3298,0.26955
58,3352,0.215869
58,3433,0.260576
58,3448,0.280647
58,3450,0.313843
58,3453,0.165695
58,3457,0.223996
58,3493,0.237855
58,3543,0.306841
58,3678,0.244225
58,3751,0.266503
58,3883,0.332901
58,3888,0.257373
58,3975,0.324616
58,4146,0.278191
58,4158,0.272116
58,4160,0.310577
58,4223,0.30951
58,4225,0.195047
58,4266,0.194388
58,4294,0.336781
58,4298,0.279728
58,4316,0.182754
58,4330,0.147551
58,4379,0.309432
58,4467,0.258494
58,4518,0.277765
58,4580,0.249922
58,4638,0.344571
58,4647,0.33161
58,4654,0.194816
58,4706,0.290818
58,4730,0.222878
58,4818,0.255002
58,4866,0.277958
58,4910,0.317225
58,4912,0.286788
58,4953,0.354508
58,4966,0.25125
58,5015,0.201634
58,5018,0.159621
58,5053,0.226815
58,5129,0.269005
58,5131,0.230605
58,5175,0.288728
58,5219,0.194568
58,5242,0.20958
58,5288,0.247022
58,5300,0.239394
58,5325,0.228456
58,5328,0.294548
58,5437,0.158113
58,5439,0.18512
58,5442,0.366281
58,5450,0.262341
58,5494,0.210391
58,5498,0.218916
58,5501,0.195707
58,5521,0.217866
58,5527,0.282033
58,5564,0.291715
58,5572,0.322506
58,5645,0.207959
58,5648,0.208724
58,5701,0.30479
58,5714,0.298633
58,5723,0.230695
58,5799,0.211893
58,5890,0.341159
58,5894,0.18648
58,5928,0.305168
58,5951,0.206331
58,5956,0.237821
58,5968,0.295325
58,5989,0.246434
58,6013,0.104627
58,6050,0.290707
58,6068,0.256114
58,6074,0.221671
58,6077,0.18619
58,6091,0.157117
58,6140,0.36718
58,6145,0.256052
58,6179,0.246058
59,64,0.270794
59,88,0.177847
59,101,0.27409
59,117,0.21787
59,216,0.237246
59,253,0.1724
59,263,0.234743
59,293,0.378227
59,352,0.19954
59,355,0.228063
59,391,0.27978
59,430,0.190609
59,455,0.256438
59,473,0.142538
59,509,0.269028
59,578,0.222064
59,602,0.277862
59,691,0.218822
59,740,0.235094
59,759,0.325128
59,774,0.314755
59,790,0.30359
59,806,0.223202
59,808,0.247708
59,858,0.186716
59,898,0.255296
59,901,0.178256
59,928,0.207444
59,934,0.191167
59,962,0.163587
59,997,0.260954
59,1013,0.194291
59,1085,0.298093
59,1108,0.233221
59,1157,0.177484
59,1212,0.261193
59,1238,0.203703
59,1240,0.2716
59,1359,0.223285
59,1395,0.265758
59,1438,0.308532
59,1494,0.215383
59,1580,0.310516
59,1600,0.320619
59,1606,0.282513
59,1631,0.15739
59,1672,0.151875
59,1674,0.296981
59,1683,0.272667
59,1712,0.255197
59,1742,0.273143
59,1743,0.178299
59,1799,0.253543
59,1808,0.160311
59,1910,0.17287
59,1913,0.243212
59,1922,0.276772
59,2041,0.358028
59,2066,0.264598
59,2108,0.340809
59,2164,0.16525
59,2271,0.248523
59,2307,0.24586
59,2420,0.168086
59,2466,0.222756
59,2485,0.260979
59,2499,0.218212
59,2504,0.170809
59,2528,0.356606
59,2616,0.311821
59,2635,0.297186
59,2694,0.244479
59,2706,0.228819
59,2722,0.288591
59,2770,0.234066
59,2779,0.193998
59,2792,0.138342
59,2835,0.227603
59,2890,0.244706
59,2909,0.239908
59,2912,0.165825
59,2948,0.176892
59,2997,0.179961
59,3073,0.194083
59,3084,0.27135
59,3117,0.181861
59,3139,0.206892
59,3157,0.234739
59,3411,0.216776
59,3430,0.301234
59,3453,0.237102
59,3488,0.242284
59,3512,0.210018
59,3542,0.276331
59,3560,0.23863
59,3565,0.19591
59,3566,0.148062
59,3625,0.173362
59,3653,0.288198
59,3670,0.302401
59,3700,0.300503
59,3786,0.249689
59,3796,0.285625
59,3861,0.19953
59,3875,0.274441
59,3925,0.163648
59,3979,0.173085
59,4000,0.211151
59,4008,0.27756
59,4071,0.207113
59,4088,0.328551
59,4117,0.305996
59,4194,0.295135
59,4207,0.273287
59,4219,0.273415
59,4250,0.337019
59,4277,0.21691
59,4294,0.250722
59,4361,0.207276
59,4363,0.36064
59,4374,0.176235
59,4377,0.275329
59,4425,0.177836
59,4643,0.267249
59,4683,0.210028
59,4715,0.169077
59,4716,0.157508
59,4878,0.292615
59,4901,0.363229
59,5023,0.233414
59,5049,0.323733
59,5102,0.331242
59,5109,0.393011
59,5149,0.187931
59,5173,0.259074
59,5204,0.163935
59,5270,0.196529
59,5273,0.255852
59,5410,0.235984
59,5422,0.213876
59,5451,0.271361
59,5462,0.174142
59,5475,0.19591
59,5484,0.222947
59,5486,0.246174
59,5594,0.27536
59,5608,0.288759
59,5624,0.251027
59,5637,0.323737
59,5645,0.341491
59,5670,0.218875
59,5678,0.257302
59,5768,0.271059
59,5794,0.163349
59,5892,0.331503
59,5924,0.303909
59,5942,0.198914
59,5984,0.297142
59,5998,0.345908
59,6000,0.18962
59,6125,0.205149
59,6153,0.275665
60,30,0.159409
60,73,0.19377
60,107,0.198844
60,138,0.248305
60,141,0.220051
60,240,0.29425
60,242,0.354111
60,257,0.225376
60,261,0.261827
60,281,0.313831
60,336,0.195669
60,375,0.209551
60,415,0.27407
60,511,0.270859
60,547,0.224564
60,589,0.150825
60,673,0.280444
60,719,0.28885
60,720,0.150428
60,808,0.185975
60,819,0.191787
60,883,0.153818
60,928,0.149603
60,948,0.215787
60,994,0.212058
60,1010,0.264921
60,1024,0.260453
60,1164,0.186893
60,1194,0.225693
60,1267,0.182289
60,1410,0.151722
60,1487,0.202648
60,1508,0.163527
60,1511,0.236229
60,1528,0.283351
60,1535,0.220499
60,1612,0.239376
60,1643,0.17854
60,1793,0.221568
60,1811,0.259304
60,1814,0.316391
60,1820,0.207179
60,1836,0.170586
60,1849,0.263695
60,1902,0.232504
60,1942,0.302134
60,1974,0.205496
60,1998,0.212645
60,2193,0.163312
60,2207,0.258712
60,2215,0.296609
60,2348,0.195038
60,2438,0.244457
60,2470,0.210844
60,2492,0.316394
60,2505,0.207607
60,2506,0.30219
60,2519,0.268916
60,2633,0.156794
60,2645,0.300061
60,2703,0.171797
60,2779,0.250583
60,2853,0.228925
60,2906,0.251433
60,2967,0.134542
60,3023,0.201391
60,3032,0.262108
60,3107,0.284591
60,3123,0.299388
60,3128,0.276389
60,3203,0.280936
60,3245,0.203214
60,3407,0.197453
60,3441,0.184614
60,3497,0.228537
60,3520,0.241273
60,3559,0.22399
60,3621,0.252973
60,3646,0.264935
60,3665,0.259516
60,3697,0.294872
60,3723,0.29964
60,3764,0.264477
60,3809,0.226961
60,3833,0.292557
60,3837,0.231233
60,3849,0.283321
60,3946,0.252199
60,4005,0.306377
60,4010,0.220195
60,4139,0.323676
60,4169,0.128195
60,4245,0.24046
60,4252,0.254648
60,4270,0.132603
60,4325,0.238464
60,4328,0.287575
60,4343,0.314142
60,4458,0.254085
60,4484,0.216119
60,4494,0.193435
60,4503,0.218219
60,4637,0.267922
60,4679,0.302009
60,4695,0.219073
60,4708,0.418593
60,4735,0.327868
60,4748,0.15166
60,4752,0.286996
60,4771,0.259879
60,4996,0.28406
60,5038,0.232371
60,5064,0.322795
60,5065,0.172729
60,5090,0.344844
60,5093,0.245449
60,5194,0.373885
60,5199,0.289645
60,5221,0.244656
60,5246,0.251687
60,5366,0.331416
60,5387,0.236172
60,5388,0.297356
60,5397,0.173162
60,5491,0.224605
60,5564,0.258445
60,5586,0.24131
60,5602,0.204821
60,5650,0.247324
60,5685,0.184772
60,5737,0.220771
60,5754,0.163939
60,5763,0.294757
60,5788,0.257014
60,5826,0.217695
60,5892,0.262801
60,5907,0.309629
60,5949,0.282379
60,5954,0.270013
60,6016,0.332255
60,6100,0.286221
61,142,0.115883
61,173,0.355222
61,182,0.345324
61,245,0.225304
61,333,0.158381
61,447,0.350634
61,484,0.330863
61,540,0.192379
61,611,0.181866
61,631,0.328143
61,648,0.327802
61,681,0.305003
61,721,0.297856
61,740,0.263722
61,743,0.13194
61,781,0.281428
61,823,0.279919
61,964,0.194205
61,980,0.303073
61,1042,0.177137
61,1047,0.153946
61,1187,0.16996
61,1192,0.305897
61,1449,0.237205
61,1514,0.210681
61,1558,0.279065
61,1564,0.234744
61,1573,0.181348
61,1583,0.252649
61,1741,0.263908
61,1773,0.159533
61,1828,0.243071
61,1889,0.16732
61,1954,0.21412
61,1976,0.211946
61,2002,0.234135
61,2101,0.238905
61,2103,0.306113
61,2106,0.305139
61,2111,0.16831
61,2190,0.243259
61,2220,0.248134
61,2245,0.212838
61,2251,0.171485
61,2321,0.236312
61,2364,0.209159
61,2436,0.269944
61,2459,0.179391
61,2477,0.185865
61,2631,0.281304
61,2666,0.210048
61,2694,0.279708
61,2716,0.181176
61,2799,0.196072
61,2813,0.164916
61,2923,0.239137
61,2934,0.237209
61,2985,0.299478
61,3114,0.225654
61,3229,0.157757
61,3240,0.227483
61,3402,0.257186
61,3547,0.194326
61,3639,0.201955
61,3648,0.239061
61,3743,0.294066
61,3757,0.276517
61,3806,0.291922
61,3848,0.344129
61,3870,0.274177
61,3872,0.24031
61,3932,0.206298
61,3956,0.313045
61,4042,0.222463
61,4064,0.226138
61,4102,0.266844
61,4150,0.181835
61,4183,0.291359
61,4209,0.328622
61,4212,0.319457
61,4227,0.256669
61,4243,0.265612
61,4255,0.222419
61,4270,0.202306
61,4346,0.243699
61,4380,0.306759
61,4404,0.196806
61,4471,0.270329
61,4522,0.261331
61,4619,0.309345
61,4701,0.290037
61,4718,0.236567
61,4724,0.170606
61,4741,0.275186
61,4823,0.177193
61,4839,0.24064
61,4846,0.245296
61,4955,0.219201
61,4994,0.218781
61,5056,0.173812
61,5132,0.213236
61,5348,0.264403
61,5352,0.217366
61,5368,0.294549
61,5377,0.288803
61,5423,0.169074
61,5468,0.233147
61,5472,0.240494
61,5485,0.174445
61,5519,0.480692
61,5651,0.325074
61,5680,0.309049
61,5749,0.224895
61,5784,0.32772
61,5879,0.219612
61,5970,0.288086
61,5976,0.219452
61,6027,0.329527
61,6071,0.304309
61,6177,0.310028
61,6184,0.224384
62,16,0.232646
62,60,0.168398
62,64,0.273613
62,136,0.182001
62,163,0.305105
62,171,0.255082
62,195,0.301796
62,319,0.228258
62,342,0.157276
62,435,0.275226
62,459,0.223907
62,532,0.129841
62,547,0.273703
62,552,0.206434
62,558,0.162783
62,589,0.260677
62,598,0.221454
62,636,0.192636
62,687,0.178124
62,900,0.214445
62,912,0.220101
62,931,0.270822
62,953,0.204858
62,967,0.312397
62,976,0.219434
62,1027,0.230248
62,1060,0.217552
62,1079,0.314668
62,1119,0.156321
62,1147,0.137399
62,1257,0.243163
62,1264,0.180839
62,1388,0.126271
62,1416,0.293551
62,1464,0.162573
62,1470,0.141891
62,1532,0.185042
62,1583,0.293016
62,1597,0.263736
62,1654,0.211623
62,1663,0.252674
62,1671,0.19991
62,1720,0.355999
62,1776,0.277179
62,1796,0.227758
62,1834,0.183003
62,1838,0.271421
62,1855,0.380151
62,1856,0.253702
62,1887,0.159684
62,1904,0.116612
62,1935,0.23949
62,1985,0.145285
62,2017,0.219888
62,2031,0.193359
62,2104,0.291791
62,2134,0.13022
62,2136,0.177963
62,2160,0.365894
62,2161,0.277918
62,2164,0.233782
62,2199,0.261728
62,2359,0.335209
62,2378,0.281812
62,2430,0.34516
62,2431,0.26443
62,2487,0.306943
62,2566,0.265994
62,2582,0.279472
62,2629,0.25928
62,2689,0.135378
62,2736,0.237394
62,2828,0.204055
62,2850,0.231115
62,2894,0.306099
62,2905,0.347926
62,2980,0.223591
62,2996,0.243599
62,3055,0.27275
62,3059,0.246211
62,3100,0.325054
62,3123,0.310459
62,3138,0.282093
62,3190,0.199873
62,3309,0.268176
62,3318,0.135439
62,3352,0.473327
62,3382,0.222143
62,3401,0.18864
62,3430,0.160799
62,3450,0.321517
62,3460,0.187282
62,3468,0.348462
62,3483,0.179254
62,3502,0.275365
62,3512,0.227492
62,3549,0.121641
62,3572,0.177895
62,3593,0.18052
62,3601,0.197489
62,3684,0.177576
62,3772,0.356014
62,3784,0.269916
62,3804,0.285823
62,3829,0.214647
62,3856,0.303691
62,3859,0.246229
62,3866,0.261516
62,3871,0.314055
62,3896,0.184451
62,3900,0.146934
62,3937,0.285004
62,3987,0.242828
62,4068,0.207695
62,4086,0.258061
62,4090,0.206005
62,4099,0.371449
62,4118,0.267682
62,4211,0.165489
62,4228,0.233827
62,4297,0.301398
62,4301,0.35009
62,4321,0.19809
62,4324,0.194422
62,4325,0.367706
62,4376,0.270395
62,4401,0.224473
62,4468,0.266109
62,4477,0.231475
62,4487,0.226555
62,4541,0.273516
62,4576,0.315157
62,4587,0.314298
62,4589,0.388461
62,4681,0.211775
62,4791,0.240807
62,4894,0.193507
62,4901,0.175891
62,4955,0.29858
62,4980,0.22535
62,5022,0.240901
62,5099,0.245962
62,5113,0.264361
62,5117,0.17276
62,5164,0.285316
62,5178,0.277425
62,5204,0.27897
62,5222,0.214414
62,5233,0.323777
62,5387,0.181775
62,5500,0.232628
62,5565,0.138312
62,5612,0.282615
62,5663,0.348976
62,5668,0.266018
62,5675,0.188883
62,5708,0.230636
62,5802,0.280188
62,5822,0.228648
62,5831,0.259992
62,5888,0.219349
62,5900,0.304048
62,6060,0.283981
63,177,0.173604
63,211,0.273233
63,233,0.210943
63,273,0.220663
63,404,0.155285
63,450,0.28448
63,633,0.313469
63,683,0.166952
63,697,0.341219
63,792,0.247781
63,805,0.250475
63,830,0.173958
63,856,0.157363
63,864,0.159972
63,926,0.237473
63,951,0.241215
63,961,0.215172
63,983,0.279559
63,994,0.196888
63,1019,0.204784
63,1117,0.244982
63,1122,0.17427
63,1166,0.117552
63,1215,0.193179
63,1239,0.243437
63,1247,0.231439
63,1300,0.2848
63,1354,0.256614
63,1419,0.256698
63,1429,0.214416
63,1456,0.323723
63,1487,0.322951
63,1491,0.271794
63,1539,0.178565
63,1550,0.303187
63,1562,0.129284
63,1703,0.230247
63,1778,0.210851
63,1864,0.260966
63,1938,0.235616
63,1987,0.240358
63,2018,0.278955
63,2131,0.241803
63,2135,0.324292
63,2158,0.34805
63,2176,0.186946
63,2194,0.289428
63,2198,0.144984
63,2200,0.223284
63,2201,0.234965
63,2349,0.268408
63,2412,0.167492
63,2428,0.286325
63,2464,0.300255
63,2501,0.291464
63,2565,0.179365
63,2577,0.255423
63,2633,0.154118
63,2708,0.244368
63,2720,0.21655
63,2748,0.196893
63,2759,0.251707
63,2775,0.312948
63,2826,0.239067
63,2875,0.273162
63,2906,0.292096
63,2921,0.249512
63,3051,0.240932
63,3096,0.209386
63,3100,0.183418
63,3179,0.16894
63,3190,0.211835
63,3220,0.293593
63,3272,0.195282
63,3281,0.298482
63,3320,0.250283
63,3389,0.255455
63,3391,0.355271
63,3397,0.163812
63,3462,0.254485
63,3567,0.354325
63,3595,0.200859
63,3610,0.204546
63,3675,0.288552
63,3676,0.250535
63,3719,0.305401
63,3721,0.256799
63,3784,0.227267
63,3853,0.311042
63,3897,0.194963
63,3917,0.138563
63,3961,0.260398
63,4016,0.314619
63,4039,0.319983
63,4041,0.282994
63,4192,0.185702
63,4208,0.306058
63,4354,0.127508
63,4366,0.207118
63,4425,0.203516
63,4443,0.282194
63,4492,0.160959
63,4555,0.265232
63,4573,0.211404
63,4577,0.337231
63,4603,0.276894
63,4647,0.284632
63,4680,0.154514
63,4749,0.218771
63,4753,0.308982
63,4789,0.275285
63,4798,0.245713
63,4802,0.208641
63,4808,0.248573
63,4832,0.267755
63,4843,0.298186
63,4870,0.268146
63,4882,0.220625
63,4963,0.191402
63,4981,0.206367
63,5116,0.211935
63,5137,0.229457
63,5140,0.769376
63,5155,0.096652
63,5203,0.183585
63,5206,0.235907
63,5208,0.334551
63,5303,0.298643
63,5328,0.196786
63,5368,0.324447
63,5374,0.182809
63,5392,0.280002
63,5406,0.221079
63,5693,0.210883
63,5755,0.253924
63,5769,0.15167
63,5845,0.269048
63,5861,0.285292
63,5863,0.189575
63,5921,0.355183
63,5934,0.238459
63,5953,0.304379
63,5966,0.354974
64,11,0.236383
64,54,0.238085
64,124,0.266769
64,194,0.195917
64,267,0.165553
64,286,0.209104
64,301,0.19364
64,346,0.297083
64,360,0.329808
64,471,0.283045
64,478,0.215158
64,487,0.174377
64,603,0.172288
64,605,0.417862
64,611,0.126654
64,647,0.159849
64,673,0.23688
64,707,0.117236
64,780,0.108627
64,786,0.18108
64,850,0.243715
64,855,0.193734
64,929,0.26869
64,937,0.213887
64,1039,0.372023
64,1048,0.225868
64,1074,0.19719
64,1097,0.172849
64,1104,0.207869
64,1180,0.243125
64,1311,0.250313
64,1407,0.234919
64,1440,0.250906
64,1544,0.267141
64,1566,0.296879
64,1615,0.255582
64,1620,0.256656
64,1664,0.24908
64,1715,0.225429
64,1722,0.233802
64,1785,0.198986
64,1791,0.29031
64,1792,0.254635
64,1813,0.189024
64,1890,0.202294
64,1949,0.286161
64,1961,0.198107
64,2004,0.223414
64,2007,0.229925
64,2100,0.2626
64,2115,0.238219
64,2205,0.209981
64,2234,0.282476
64,2274,0.254356
64,2337,0.187857
64,2503,0.329373
64,2547,0.240268
64,2560,0.257276
64,2617,0.18976
64,2699,0.274103
64,2702,0.194331
64,2740,0.286183
64,2751,0.225912
64,2801,0.200925
64,2815,0.31888
64,2841,0.263486
64,2864,0.298399
64,2910,0.172339
64,2925,0.257793
64,2977,0.184986
64,3076,0.248946
64,3173,0.151481
64,3181,0.16785
64,3190,0.303192
64,3369,0.291727
64,3410,0.243773
64,3472,0.32337
64,3494,0.202213
64,3567,0.251262
64,3571,0.149326
64,3572,0.280698
64,3593,0.190179
64,3644,0.209336
64,3657,0.303814
64,3771,0.242884
64,3871,0.18645
64,3886,0.141899
64,3922,0.248706
64,3967,0.251196
64,3987,0.252531
64,4054,0.194131
64,4133,0.218217
64,4192,0.22917
64,4232,0.142642
64,4251,0.198452
64,4281,0.252075
64,4307,0.210995
64,4352,0.287861
64,4371,0.248244
64,4432,0.271303
64,4502,0.267981
64,4521,0.173523
64,4533,0.234132
64,4547,0.30516
64,4738,0.239225
64,4745,0.303751
64,4760,0.192522
64,4784,0.326624
64,4817,0.232787
64,4819,0.279619
64,4874,0.27907
64,4881,0.226758
64,4946,0.206773
64,5072,0.179566
64,5074,0.204172
64,5139,0.393337
64,5209,0.140949
64,5221,0.316303
64,5240,0.197067
64,5250,0.231073
64,5256,0.171143
64,5301,0.263601
64,5312,0.170409
64,5448,0.213173
64,5459,0.318333
64,5466,0.25484
64,5479,0.257909
64,5489,0.249749
64,5513,0.290502
64,5583,0.291606
64,5690,0.197167
64,5698,0.340125
64,5749,0.294959
64,5758,0.28755
64,5802,0.223468
64,5946,0.234929
64,5947,0.276712
64,5980,0.240586
64,6120,0.300596
64,6124,0.265768
64,6133,0.358421
64,6142,0.237111
64,6183,0.268793
65,108,0.185469
65,109,0.292831
65,164,0.235281
65,172,0.157484
65,188,0.326111
65,194,0.100456
65,211,0.204743
65,216,0.170442
65,262,0.215904
65,281,0.3168
65,291,0.178143
65,301,0.184337
65,409,0.344325
65,431,0.209629
65,505,0.234189
65,580,0.214632
65,601,0.341292
65,646,0.17155
65,705,0.178497
65,752,0.324802
65,760,0.286981
65,863,0.29267
65,980,0.281324
65,987,0.249169
65,1110,0.287551
65,1112,0.264946
65,1241,0.152211
65,1259,0.211388
65,1297,0.27524
65,1314,0.343392
65,1366,0.367834
65,1444,0.140069
65,1519,0.238936
65,1618,0.246044
65,1711,0.204524
65,1729,0.186431
65,1804,0.25013
65,1811,0.308503
65,1886,0.27574
65,1887,0.204069
65,2086,0.228187
65,2101,0.205802
65,2115,0.293174
65,2187,0.149356
65,2204,0.237531
65,2208,0.21393
65,2220,0.195229
65,2226,0.207211
65,2273,0.205913
65,2312,0.286935
65,2452,0.261789
65,2484,0.228354
65,2503,0.281495
65,2583,0.22623
65,2630,0.28727
65,2676,0.298169
65,2968,0.260574
65,2977,0.23705
65,2993,0.180632
65,3007,0.247544
65,3012,0.185504
65,3035,0.2466
65,3188,0.273494
65,3244,0.200815
65,3300,0.253698
65,3311,0.404073
65,3324,0.21631
65,3351,0.270453
65,3407,0.260678
65,3434,0.172741
65,3490,0.277691
65,3497,0.228336
65,3506,0.24199
65,3524,0.265463
65,3541,0.220741
65,3623,0.230593
65,3636,0.270786
65,3656,0.232661
65,3711,0.128893
65,3767,0.300637
65,3844,0.211673
65,3852,0.236793
65,3936,0.215927
65,3980,0.226644
65,4088,0.302712
65,4110,0.145831
65,4129,0.263612
65,4169,0.223338
65,4223,0.228688
65,4234,0.342152
65,4287,0.236809
65,4314,0.259626
65,4321,0.151084
65,4396,0.25244
65,4408,0.286659
65,4510,0.275292
65,4536,0.221846
65,4594,0.192876
65,4778,0.245414
65,4901,0.116691
65,5004,0.206741
65,5010,0.206439
65,5097,0.235507
65,5102,0.237012
65,5191,0.304958
65,5194,0.096629
65,5206,0.192214
65,5229,0.168437
65,5360,0.171682
65,5369,0.279289
65,5414,0.166731
65,5420,0.264336
65,5484,0.215741
65,5553,0.248748
65,5555,0.311637
65,5567,0.289135
65,5580,0.184772
65,5637,0.18026
65,5691,0.259812
65,5738,0.241364
65,5746,0.248213
65,5851,0.162837
65,5875,0.346172
65,5876,0.189405
65,5892,0.247269
65,5917,0.18992
65,6009,0.236481
65,6025,0.26839
65,6043,0.146855
65,6166,0.251965
65,6178,0.188779
65,6185,0.315702
66,33,0.218653
66,257,0.26505
66,294,0.200784
66,328,0.210841
66,350,0.228124
66,398,0.323074
66,410,0.143225
66,441,0.211494
66,457,0.135621
66,566,0.171883
66,681,0.373236
66,688,0.225778
66,725,0.082439
66,899,0.261625
66,918,0.202171
66,989,0.304449
66,1029,0.313323
66,1031,0.310658
66,1038,0.323233
66,1057,0.238336
66,1061,0.352686
66,1152,0.256894
66,1167,0.216247
66,1173,0.328176
66,1186,0.185008
66,1336,0.270647
66,1367,0.232976
66,1376,0.152026
66,1397,0.17448
66,1398,0.152311
66,1477,0.30464
66,1501,0.227555
66,1544,0.252474
66,1551,0.184587
66,1573,0.254468
66,1582,0.231627
66,1586,0.190694
66,1664,0.28387
66,1812,0.261246
66,1824,0.139523
66,1839,0.218168
66,1869,0.102655
66,1889,0.206333
66,1904,0.237362
66,1989,0.29219
66,2039,0.299675
66,2100,0.255587
66,2109,0.217879
66,2116,0.278241
66,2118,0.242809
66,2169,0.259
66,2198,0.24216
66,2222,0.281118
66,2313,0.280876
66,2367,0.221519
66,2385,0.178424
66,2464,0.268876
66,2494,0.193006
66,2516,0.212257
66,2519,0.227575
66,2526,0.176837
66,2562,0.247185
66,2571,0.199458
66,2611,0.260593
66,2659,0.315384
66,2675,0.284465
66,2690,0.157612
66,2734,0.154879
66,2749,0.219909
66,2809,0.192501
66,2923,0.305971
66,2926,0.191939
66,2952,0.286468
66,3019,0.27459
66,3031,0.309414
66,3160,0.200234
66,3291,0.337391
66,3357,0.234819
66,3370,0.229066
66,3406,0.256286
66,3421,0.16013
66,3480,0.327387
66,3555,0.236452
66,3613,0.389806
66,3649,0.241699
66,3687,0.285014
66,3755,0.245042
66,3771,0.310317
66,3793,0.205617
66,3850,0.247928
66,4009,0.195357
66,4022,0.303515
66,4116,0.352813
66,4144,0.217758
66,4205,0.246017
66,4206,0.279166
66,4267,0.295099
66,4307,0.261966
66,4364,0.397431
66,4385,0.24282
66,4449,0.233115
66,4457,0.202323
66,4582,0.291408
66,4641,0.2703
66,4646,0.274562
66,4652,0.254072
66,4690,0.324417
66,4792,0.16959
66,4895,0.158236
66,4922,0.316004
66,4936,0.197688
66,4985,0.3154
66,5038,0.202077
66,5071,0.158769
66,5072,0.279458
66,5115,0.265406
66,5141,0.324456
66,5146,0.212569
66,5165,0.375943
66,5258,0.201401
66,5301,0.23754
66,5355,0.229121
66,5358,0.20893
66,5361,0.249708
66,5479,0.219479
66,5518,0.265726
66,5586,0.207495
66,5643,0.246221
66,5671,0.294378
66,5676,0.290781
66,5857,0.24314
66,5859,0.239396
66,5890,0.180131
66,5892,0.263309
66,5921,0.215958
66,5944,0.263598
66,5964,0.221043
66,5978,0.184716
66,6001,0.175215
66,6002,0.154246
66,6013,0.248619
66,6021,0.323895
66,6063,0.206302
66,6164,0.204189
67,104,0.179097
67,134,0.236118
67,199,0.368857
67,200,0.257044
67,206,0.336152
67,290,0.234572
67,321,0.226156
67,328,0.189967
67,449,0.235822
67,653,0.22534
67,660,0.17256
67,691,0.258975
67,706,0.229232
67,744,0.22214
67,750,0.177821
67,807,0.236452
67,823,0.228281
67,841,0.260881
67,935,0.27203
67,954,0.238714
67,1094,0.258354
67,1140,0.202382
67,1171,0.241276
67,1450,0.273813
67,1466,0.269674
67,1536,0.194987
67,1559,0.155632
67,1658,0.456147
67,1747,0.153483
67,1814,0.160452
67,1973,0.218367
67,2034,0.302788
67,2142,0.245963
67,2166,0.287694
67,2243,0.23444
67,2272,0.161927
67,2302,0.273359
67,2311,0.250628
67,2390,0.135736
67,2459,0.230966
67,2594,0.18392
67,2596,0.205408
67,2617,0.205431
67,2649,0.282193
67,2672,0.222702
67,2715,0.265203
67,2796,0.265492
67,2845,0.276854
67,2868,0.227506
67,2919,0.167335
67,2956,0.204517
67,3024,0.185861
67,3049,0.339269
67,3055,0.227939
67,3150,0.305843
67,3170,0.287645
67,3304,0.133593
67,3312,0.252809
67,3324,0.159365
67,3405,0.254647
67,3414,0.278038
67,3425,0.260861
67,3457,0.238779
67,3542,0.230524
67,3577,0.340264
67,3689,0.17053
67,3747,0.235277
67,3831,0.303093
67,3843,0.288787
67,3851,0.297675
67,3919,0.266602
67,3963,0.202998
67,3978,0.232761
67,4001,0.311175
67,4051,0.218641
67,4053,0.371037
67,4069,0.195583
67,4104,0.253192
67,4157,0.329807
67,4158,0.236495
67,4193,0.38043
67,4236,0.305717
67,4315,0.291878
67,4332,0.317891
67,4495,0.188994
67,4545,0.144753
67,4611,0.169895
67,4631,0.170232
67,4691,0.21179
67,4696,0.195148
67,4753,0.268692
67,4780,0.287554
67,4814,0.232537
67,4815,0.297816
67,4828,0.222373
67,4859,0.149209
67,4905,0.230479
67,4974,0.228041
67,4978,0.281689
67,4990,0.238394
67,4998,0.216714
67,5115,0.264979
67,5135,0.128802
67,5149,0.300123
67,5185,0.229355
67,5219,0.253827
67,5250,0.244144
67,5259,0.265583
67,5269,0.269658
67,5277,0.26778
67,5300,0.31601
67,5341,0.235425
67,5359,0.236345
67,5369,0.239717
67,5425,0.231113
67,5436,0.27669
67,5497,0.128031
67,5568,0.069148
67,5581,0.229491
67,5771,0.256176
67,5815,0.321861
67,5846,0.278297
67,5932,0.191914
67,5938,0.325652
67,6022,0.291247
67,6023,0.289844
67,6109,0.273733
67,6149,0.283963
67,6174,0.209561
67,6184,0.2493
68,87,0.224172
68,258,0.134733
68,274,0.266194
68,290,0.269409
68,314,0.243033
68,349,0.2658
68,442,0.225643
68,473,0.344594
68,481,0.246429
68,484,0.24517
68,531,0.14551
68,613,0.149652
68,631,0.220949
68,640,0.204619
68,664,0.172371
68,671,0.265567
68,751,0.311613
68,798,0.300204
68,905,0.301203
68,932,0.215427
68,975,0.193509
68,998,0.269357
68,1017,0.19761
68,1082,0.24145
68,1137,0.228503
68,1138,0.165837
68,1142,0.161277
68,1222,0.226418
68,1250,0.192337
68,1307,0.198593
68,1340,0.247613
68,1369,0.246971
68,1444,0.254262
68,1475,0.167377
68,1525,0.223122
68,1534,0.270592
68,1536,0.194153
68,1561,0.181421
68,1681,0.160508
68,1722,0.239758
68,1756,0.168502
68,1844,0.223129
68,1857,0.294718
68,1973,0.152873
68,1977,0.259986
68,1978,0.313564
68,2001,0.272776
68,2070,0.200708
68,2074,0.291624
68,2173,0.283689
68,2253,0.221004
68,2299,0.325378
68,2303,0.163226
68,2346,0.260801
68,2426,0.146443
68,2435,0.170591
68,2446,0.187697
68,2479,0.297988
68,2506,0.164486
68,2541,0.334823
68,2624,0.253206
68,2637,0.300009
68,2662,0.242372
68,2668,0.279054
68,2728,0.29434
68,2781,0.385258
68,2799,0.167822
68,2805,0.361046
68,2830,0.208345
68,2853,0.31673
68,2977,0.234426
68,2983,0.321923
68,3100,0.158869
68,3121,0.312262
68,3136,0.214033
68,3160,0.290845
68,3180,0.279019
68,3266,0.28951
68,3297,0.272236
68,3308,0.221511
68,3393,0.179358
68,3399,0.252684
68,3416,0.226098
68,3455,0.208301
68,3480,0.283368
68,3508,0.228147
68,3559,0.120899
68,3573,0.160596
68,3602,0.20793
68,3753,0.29317
68,3869,0.22842
68,3872,0.210246
68,3985,0.272079
68,3998,0.486896
68,4026,0.226945
68,4150,0.195654
68,4303,0.221015
68,4347,0.197283
68,4408,0.189253
68,4466,0.208482
68,4492,0.28452
68,4550,0.196086
68,4600,0.216153
68,4666,0.252351
68,4674,0.211731
68,4680,0.173701
68,4759,0.189966
68,4794,0.139579
68,4827,0.270265
68,4836,0.284652
68,4850,0.259849
68,4929,0.243247
68,4950,0.204312
68,4956,0.240131
68,4983,0.175535
68,5001,0.286922
68,5007,0.161185
68,5079,0.296869
68,5111,0.22305
68,5116,0.161289
68,5157,0.231423
68,5199,0.302554
68,5222,0.28265
68,5246,0.197695
68,5250,0.26734
68,5254,0.24008
68,5263,0.235508
68,5372,0.206812
68,5373,0.227641
68,5450,0.129126
68,5484,0.175933
68,5524,0.294622
68,5611,0.254413
68,5637,0.105764
68,5652,0.200246
68,5660,0.241209
68,5713,0.28158
68,5726,0.187096
68,5743,0.175604
68,5756,0.221538
68,5764,0.197049
68,5878,0.162347
68,5885,0.192767
68,5935,0.303614
68,5989,0.197675
68,5991,0.154276
68,6052,0.186109
68,6100,0.253043
68,6176,0.196188
68,6178,0.286241
69,41,0.204874
69,61,0.163785
69,66,0.188836
69,175,0.12737
69,197,0.148843
69,223,0.242922
69,246,0.205246
69,339,0.380285
69,431,0.232549
69,593,0.18603
69,652,0.137525
69,705,0.31081
69,737,0.208582
69,750,0.363907
69,819,0.189001
69,838,0.18926
69,857,0.263522
69,888,0.228578
69,900,0.205783
69,958,0.232109
69,965,0.215371
69,1011,0.19904
69,1030,0.201315
69,1051,0.229732
69,1052,0.244488
69,1061,0.232822
69,1068,0.211814
69,1113,0.138194
69,1116,0.206641
69,1143,0.151657
69,1176,0.238606
69,1187,0.22503
69,1281,0.155795
69,1329,0.315915
69,1331,0.216478
69,1333,0.242088
69,1340,0.228325
69,1344,0.295951
69,1401,0.203867
69,1402,0.296099
69,1446,0.132102
69,1464,0.246783
69,1539,0.141637
69,1549,0.214282
69,1618,0.142777
69,1689,0.287525
69,1707,0.221529
69,1798,0.231458
69,1843,0.229274
69,1857,0.231145
69,1932,0.231007
69,1970,0.3903
69,2069,0.255825
69,2092,0.209231
69,2125,0.154932
69,2147,0.264433
69,2195,0.315895
69,2236,0.223227
69,2250,0.306866
69,2396,0.257774
69,2405,0.197513
69,2462,0.285002
69,2553,0.153334
69,2573,0.160835
69,2576,0.26461
69,2584,0.261429
69,2622,0.149032
69,2624,0.299061
69,2658,0.267312
69,2690,0.151398
69,2713,0.206886
69,2734,0.220269
69,2841,0.128394
69,2993,0.214802
69,3028,0.224101
69,3032,0.204142
69,3042,0.292482
69,3070,0.220592
69,3090,0.237931
69,3119,0.226661
69,3177,0.30578
69,3195,0.242562
69,3208,0.187986
69,3232,0.213809
69,3233,0.300691
69,3259,0.18776
69,3373,0.176214
69,3377,0.293422
69,3384,0.171738
69,3560,0.28586
69,3676,0.327274
69,3684,0.265515
69,3723,0.359856
69,3727,0.176127
69,3730,0.250671
69,3759,0.283632
69,3853,0.24657
69,3942,0.253776
69,3955,0.193346
69,3995,0.196555
69,4022,0.226537
69,4033,0.234032
69,4043,0.26815
69,4075,0.318994
69,4129,0.266622
69,4151,0.222284
69,4313,0.171424
69,4329,0.186255
69,4360,0.290847
69,4436,0.205137
69,4438,0.221968
69,4439,0.296528
69,4468,0.278178
69,4485,0.211541
69,4500,0.327442
69,4642,0.290646
69,4730,0.332809
69,4820,0.110069
69,4821,0.221293
69,4847,0.252392
69,4904,0.308735
69,4928,0.165546
69,4936,0.195202
69,4960,0.272344
69,4979,0.265945
69,5026,0.25004
69,5067,0.216949
69,5101,0.237052
69,5184,0.206873
69,5341,0.285283
69,5384,0.223527
69,5389,0.274165
69,5391,0.296542
69,5466,0.114936
69,5479,0.285532
69,5484,0.232926
69,5605,0.252343
69,5656,0.154479
69,5665,0.194788
69,5737,0.290596
69,5761,0.336596
69,5779,0.188322
69,5881,0.2777
69,5893,0.248457
69,5923,0.172732
69,5960,0.22553
69,5986,0.179732
69,6001,0.29289
69,6094,0.233963
69,6132,0.253928
69,6142,0.27663
69,6184,0.172728
70,26,0.291675
70,126,0.233241
70,188,0.158961
70,215,0.204967
70,291,0.189657
70,329,0.200252
70,415,0.309403
70,453,0.2812
70,467,0.190686
70,531,0.230415
70,546,0.270266
70,619,0.201727
70,661,0.135059
70,685,0.320157
70,732,0.198451
70,806,0.301944
70,812,0.223989
70,828,0.232257
70,874,0.254676
70,885,0.156387
70,895,0.29626
70,900,0.233547
70,914,0.196424
70,933,0.151078
70,972,0.287816
70,1048,0.156818
70,1085,0.165149
70,1093,0.22125
70,1107,0.174291
70,1114,0.153881
70,1147,0.282206
70,1159,0.331062
70,1181,0.197024
70,1277,0.338171
70,1344,0.178866
70,1369,0.284565
70,1375,0.244756
70,1396,0.174972
70,1435,0.223947
70,1462,0.330408
70,1498,0.284911
70,1500,0.249111
70,1547,0.209476
70,1594,0.194281
70,1631,0.255431
70,1652,0.216032
70,1653,0.197299
70,1750,0.313989
70,1755,0.189269
70,1779,0.302076
70,1821,0.18428
70,1934,0.185668
70,1981,0.218105
70,1988,0.236485
70,2083,0.218723
70,2195,0.122394
70,2324,0.27455
70,2337,0.26367
70,2464,0.190772
70,2502,0.254874
70,2506,0.255539
70,2525,0.271111
70,2528,0.293272
70,2553,0.302501
70,2628,0.273307
70,2634,0.228601
70,2644,0.256602
70,2725,0.183339
70,2729,0.258924
70,2765,0.279899
70,2768,0.244819
70,2799,0.267234
70,2869,0.167369
70,2909,0.251479
70,3033,0.239231
70,3114,0.341163
70,3129,0.302828
70,3177,0.206881
70,3230,0.266463
70,3244,0.26438
70,3265,0.202081
70,3320,0.213721
70,3339,0.24416
70,3409,0.213928
70,3414,0.232162
70,3515,0.185597
70,3539,0.168167
70,3601,0.214308
70,3615,0.287446
70,3737,0.197948
70,3749,0.210003
70,3759,0.250188
70,3829,0.276742
70,3835,0.331556
70,3850,0.46043
70,3859,0.176389
70,3916,0.398779
70,3934,0.225218
70,3979,0.271045
70,4038,0.240523
70,4116,0.201754
70,4124,0.1701
70,4368,0.192349
70,4566,0.236636
70,4594,0.349656
70,4616,0.2034
70,4746,0.28029
70,4756,0.226563
70,4817,0.264392
70,4869,0.265224
70,4889,0.163318
70,5035,0.173136
70,5060,0.293339
70,5073,0.272334
70,5098,0.195634
70,5111,0.138257
70,5125,0.198006
70,5303,0.195208
70,5307,0.291358
70,5365,0.273647
70,5419,0.214327
70,5475,0.268479
70,5516,0.325136
70,5560,0.23845
70,5615,0.27312
70,5721,0.188759
70,5724,0.237606
70,5747,0.401277
70,5808,0.222817
70,5877,0.313745
70,5933,0.197393
70,5988,0.301658
70,6014,0.236739
70,6028,0.308843
70,6060,0.168552
70,6078,0.168168
70,6110,0.236057
70,6133,0.163991
70,6178,0.21815
