epoch,batch_num,loss
1,1,0.692939
1,4,0.569948
1,6,0.440602
1,7,0.519223
1,9,0.556071
1,15,0.474038
1,16,0.506714
1,18,0.519649
1,20,0.476444
1,21,0.502529
1,28,0.4858
1,30,0.484712
1,31,0.460394
1,32,0.578696
1,34,0.496332
1,35,0.452429
1,36,0.45792
1,39,0.476295
1,42,0.50301
1,43,0.472864
1,45,0.497983
1,47,0.47278
1,48,0.476499
1,50,0.490802
1,51,0.490324
1,53,0.411666
1,55,0.483053
1,58,0.589307
1,60,0.468671
1,62,0.474404
1,63,0.475509
1,64,0.492876
1,71,0.501337
1,73,0.457981
1,80,0.48595
1,84,0.426052
1,85,0.477502
1,86,0.44842
1,89,0.466546
1,91,0.505007
1,95,0.499742
1,100,0.521217
1,102,0.524001
1,103,0.531657
1,104,0.497587
1,107,0.439346
1,112,0.452238
1,114,0.504694
1,116,0.423968
1,117,0.52595
1,120,0.471685
1,122,0.44537
1,124,0.54591
1,125,0.457092
1,128,0.446432
1,129,0.490268
1,130,0.49291
1,131,0.484534
1,132,0.480969
1,134,0.455167
1,135,0.50187
1,136,0.466743
1,138,0.463024
1,140,0.543043
1,141,0.491794
1,147,0.45974
1,148,0.449008
1,150,0.459632
1,151,0.496679
1,158,0.426251
1,159,0.433194
1,161,0.432219
1,168,0.438121
1,169,0.435167
1,170,0.488601
1,171,0.492413
1,172,0.538226
1,174,0.49964
1,177,0.450295
1,178,0.577137
1,181,0.457446
1,182,0.488658
1,183,0.474812
1,184,0.475613
1,185,0.419941
1,189,0.523574
1,195,0.482808
1,197,0.458408
1,200,0.526252
1,201,0.463828
1,206,0.457374
1,209,0.484208
1,211,0.429437
1,215,0.415091
1,217,0.520703
1,218,0.505862
1,219,0.443857
1,220,0.497261
1,222,0.466936
1,223,0.459695
1,231,0.535452
1,240,0.508623
1,242,0.432767
1,246,0.418375
1,248,0.501328
1,249,0.494509
1,252,0.420985
1,253,0.495711
1,255,0.41668
1,258,0.496797
1,260,0.489921
1,261,0.469781
1,264,0.473274
1,266,0.502565
1,267,0.423109
1,269,0.432795
1,274,0.462981
1,275,0.412104
1,276,0.419869
1,279,0.477256
1,280,0.45476
1,281,0.539059
1,285,0.48248
1,286,0.458623
1,287,0.470533
1,290,0.468224
1,291,0.483591
1,292,0.464542
1,294,0.498602
1,300,0.441327
1,304,0.457229
1,305,0.465071
1,307,0.431061
1,310,0.531266
1,312,0.479109
2,1,0.463869
2,3,0.448043
2,4,0.457861
2,10,0.529956
2,11,0.431761
2,14,0.468252
2,15,0.457889
2,20,0.554966
2,21,0.453286
2,22,0.438769
2,23,0.541647
2,25,0.449727
2,27,0.474279
2,29,0.446045
2,32,0.457703
2,33,0.445343
2,34,0.496257
2,36,0.464046
2,39,0.484689
2,41,0.446646
2,45,0.523123
2,47,0.461612
2,48,0.46847
2,49,0.468066
2,54,0.430244
2,55,0.428331
2,57,0.422158
2,61,0.527491
2,64,0.499892
2,65,0.458976
2,67,0.451008
2,68,0.442951
2,69,0.483989
2,71,0.444742
2,73,0.449585
2,75,0.479216
2,76,0.514248
2,82,0.476335
2,84,0.461786
2,86,0.542803
2,87,0.487247
2,89,0.459724
2,93,0.497045
2,95,0.50264
2,96,0.449558
2,97,0.524959
2,98,0.437189
2,99,0.55059
2,101,0.473249
2,108,0.45481
2,110,0.507
2,111,0.415899
2,112,0.481973
2,113,0.494009
2,114,0.411043
2,116,0.425979
2,117,0.511877
2,119,0.443466
2,121,0.441299
2,122,0.482269
2,123,0.474409
2,126,0.456645
2,127,0.49456
2,131,0.468038
2,135,0.482993
2,136,0.427077
2,137,0.528522
2,138,0.44246
2,139,0.411971
2,142,0.427754
2,143,0.466139
2,145,0.524513
2,147,0.486945
2,148,0.46068
2,149,0.459958
2,152,0.468387
2,153,0.439909
2,154,0.465747
2,155,0.442494
2,156,0.481825
2,157,0.410845
2,160,0.478859
2,161,0.447833
2,162,0.510641
2,164,0.461995
2,166,0.394194
2,167,0.459266
2,170,0.42698
2,171,0.494581
2,172,0.48084
2,173,0.434458
2,175,0.488141
2,179,0.471013
2,182,0.491292
2,185,0.461349
2,187,0.475973
2,191,0.530605
2,193,0.495724
2,194,0.509338
2,197,0.45024
2,198,0.450125
2,199,0.45759
2,200,0.442049
2,201,0.542534
2,204,0.435972
2,205,0.477377
2,206,0.462761
2,208,0.475432
2,209,0.471502
2,216,0.497694
2,218,0.405375
2,219,0.491184
2,220,0.477723
2,221,0.489022
2,223,0.425189
2,224,0.451593
2,226,0.433277
2,230,0.471055
2,231,0.483823
2,236,0.455832
2,237,0.457624
2,241,0.498443
2,242,0.550186
2,246,0.498305
2,251,0.428611
2,254,0.445772
2,255,0.437886
2,256,0.511466
2,263,0.484185
2,264,0.508845
2,266,0.466453
2,268,0.443343
2,272,0.529248
2,274,0.463451
2,278,0.457639
2,280,0.476512
2,284,0.431162
2,289,0.490869
2,293,0.458655
2,294,0.479689
2,296,0.432189
2,298,0.458871
2,299,0.459883
2,305,0.477515
2,308,0.467107
2,309,0.461178
2,310,0.460803
2,312,0.461725
3,1,0.439627
3,6,0.439191
3,8,0.429761
3,10,0.53954
3,12,0.441974
3,13,0.436165
3,15,0.447426
3,17,0.461696
3,18,0.558231
3,19,0.473159
3,22,0.459456
3,24,0.40876
3,26,0.41575
3,28,0.47201
3,30,0.427945
3,32,0.470212
3,37,0.444983
3,39,0.45512
3,43,0.409555
3,48,0.425086
3,49,0.458357
3,51,0.489132
3,54,0.466531
3,57,0.462861
3,58,0.50496
3,63,0.483382
3,70,0.409672
3,71,0.50308
3,72,0.411311
3,75,0.454231
3,77,0.447171
3,78,0.487687
3,79,0.470922
3,80,0.428289
3,82,0.469756
3,83,0.459018
3,89,0.42452
3,90,0.434272
3,93,0.476251
3,95,0.435272
3,99,0.481959
3,100,0.488385
3,104,0.36919
3,107,0.424222
3,108,0.431848
3,110,0.498617
3,111,0.512829
3,113,0.518809
3,116,0.442791
3,117,0.464262
3,119,0.466869
3,121,0.441653
3,122,0.433647
3,124,0.481677
3,125,0.530556
3,126,0.4065
3,128,0.466669
3,132,0.369116
3,133,0.524103
3,137,0.449459
3,138,0.441285
3,139,0.483539
3,147,0.441282
3,150,0.519167
3,151,0.454434
3,157,0.440695
3,165,0.448684
3,166,0.431426
3,169,0.454336
3,170,0.473627
3,171,0.398657
3,175,0.439193
3,178,0.451345
3,180,0.426879
3,186,0.466559
3,187,0.497714
3,188,0.416681
3,192,0.459189
3,194,0.518932
3,195,0.421806
3,199,0.443438
3,200,0.494131
3,201,0.452759
3,203,0.451154
3,204,0.547582
3,206,0.48312
3,208,0.523846
3,211,0.410349
3,214,0.418715
3,216,0.432346
3,217,0.416741
3,218,0.470678
3,219,0.485612
3,225,0.449563
3,227,0.47784
3,231,0.420753
3,237,0.426941
3,238,0.369621
3,241,0.479683
3,243,0.392708
3,246,0.43407
3,247,0.482911
3,250,0.404904
3,253,0.415125
3,256,0.415051
3,258,0.376701
3,259,0.470033
3,266,0.413767
3,270,0.435985
3,271,0.460681
3,273,0.441428
3,275,0.3731
3,277,0.422676
3,278,0.415752
3,280,0.444845
3,282,0.420121
3,283,0.444236
3,286,0.441325
3,288,0.434922
3,289,0.446218
3,290,0.45363
3,296,0.452907
3,300,0.50564
3,301,0.542586
3,302,0.52359
3,303,0.434374
3,305,0.443536
3,307,0.502017
3,308,0.482645
3,309,0.481425
3,311,0.393261
3,312,0.444769
4,6,0.391336
4,7,0.423418
4,12,0.421374
4,15,0.384435
4,21,0.443399
4,22,0.398053
4,23,0.408718
4,24,0.501556
4,25,0.403438
4,27,0.376231
4,29,0.380392
4,32,0.414213
4,33,0.360363
4,34,0.414791
4,39,0.433058
4,40,0.352721
4,42,0.454353
4,43,0.381529
4,44,0.432663
4,46,0.439278
4,47,0.370759
4,52,0.40067
4,53,0.41053
4,55,0.438456
4,60,0.481512
4,64,0.410014
4,65,0.406797
4,67,0.449368
4,68,0.459987
4,72,0.41702
4,73,0.337047
4,74,0.467438
4,82,0.387404
4,84,0.413928
4,85,0.401573
4,86,0.439482
4,88,0.456091
4,89,0.414763
4,90,0.373409
4,91,0.468753
4,95,0.402234
4,96,0.421332
4,97,0.415903
4,99,0.424409
4,100,0.437373
4,101,0.414737
4,104,0.418425
4,105,0.39362
4,107,0.43154
4,109,0.375634
4,111,0.396278
4,114,0.456356
4,115,0.407572
4,118,0.431474
4,119,0.478456
4,123,0.405748
4,125,0.453572
4,126,0.442795
4,127,0.423485
4,128,0.381755
4,133,0.42907
4,138,0.416722
4,139,0.421429
4,140,0.382782
4,144,0.396814
4,145,0.410011
4,146,0.362351
4,147,0.384463
4,148,0.418773
4,149,0.387411
4,152,0.408273
4,153,0.467568
4,154,0.386911
4,159,0.377571
4,168,0.446588
4,169,0.425811
4,173,0.437732
4,174,0.434396
4,175,0.374741
4,176,0.431561
4,181,0.389247
4,183,0.416422
4,184,0.392567
4,185,0.423815
4,188,0.410464
4,189,0.482985
4,192,0.397411
4,197,0.44046
4,200,0.400867
4,201,0.448171
4,204,0.372253
4,205,0.408645
4,206,0.4285
4,209,0.360001
4,210,0.409976
4,211,0.438507
4,214,0.403522
4,215,0.45266
4,219,0.408094
4,220,0.422921
4,224,0.358457
4,225,0.405157
4,228,0.475233
4,237,0.469518
4,240,0.449468
4,242,0.502683
4,244,0.431328
4,247,0.479966
4,249,0.431359
4,252,0.351961
4,254,0.443549
4,256,0.477377
4,259,0.363271
4,261,0.37735
4,263,0.393177
4,264,0.383907
4,267,0.382704
4,268,0.389981
4,270,0.341603
4,272,0.388292
4,275,0.434168
4,277,0.369473
4,278,0.380964
4,279,0.43171
4,281,0.385899
4,287,0.442428
4,288,0.51683
4,289,0.400487
4,298,0.459572
4,299,0.450472
4,305,0.482248
4,308,0.46306
4,309,0.431191
5,2,0.332327
5,3,0.35785
5,4,0.40348
5,5,0.409434
5,7,0.391456
5,10,0.369707
5,12,0.339448
5,15,0.250519
5,19,0.366512
5,21,0.310722
5,23,0.356196
5,24,0.348265
5,25,0.368148
5,26,0.367236
5,29,0.416608
5,30,0.315844
5,31,0.272391
5,37,0.371412
5,39,0.32814
5,44,0.358786
5,46,0.379975
5,51,0.333999
5,52,0.379663
5,54,0.343359
5,59,0.377976
5,60,0.366342
5,63,0.349101
5,64,0.352015
5,67,0.358518
5,69,0.456422
5,70,0.365112
5,72,0.351227
5,75,0.39597
5,76,0.432621
5,77,0.353947
5,79,0.311197
5,81,0.355588
5,82,0.309023
5,84,0.381011
5,85,0.384343
5,86,0.379719
5,87,0.340908
5,88,0.339639
5,92,0.364063
5,94,0.370766
5,95,0.376888
5,96,0.428551
5,99,0.331927
5,100,0.343099
5,101,0.56998
5,103,0.469326
5,104,0.376287
5,107,0.367948
5,109,0.403311
5,111,0.403017
5,114,0.433169
5,115,0.409211
5,117,0.331222
5,119,0.413092
5,120,0.421794
5,121,0.361374
5,122,0.407911
5,132,0.386561
5,134,0.466098
5,142,0.401001
5,144,0.371769
5,145,0.33028
5,146,0.453252
5,147,0.324509
5,148,0.368144
5,151,0.389056
5,154,0.483991
5,157,0.399106
5,160,0.380841
5,161,0.443256
5,162,0.424459
5,167,0.374175
5,168,0.355522
5,176,0.455524
5,178,0.420396
5,179,0.454775
5,181,0.467616
5,182,0.338775
5,190,0.458756
5,191,0.456404
5,192,0.376637
5,193,0.398953
5,197,0.388274
5,199,0.362807
5,200,0.357024
5,201,0.387794
5,202,0.366789
5,203,0.44236
5,204,0.428863
5,205,0.473296
5,206,0.446056
5,207,0.374988
5,208,0.397138
5,213,0.349075
5,219,0.346945
5,223,0.391266
5,224,0.315835
5,225,0.409258
5,228,0.358334
5,231,0.374209
5,232,0.327041
5,233,0.398959
5,235,0.36498
5,237,0.371018
5,238,0.389452
5,240,0.392673
5,242,0.41728
5,245,0.326526
5,246,0.405586
5,247,0.387939
5,248,0.359367
5,252,0.342175
5,253,0.427629
5,257,0.343311
5,259,0.406551
5,260,0.407399
5,261,0.396463
5,262,0.37574
5,263,0.385649
5,265,0.504429
5,269,0.420411
5,270,0.484845
5,271,0.47454
5,275,0.368771
5,276,0.400646
5,277,0.453515
5,279,0.418287
5,282,0.384267
5,283,0.421491
5,284,0.380095
5,289,0.340354
5,293,0.514408
5,296,0.40116
5,302,0.392757
5,303,0.387515
5,306,0.4475
5,311,0.414317
6,2,0.347774
6,6,0.33424
6,7,0.297283
6,8,0.279174
6,11,0.347809
6,12,0.308201
6,15,0.308397
6,16,0.329613
6,19,0.330174
6,20,0.33086
6,22,0.356066
6,24,0.362402
6,28,0.346181
6,29,0.392696
6,30,0.267631
6,31,0.27417
6,32,0.335573
6,34,0.273733
6,35,0.375173
6,38,0.320896
6,40,0.433223
6,42,0.418589
6,44,0.327259
6,47,0.316007
6,48,0.320787
6,50,0.35803
6,51,0.300585
6,53,0.3715
6,57,0.280716
6,59,0.298523
6,60,0.363932
6,68,0.372874
6,70,0.293322
6,71,0.301794
6,75,0.403582
6,76,0.428809
6,78,0.3718
6,79,0.316517
6,80,0.358684
6,83,0.336292
6,86,0.360911
6,89,0.373581
6,91,0.34033
6,92,0.389358
6,95,0.392569
6,97,0.294528
6,98,0.385944
6,100,0.289347
6,104,0.353122
6,105,0.375938
6,106,0.352898
6,111,0.358658
6,112,0.325652
6,117,0.453749
6,119,0.35438
6,120,0.407568
6,122,0.4163
6,124,0.385477
6,127,0.258318
6,128,0.407655
6,129,0.339066
6,130,0.297601
6,133,0.335635
6,134,0.376587
6,137,0.373144
6,139,0.320783
6,140,0.287414
6,141,0.418988
6,143,0.390355
6,146,0.295787
6,147,0.325622
6,148,0.450926
6,149,0.397466
6,150,0.331832
6,154,0.340632
6,155,0.337024
6,156,0.308917
6,158,0.399741
6,159,0.405782
6,165,0.407284
6,166,0.319055
6,167,0.332854
6,168,0.372251
6,175,0.325281
6,176,0.325435
6,179,0.326369
6,180,0.391796
6,181,0.448505
6,183,0.336328
6,184,0.37936
6,201,0.383182
6,202,0.345917
6,203,0.380998
6,204,0.348153
6,205,0.307491
6,207,0.337698
6,211,0.386933
6,212,0.388292
6,219,0.357238
6,222,0.354904
6,224,0.366817
6,227,0.278107
6,231,0.359746
6,232,0.321185
6,235,0.353451
6,237,0.274055
6,239,0.317101
6,240,0.399082
6,241,0.340995
6,243,0.3933
6,244,0.307163
6,251,0.328355
6,253,0.395454
6,254,0.363654
6,258,0.310786
6,261,0.295917
6,263,0.358275
6,265,0.476152
6,269,0.401604
6,271,0.386341
6,272,0.442445
6,273,0.397539
6,274,0.350834
6,275,0.382927
6,277,0.366631
6,280,0.417377
6,282,0.430764
6,287,0.348608
6,289,0.310979
6,294,0.295
6,295,0.326756
6,298,0.362442
6,301,0.333799
6,302,0.379369
6,305,0.264584
6,306,0.358232
6,307,0.273177
6,309,0.415029
7,3,0.315703
7,9,0.250339
7,10,0.237079
7,12,0.302363
7,13,0.312137
7,14,0.305902
7,19,0.27728
7,24,0.207706
7,25,0.371565
7,27,0.291474
7,28,0.338899
7,34,0.31327
7,42,0.306377
7,44,0.315699
7,45,0.319186
7,46,0.356727
7,47,0.284428
7,49,0.274293
7,52,0.290086
7,57,0.366373
7,58,0.311474
7,61,0.301754
7,63,0.261195
7,66,0.292738
7,67,0.305826
7,68,0.277596
7,70,0.25291
7,72,0.279988
7,75,0.27475
7,76,0.221428
7,77,0.281646
7,78,0.2884
7,80,0.31417
7,82,0.265598
7,85,0.240002
7,87,0.257901
7,88,0.328568
7,89,0.282861
7,90,0.482893
7,91,0.421315
7,95,0.379537
7,99,0.216072
7,100,0.319599
7,101,0.288168
7,102,0.303113
7,104,0.344369
7,106,0.299493
7,107,0.317606
7,112,0.340255
7,114,0.328585
7,117,0.304502
7,122,0.308324
7,125,0.353619
7,126,0.261527
7,127,0.350738
7,129,0.317783
7,131,0.276169
7,132,0.300323
7,133,0.231438
7,135,0.331686
7,139,0.331904
7,142,0.305905
7,143,0.284815
7,144,0.403131
7,148,0.36358
7,149,0.292766
7,151,0.322796
7,152,0.363435
7,153,0.347084
7,157,0.317441
7,160,0.281051
7,162,0.308773
7,164,0.354104
7,166,0.296902
7,168,0.298363
7,169,0.31581
7,174,0.373173
7,176,0.382501
7,177,0.391702
7,178,0.325811
7,179,0.327639
7,180,0.327624
7,181,0.358326
7,182,0.242932
7,183,0.343367
7,184,0.257387
7,188,0.236163
7,189,0.30715
7,190,0.246331
7,192,0.35556
7,197,0.385901
7,198,0.324828
7,201,0.292806
7,204,0.261822
7,207,0.269758
7,208,0.348106
7,209,0.369786
7,210,0.281353
7,211,0.287239
7,212,0.343338
7,213,0.326038
7,214,0.362027
7,217,0.331873
7,218,0.352397
7,222,0.310975
7,224,0.298929
7,232,0.295075
7,234,0.286995
7,235,0.288029
7,238,0.286279
7,240,0.258009
7,242,0.354439
7,245,0.327773
7,247,0.332617
7,249,0.332471
7,250,0.350808
7,251,0.281594
7,252,0.309281
7,255,0.377536
7,256,0.244878
7,257,0.362938
7,259,0.326008
7,263,0.299078
7,264,0.246851
7,267,0.375661
7,268,0.281697
7,269,0.34708
7,273,0.312124
7,275,0.296888
7,276,0.305505
7,277,0.30632
7,280,0.269054
7,283,0.354166
7,286,0.323046
7,290,0.313924
7,291,0.322849
7,294,0.294363
7,297,0.333313
7,298,0.286904
7,300,0.320632
7,305,0.336933
7,306,0.316231
7,307,0.307169
7,311,0.331358
7,312,0.379522
8,4,0.201431
8,5,0.337639
8,7,0.208917
8,9,0.28523
8,11,0.233352
8,12,0.291582
8,13,0.257972
8,16,0.2373
8,17,0.238969
8,19,0.294406
8,23,0.270978
8,24,0.20182
8,25,0.174466
8,26,0.212858
8,31,0.249579
8,32,0.286287
8,35,0.208564
8,37,0.220326
8,38,0.164596
8,39,0.20122
8,41,0.217578
8,42,0.239893
8,44,0.391125
8,45,0.26655
8,46,0.221939
8,47,0.254479
8,48,0.216526
8,50,0.209671
8,55,0.212939
8,56,0.194867
8,57,0.194034
8,59,0.27664
8,60,0.214689
8,62,0.191485
8,64,0.236188
8,65,0.255183
8,66,0.214914
8,74,0.181423
8,75,0.33499
8,76,0.255491
8,77,0.278043
8,80,0.238207
8,81,0.208834
8,85,0.301616
8,87,0.366703
8,89,0.258114
8,91,0.236146
8,96,0.245003
8,98,0.372305
8,100,0.320891
8,101,0.248667
8,103,0.253198
8,107,0.232044
8,108,0.262565
8,109,0.295884
8,110,0.223542
8,111,0.256091
8,114,0.278332
8,115,0.27487
8,116,0.280367
8,118,0.23839
8,119,0.234564
8,120,0.299834
8,122,0.236831
8,125,0.39546
8,128,0.297323
8,129,0.307992
8,130,0.229811
8,133,0.194502
8,134,0.222519
8,135,0.300705
8,136,0.312777
8,141,0.297493
8,142,0.331292
8,143,0.236501
8,144,0.234909
8,147,0.317126
8,149,0.217853
8,150,0.288124
8,151,0.262462
8,152,0.267007
8,154,0.31378
8,156,0.222653
8,158,0.309302
8,160,0.266691
8,161,0.255301
8,167,0.262497
8,168,0.276656
8,169,0.253216
8,170,0.210783
8,171,0.280382
8,174,0.31293
8,176,0.258896
8,179,0.218308
8,185,0.194442
8,190,0.259941
8,191,0.237979
8,196,0.285041
8,197,0.306979
8,198,0.269098
8,200,0.242927
8,201,0.26679
8,202,0.315162
8,203,0.223185
8,204,0.279723
8,208,0.301304
8,213,0.305368
8,214,0.360583
8,215,0.260446
8,216,0.287895
8,217,0.284587
8,218,0.371155
8,222,0.265003
8,224,0.302232
8,226,0.270859
8,227,0.282457
8,230,0.30559
8,235,0.285988
8,242,0.385979
8,245,0.300616
8,248,0.274057
8,249,0.306957
8,252,0.273603
8,254,0.356094
8,255,0.303016
8,257,0.26586
8,258,0.162499
8,259,0.405924
8,260,0.276088
8,262,0.237541
8,263,0.266306
8,265,0.256789
8,267,0.313155
8,268,0.362977
8,269,0.326994
8,276,0.40013
8,277,0.267399
8,281,0.260061
8,283,0.321824
8,284,0.28491
8,286,0.265572
8,287,0.29503
8,288,0.304237
8,290,0.261044
8,291,0.284672
8,293,0.303446
8,295,0.31843
8,297,0.304866
8,303,0.267923
8,305,0.389085
8,307,0.349474
8,308,0.250496
8,309,0.343554
8,311,0.310958
8,313,0.271296
9,2,0.250218
9,9,0.202719
9,13,0.272807
9,14,0.172559
9,15,0.198479
9,16,0.201418
9,19,0.14376
9,22,0.246274
9,24,0.20958
9,25,0.207629
9,28,0.145413
9,30,0.186606
9,31,0.19637
9,33,0.178773
9,37,0.210338
9,38,0.187775
9,40,0.233109
9,42,0.122052
9,43,0.100634
9,45,0.205663
9,46,0.18805
9,51,0.179741
9,53,0.18365
9,55,0.181974
9,56,0.187956
9,58,0.184643
9,59,0.166279
9,61,0.257425
9,63,0.283785
9,67,0.200456
9,68,0.162185
9,71,0.192432
9,75,0.196084
9,76,0.201628
9,80,0.224933
9,81,0.238392
9,82,0.214628
9,86,0.146177
9,92,0.259789
9,93,0.3297
9,95,0.253161
9,99,0.27963
9,101,0.180098
9,102,0.282283
9,103,0.138885
9,105,0.192031
9,106,0.208289
9,110,0.220245
9,111,0.152859
9,112,0.140252
9,113,0.191658
9,114,0.199965
9,116,0.183194
9,118,0.236434
9,119,0.171499
9,121,0.101998
9,123,0.235579
9,125,0.25026
9,126,0.189116
9,128,0.229489
9,130,0.390079
9,132,0.326294
9,133,0.237701
9,135,0.275005
9,136,0.222636
9,137,0.200006
9,138,0.174191
9,141,0.203645
9,142,0.291855
9,144,0.226849
9,149,0.223711
9,152,0.276098
9,153,0.13286
9,158,0.278759
9,159,0.235936
9,161,0.271158
9,166,0.240974
9,170,0.212223
9,172,0.155906
9,173,0.254574
9,174,0.234077
9,175,0.13433
9,176,0.260555
9,177,0.271481
9,180,0.192029
9,181,0.293767
9,184,0.183697
9,185,0.243003
9,189,0.224244
9,191,0.372444
9,194,0.27864
9,195,0.202812
9,196,0.298371
9,198,0.217661
9,199,0.278488
9,200,0.267426
9,201,0.188786
9,207,0.255386
9,209,0.292359
9,211,0.258949
9,212,0.295838
9,215,0.232954
9,221,0.220464
9,222,0.218853
9,223,0.275466
9,224,0.179738
9,227,0.303479
9,230,0.260779
9,231,0.313579
9,233,0.236539
9,234,0.193425
9,237,0.349856
9,239,0.269254
9,240,0.221193
9,243,0.272557
9,245,0.227039
9,248,0.311557
9,249,0.208473
9,250,0.323388
9,251,0.298834
9,252,0.204986
9,257,0.153886
9,261,0.338137
9,263,0.239315
9,264,0.236446
9,266,0.315491
9,268,0.331459
9,271,0.188774
9,274,0.269199
9,275,0.171067
9,278,0.257545
9,279,0.27324
9,280,0.304418
9,285,0.315374
9,286,0.269826
9,288,0.201563
9,289,0.191059
9,291,0.262207
9,293,0.349577
9,294,0.281033
9,295,0.229124
9,296,0.236111
9,299,0.241552
9,301,0.322752
9,302,0.12436
9,303,0.228764
9,304,0.288159
9,309,0.359022
9,310,0.307692
9,311,0.256265
9,313,0.258199
10,2,0.118448
10,4,0.18758
10,5,0.227408
10,10,0.134917
10,14,0.179185
10,18,0.132649
10,20,0.204054
10,24,0.100839
10,26,0.160753
10,32,0.20455
10,35,0.193468
10,37,0.153921
10,40,0.155022
10,41,0.244395
10,42,0.145357
10,43,0.235821
10,45,0.219656
10,46,0.110872
10,48,0.190229
10,56,0.154031
10,58,0.146881
10,60,0.14963
10,62,0.229492
10,63,0.141016
10,66,0.192574
10,68,0.193197
10,69,0.206893
10,77,0.186772
10,78,0.193641
10,80,0.25058
10,81,0.066748
10,82,0.206227
10,83,0.069657
10,84,0.337589
10,87,0.165163
10,88,0.18151
10,90,0.204811
10,93,0.156198
10,94,0.122977
10,96,0.131656
10,97,0.189551
10,99,0.115766
10,102,0.134816
10,103,0.153433
10,105,0.255804
10,107,0.179067
10,111,0.169677
10,112,0.19428
10,113,0.204544
10,114,0.155739
10,116,0.215296
10,119,0.238324
10,121,0.116928
10,122,0.172465
10,127,0.203941
10,129,0.183626
10,130,0.191674
10,131,0.204729
10,132,0.267032
10,134,0.212888
10,137,0.235312
10,138,0.245017
10,141,0.18057
10,142,0.226278
10,143,0.271019
10,150,0.186511
10,152,0.221989
10,157,0.152653
10,158,0.222669
10,161,0.191883
10,165,0.235585
10,172,0.13167
10,175,0.236771
10,176,0.170706
10,177,0.207459
10,179,0.195238
10,180,0.19153
10,182,0.207305
10,184,0.162529
10,186,0.197255
10,192,0.160933
10,195,0.271575
10,197,0.140959
10,198,0.149078
10,199,0.272369
10,200,0.223426
10,202,0.263485
10,205,0.200122
10,207,0.203129
10,208,0.181881
10,209,0.193515
10,211,0.237567
10,213,0.178133
10,215,0.180543
10,216,0.232308
10,219,0.285673
10,226,0.190566
10,227,0.305665
10,229,0.176776
10,231,0.224176
10,232,0.21398
10,233,0.277319
10,234,0.125534
10,237,0.230328
10,240,0.16857
10,242,0.193869
10,243,0.199393
10,246,0.229034
10,247,0.203366
10,250,0.236081
10,252,0.161718
10,253,0.230063
10,254,0.23072
10,257,0.214975
10,259,0.323919
10,260,0.253328
10,261,0.178522
10,263,0.240434
10,271,0.205041
10,274,0.222305
10,280,0.284746
10,281,0.234699
10,282,0.23384
10,283,0.205112
10,284,0.150565
10,285,0.252244
10,286,0.095937
10,289,0.132238
10,290,0.173968
10,291,0.316941
10,292,0.205013
10,295,0.213731
10,297,0.146145
10,299,0.278754
10,303,0.19774
10,304,0.135836
10,309,0.119681
10,312,0.241981
11,3,0.149956
11,7,0.116341
11,13,0.165271
11,14,0.18452
11,18,0.125359
11,25,0.136635
11,27,0.121023
11,33,0.212615
11,36,0.215333
11,37,0.195487
11,39,0.203872
11,40,0.150943
11,42,0.146942
11,48,0.159239
11,52,0.153549
11,55,0.135626
11,58,0.193948
11,60,0.204057
11,64,0.06214
11,65,0.121878
11,66,0.1637
11,68,0.150033
11,69,0.079144
11,71,0.132817
11,75,0.135563
11,76,0.103225
11,78,0.116164
11,79,0.132636
11,81,0.153769
11,82,0.161574
11,83,0.211112
11,84,0.250944
11,85,0.1449
11,88,0.077698
11,91,0.164731
11,92,0.310766
11,93,0.168818
11,94,0.162771
11,97,0.133221
11,101,0.180662
11,104,0.253695
11,105,0.176556
11,113,0.149238
11,116,0.154806
11,117,0.182531
11,119,0.122568
11,122,0.140915
11,125,0.196411
11,127,0.110623
11,131,0.159753
11,132,0.108951
11,134,0.295404
11,136,0.186864
11,139,0.107409
11,140,0.133824
11,145,0.184871
11,148,0.322743
11,151,0.14336
11,153,0.136316
11,154,0.179752
11,157,0.200848
11,158,0.206668
11,159,0.209778
11,160,0.262033
11,161,0.200923
11,166,0.194927
11,167,0.173882
11,168,0.163232
11,169,0.209095
11,170,0.172059
11,173,0.149775
11,178,0.22767
11,181,0.259766
11,183,0.117789
11,185,0.158121
11,186,0.185533
11,187,0.206884
11,189,0.188517
11,193,0.1812
11,194,0.148451
11,196,0.288267
11,199,0.149277
11,204,0.155253
11,205,0.099386
11,206,0.155826
11,207,0.143689
11,208,0.234636
11,209,0.227295
11,210,0.17231
11,212,0.118599
11,215,0.180038
11,221,0.160512
11,222,0.190296
11,223,0.197736
11,224,0.128846
11,225,0.156704
11,226,0.208955
11,228,0.134447
11,231,0.177994
11,233,0.168484
11,237,0.176058
11,240,0.228009
11,242,0.165107
11,243,0.303857
11,246,0.164958
11,247,0.180771
11,250,0.213106
11,254,0.188942
11,257,0.10313
11,258,0.287741
11,259,0.127017
11,264,0.176826
11,265,0.193792
11,267,0.224425
11,273,0.260371
11,275,0.270071
11,276,0.232841
11,281,0.263939
11,282,0.256229
11,286,0.171087
11,289,0.173648
11,292,0.178818
11,293,0.155521
11,296,0.252336
11,298,0.280012
11,300,0.145564
11,304,0.272971
11,305,0.163675
11,308,0.134061
11,309,0.171687
11,312,0.142913
11,313,0.185626
12,3,0.089869
12,5,0.145548
12,6,0.176689
12,7,0.166271
12,9,0.162444
12,13,0.153862
12,16,0.103303
12,18,0.121566
12,19,0.179511
12,21,0.154793
12,23,0.109892
12,25,0.120423
12,26,0.127649
12,27,0.163157
12,28,0.162113
12,30,0.220236
12,31,0.135628
12,32,0.137443
12,35,0.094763
12,36,0.224129
12,37,0.175956
12,38,0.117715
12,39,0.081579
12,40,0.125044
12,42,0.083222
12,43,0.094465
12,44,0.15826
12,46,0.150263
12,47,0.226663
12,50,0.15846
12,51,0.094536
12,52,0.115116
12,54,0.164363
12,56,0.182112
12,59,0.158213
12,60,0.112845
12,61,0.15964
12,63,0.166752
12,65,0.108639
12,66,0.156167
12,67,0.121761
12,68,0.169683
12,69,0.165935
12,70,0.162693
12,75,0.162692
12,77,0.112317
12,80,0.114414
12,82,0.194936
12,83,0.209381
12,84,0.291972
12,86,0.25556
12,87,0.252496
12,90,0.237085
12,91,0.123436
12,95,0.186685
12,96,0.183967
12,103,0.112052
12,104,0.197868
12,105,0.167763
12,108,0.120295
12,117,0.298077
12,118,0.213269
12,120,0.107386
12,127,0.206495
12,128,0.201332
12,129,0.178283
12,130,0.13267
12,134,0.135323
12,135,0.16738
12,136,0.257055
12,137,0.138672
12,138,0.212913
12,140,0.217223
12,142,0.108116
12,143,0.155357
12,146,0.106775
12,147,0.087044
12,149,0.276394
12,150,0.379464
12,152,0.151236
12,153,0.142688
12,155,0.137574
12,157,0.205002
12,159,0.119627
12,161,0.170157
12,162,0.152187
12,165,0.066693
12,166,0.171504
12,167,0.103149
12,169,0.113061
12,171,0.133982
12,173,0.161087
12,174,0.134315
12,175,0.10201
12,177,0.145986
12,181,0.139411
12,182,0.176229
12,191,0.205023
12,192,0.149988
12,193,0.233458
12,196,0.106011
12,197,0.219216
12,201,0.177167
12,204,0.233431
12,205,0.133962
12,207,0.129799
12,209,0.255542
12,210,0.151899
12,213,0.222191
12,214,0.230566
12,215,0.152606
12,216,0.181388
12,220,0.185983
12,223,0.135881
12,226,0.135933
12,227,0.12113
12,232,0.252724
12,236,0.119988
12,237,0.190176
12,240,0.153779
12,242,0.177005
12,243,0.151724
12,244,0.154545
12,247,0.113418
12,249,0.205122
12,250,0.168071
12,251,0.176439
12,252,0.265905
12,256,0.211088
12,257,0.094755
12,260,0.146406
12,261,0.24725
12,262,0.156596
12,264,0.230201
12,265,0.17715
12,268,0.114492
12,269,0.141077
12,272,0.180429
12,279,0.111896
12,283,0.204591
12,286,0.125291
12,288,0.209995
12,291,0.194706
12,294,0.187748
12,297,0.204977
12,300,0.14008
12,301,0.104753
12,303,0.189047
12,304,0.194236
12,310,0.138291
12,311,0.188783
12,313,0.310324
13,4,0.100034
13,6,0.201849
13,8,0.206153
13,14,0.133305
13,19,0.072249
13,21,0.139327
13,23,0.101514
13,25,0.137768
13,26,0.075836
13,29,0.071153
13,33,0.114185
13,34,0.098081
13,37,0.20134
13,39,0.099064
13,40,0.167015
13,41,0.149307
13,43,0.177468
13,45,0.050518
13,46,0.060283
13,49,0.15974
13,51,0.168486
13,58,0.058765
13,62,0.181623
13,65,0.15951
13,66,0.158036
13,69,0.098226
13,71,0.155714
13,72,0.087126
13,74,0.159832
13,76,0.179398
13,78,0.138668
13,79,0.193686
13,80,0.216561
13,81,0.168004
13,87,0.181628
13,88,0.16283
13,89,0.176113
13,91,0.182724
13,92,0.222706
13,93,0.160723
13,96,0.164206
13,97,0.282347
13,100,0.138923
13,101,0.114086
13,102,0.289116
13,105,0.165019
13,110,0.100059
13,122,0.083728
13,126,0.168501
13,127,0.149825
13,129,0.140017
13,131,0.148092
13,132,0.135807
13,134,0.110885
13,137,0.181695
13,139,0.132987
13,143,0.138498
13,144,0.213124
13,146,0.168104
13,147,0.136215
13,148,0.130889
13,149,0.118666
13,150,0.183123
13,154,0.125502
13,155,0.080578
13,157,0.167128
13,159,0.223683
13,164,0.074932
13,165,0.148446
13,166,0.164794
13,167,0.123833
13,170,0.196962
13,171,0.172832
13,174,0.118371
13,175,0.099676
13,176,0.164144
13,179,0.121663
13,183,0.206493
13,184,0.070689
13,185,0.224033
13,186,0.08697
13,187,0.135104
13,189,0.1462
13,191,0.147911
13,192,0.161084
13,193,0.178465
13,195,0.093532
13,197,0.129523
13,198,0.114315
13,203,0.171521
13,209,0.149502
13,210,0.110392
13,211,0.190869
13,216,0.158247
13,218,0.159858
13,219,0.226314
13,220,0.153273
13,221,0.19068
13,222,0.178445
13,223,0.133188
13,224,0.140689
13,225,0.124498
13,229,0.17091
13,231,0.189095
13,234,0.122298
13,236,0.112619
13,238,0.168654
13,240,0.114417
13,241,0.173975
13,242,0.16107
13,244,0.109472
13,248,0.166837
13,249,0.118086
13,252,0.19643
13,255,0.223906
13,257,0.101843
13,258,0.239857
13,260,0.141648
13,266,0.146112
13,269,0.226719
13,271,0.218924
13,273,0.192635
13,274,0.139107
13,275,0.079904
13,276,0.096097
13,277,0.216125
13,279,0.255471
13,280,0.131123
13,282,0.127192
13,284,0.117448
13,285,0.147231
13,286,0.14086
13,288,0.082543
13,289,0.130349
13,290,0.153678
13,291,0.264415
13,293,0.134839
13,294,0.159877
13,296,0.200161
13,302,0.159546
13,303,0.206845
13,304,0.144726
13,306,0.149998
13,308,0.171354
13,309,0.141822
13,311,0.099149
13,313,0.133566
14,1,0.110989
14,4,0.213685
14,5,0.086298
14,6,0.156454
14,13,0.03032
14,16,0.093457
14,17,0.172128
14,21,0.184813
14,25,0.10624
14,28,0.098639
14,29,0.053695
14,30,0.130818
14,32,0.128691
14,33,0.180049
14,36,0.098944
14,37,0.064575
14,38,0.087602
14,42,0.155187
14,43,0.186135
14,45,0.158677
14,47,0.149687
14,48,0.066053
14,51,0.129445
14,52,0.096971
14,53,0.129503
14,54,0.06638
14,55,0.13858
14,56,0.099155
14,57,0.136946
14,58,0.092264
14,59,0.094343
14,60,0.188913
14,61,0.103116
14,62,0.11458
14,64,0.08564
14,71,0.188683
14,72,0.150868
14,75,0.08892
14,79,0.097975
14,80,0.132033
14,81,0.094598
14,85,0.20555
14,86,0.153686
14,88,0.162112
14,91,0.121453
14,92,0.171268
14,94,0.130897
14,97,0.119897
14,98,0.168294
14,100,0.202783
14,101,0.132032
14,102,0.241661
14,108,0.123141
14,110,0.115934
14,118,0.179813
14,121,0.15663
14,123,0.215432
14,124,0.20013
14,125,0.154709
14,126,0.116021
14,129,0.118573
14,131,0.136052
14,133,0.130695
14,134,0.108111
14,135,0.16439
14,136,0.138756
14,137,0.120469
14,138,0.142804
14,141,0.178382
14,147,0.209262
14,148,0.273114
14,151,0.244568
14,152,0.33027
14,153,0.17337
14,158,0.151091
14,161,0.138693
14,162,0.244836
14,163,0.179271
14,169,0.186026
14,176,0.099378
14,177,0.064643
14,178,0.247695
14,184,0.197743
14,186,0.049566
14,188,0.185341
14,189,0.116612
14,190,0.139981
14,197,0.120612
14,201,0.126928
14,210,0.266832
14,211,0.125938
14,212,0.149681
14,213,0.128641
14,214,0.124769
14,217,0.209258
14,218,0.085129
14,220,0.12239
14,221,0.141124
14,222,0.1407
14,223,0.148157
14,225,0.161814
14,226,0.216945
14,228,0.175133
14,233,0.204412
14,235,0.144081
14,236,0.149662
14,238,0.272924
14,239,0.098864
14,240,0.137186
14,241,0.18098
14,245,0.17131
14,247,0.106639
14,248,0.154025
14,250,0.266542
14,254,0.139745
14,257,0.12816
14,260,0.118809
14,265,0.172648
14,268,0.147441
14,269,0.129547
14,270,0.114493
14,271,0.127392
14,274,0.137289
14,275,0.102056
14,276,0.180616
14,277,0.165791
14,279,0.121436
14,283,0.11863
14,284,0.218938
14,285,0.152623
14,288,0.182705
14,296,0.164149
14,299,0.151154
14,301,0.152885
14,303,0.152689
14,305,0.125786
14,307,0.126742
15,2,0.13061
15,3,0.127953
15,4,0.129164
15,6,0.114696
15,7,0.104183
15,10,0.107974
15,12,0.189739
15,14,0.095695
15,16,0.148647
15,17,0.105689
15,19,0.098318
15,20,0.145336
15,23,0.139874
15,24,0.106536
15,26,0.094841
15,29,0.147105
15,30,0.128151
15,32,0.098332
15,36,0.169878
15,39,0.242001
15,41,0.137398
15,43,0.138505
15,46,0.119237
15,48,0.139498
15,55,0.246838
15,57,0.136873
15,60,0.149897
15,61,0.118028
15,64,0.172049
15,65,0.144305
15,66,0.055767
15,67,0.098249
15,68,0.088699
15,69,0.085478
15,73,0.216193
15,74,0.144719
15,75,0.166663
15,76,0.052714
15,78,0.128995
15,80,0.103713
15,81,0.117658
15,82,0.119584
15,83,0.070936
15,86,0.127554
15,88,0.202828
15,90,0.102728
15,91,0.110388
15,92,0.123317
15,94,0.21006
15,98,0.077758
15,103,0.259847
15,105,0.037709
15,106,0.129477
15,107,0.20366
15,108,0.181136
15,115,0.169756
15,120,0.164525
15,121,0.124048
15,123,0.095098
15,124,0.126238
15,125,0.200236
15,128,0.160583
15,129,0.143421
15,133,0.219454
15,137,0.063137
15,138,0.180486
15,139,0.076581
15,144,0.192508
15,146,0.231755
15,147,0.164169
15,152,0.190489
15,155,0.11657
15,158,0.115779
15,159,0.156595
15,164,0.114097
15,165,0.194782
15,166,0.147222
15,167,0.197623
15,172,0.137958
15,173,0.104409
15,175,0.205568
15,177,0.118102
15,179,0.104076
15,180,0.098267
15,182,0.161735
15,183,0.275407
15,190,0.158087
15,191,0.113148
15,193,0.106372
15,196,0.246297
15,198,0.105047
15,199,0.093551
15,204,0.219915
15,208,0.09691
15,209,0.07904
15,210,0.167312
15,211,0.054704
15,214,0.152068
15,215,0.20742
15,219,0.148208
15,221,0.201362
15,223,0.1462
15,224,0.161573
15,228,0.144092
15,229,0.197789
15,233,0.112717
15,236,0.170989
15,237,0.179897
15,241,0.276233
15,242,0.142179
15,244,0.130867
15,248,0.188233
15,249,0.11107
15,253,0.135781
15,257,0.193968
15,258,0.220137
15,260,0.146308
15,262,0.112452
15,264,0.223324
15,268,0.168417
15,272,0.155855
15,279,0.123111
15,280,0.097613
15,283,0.185989
15,284,0.088525
15,286,0.204492
15,290,0.064964
15,291,0.246603
15,295,0.12987
15,297,0.133049
15,298,0.234634
15,299,0.140895
15,301,0.184829
15,304,0.067024
15,307,0.128372
15,310,0.191651
15,312,0.269073
15,313,0.1434
16,2,0.09684
16,5,0.11654
16,8,0.104389
16,11,0.123894
16,12,0.058378
16,13,0.094646
16,14,0.142335
16,20,0.107351
16,21,0.175662
16,22,0.084231
16,24,0.131674
16,26,0.11678
16,27,0.098841
16,29,0.164763
16,30,0.145346
16,36,0.16757
16,37,0.095864
16,44,0.125733
16,45,0.078329
16,46,0.12081
16,47,0.132137
16,48,0.125317
16,49,0.121482
16,50,0.072835
16,51,0.169601
16,56,0.173185
16,57,0.046651
16,60,0.135457
16,61,0.072744
16,62,0.133655
16,68,0.161428
16,70,0.145873
16,73,0.081483
16,74,0.162362
16,76,0.126973
16,77,0.118965
16,78,0.099086
16,80,0.077058
16,84,0.101104
16,85,0.12372
16,87,0.204676
16,89,0.109109
16,91,0.205232
16,92,0.171327
16,93,0.113888
16,94,0.151221
16,95,0.103569
16,100,0.100098
16,103,0.132437
16,106,0.128942
16,107,0.224407
16,108,0.144739
16,113,0.192839
16,118,0.06977
16,119,0.100897
16,122,0.087103
16,125,0.165327
16,127,0.113151
16,128,0.127379
16,130,0.256443
16,132,0.14952
16,134,0.115046
16,138,0.16381
16,140,0.149913
16,142,0.091811
16,145,0.062398
16,146,0.187702
16,148,0.121197
16,149,0.11724
16,150,0.091758
16,153,0.118666
16,154,0.125367
16,155,0.088558
16,156,0.115035
16,157,0.14567
16,158,0.205519
16,162,0.061323
16,166,0.187277
16,168,0.156642
16,169,0.167115
16,172,0.135676
16,176,0.175813
16,177,0.116954
16,178,0.132064
16,180,0.121103
16,182,0.149359
16,183,0.21547
16,184,0.103307
16,186,0.089959
16,187,0.191103
16,189,0.148745
16,190,0.182662
16,191,0.098198
16,195,0.087291
16,200,0.096414
16,202,0.172023
16,205,0.130651
16,206,0.179696
16,207,0.161401
16,208,0.175559
16,209,0.15556
16,210,0.135609
16,211,0.074913
16,213,0.130367
16,214,0.141749
16,215,0.162311
16,219,0.094874
16,220,0.083192
16,221,0.180992
16,224,0.128307
16,225,0.171062
16,227,0.102648
16,235,0.12368
16,236,0.144862
16,238,0.123684
16,241,0.101567
16,242,0.237
16,247,0.293158
16,254,0.153466
16,255,0.157612
16,256,0.124865
16,260,0.148992
16,261,0.12245
16,265,0.155558
16,266,0.224881
16,269,0.190567
16,271,0.121826
16,272,0.146206
16,276,0.224715
16,278,0.178288
16,279,0.105889
16,280,0.209574
16,283,0.197593
16,284,0.076401
16,286,0.114831
16,287,0.119552
16,288,0.184125
16,289,0.105085
16,290,0.210479
16,291,0.181762
16,294,0.17411
16,295,0.231206
16,296,0.229899
16,297,0.13203
16,299,0.143157
16,305,0.141683
16,306,0.116781
16,307,0.164091
16,311,0.137343
16,313,0.275257
17,5,0.1346
17,8,0.154968
17,11,0.062956
17,12,0.116419
17,13,0.113629
17,15,0.098371
17,16,0.103697
17,18,0.091669
17,19,0.092133
17,21,0.093739
17,23,0.119021
17,24,0.105536
17,27,0.111906
17,28,0.072555
17,31,0.156355
17,35,0.02508
17,36,0.11477
17,38,0.13689
17,39,0.114217
17,40,0.041368
17,41,0.104419
17,42,0.106943
17,43,0.310795
17,51,0.224341
17,52,0.165288
17,59,0.102432
17,61,0.048848
17,62,0.109387
17,63,0.07221
17,64,0.17009
17,69,0.16458
17,72,0.096829
17,74,0.137353
17,75,0.066938
17,76,0.160874
17,81,0.153872
17,82,0.090124
17,83,0.080481
17,87,0.155652
17,89,0.182984
17,91,0.121471
17,92,0.073998
17,93,0.101351
17,94,0.195745
17,95,0.102792
17,99,0.170922
17,100,0.149546
17,105,0.099539
17,108,0.174917
17,109,0.07323
17,110,0.121447
17,111,0.121044
17,116,0.146487
17,118,0.151921
17,121,0.078393
17,122,0.161561
17,126,0.063089
17,128,0.160963
17,132,0.125875
17,133,0.223846
17,135,0.20829
17,136,0.183415
17,137,0.127143
17,139,0.282168
17,141,0.13623
17,142,0.229993
17,144,0.147738
17,148,0.099554
17,149,0.186065
17,150,0.181546
17,151,0.214218
17,153,0.090874
17,154,0.171247
17,156,0.147361
17,157,0.112414
17,158,0.128898
17,161,0.115228
17,162,0.093414
17,163,0.164083
17,165,0.131486
17,167,0.104331
17,168,0.241232
17,173,0.168919
17,174,0.213556
17,175,0.099472
17,176,0.128569
17,179,0.177952
17,180,0.095901
17,187,0.149572
17,188,0.130552
17,189,0.138302
17,191,0.129799
17,192,0.128729
17,194,0.120997
17,196,0.182646
17,200,0.144088
17,204,0.17356
17,207,0.120445
17,208,0.123805
17,209,0.267043
17,210,0.090906
17,212,0.095462
17,215,0.161071
17,217,0.158289
17,218,0.141433
17,219,0.122564
17,220,0.114562
17,223,0.181638
17,229,0.08057
17,237,0.136579
17,238,0.219795
17,241,0.14952
17,243,0.134028
17,245,0.2191
17,247,0.053223
17,252,0.112991
17,258,0.089072
17,260,0.152811
17,261,0.187399
17,263,0.205879
17,264,0.133791
17,265,0.142919
17,267,0.162192
17,270,0.14768
17,271,0.189381
17,273,0.100255
17,275,0.125054
17,277,0.124015
17,279,0.264447
17,283,0.132107
17,284,0.06658
17,286,0.095052
17,287,0.107315
17,290,0.093805
17,293,0.111728
17,297,0.156153
17,298,0.164694
17,299,0.182307
17,302,0.105504
17,305,0.123512
17,307,0.078164
18,1,0.078468
18,6,0.076114
18,11,0.065671
18,12,0.123614
18,13,0.086246
18,17,0.114911
18,19,0.153373
18,21,0.133578
18,23,0.136251
18,25,0.077443
18,26,0.123951
18,28,0.08377
18,29,0.135149
18,30,0.086424
18,31,0.243661
18,32,0.111099
18,34,0.159574
18,37,0.122602
18,38,0.126093
18,39,0.106311
18,41,0.124452
18,43,0.039254
18,44,0.111851
18,51,0.111913
18,55,0.1625
18,56,0.09847
18,57,0.116611
18,59,0.097822
18,60,0.055498
18,61,0.178734
18,62,0.113091
18,64,0.12658
18,65,0.163545
18,66,0.121298
18,68,0.162692
18,71,0.083105
18,74,0.110012
18,79,0.091719
18,80,0.195092
18,85,0.18427
18,87,0.111782
18,92,0.08271
18,94,0.075435
18,96,0.145956
18,98,0.120631
18,100,0.084283
18,101,0.083147
18,102,0.082586
18,106,0.109196
18,111,0.16214
18,114,0.104255
18,116,0.178079
18,117,0.1291
18,118,0.134107
18,120,0.105286
18,121,0.132803
18,124,0.095526
18,126,0.192486
18,129,0.123688
18,133,0.165213
18,135,0.223505
18,136,0.148197
18,138,0.166617
18,139,0.097135
18,140,0.11387
18,141,0.133989
18,144,0.165991
18,145,0.1586
18,146,0.170761
18,148,0.09471
18,152,0.116218
18,153,0.142289
18,154,0.033829
18,157,0.176478
18,158,0.161631
18,159,0.157761
18,163,0.216196
18,165,0.183632
18,169,0.069035
18,176,0.085058
18,180,0.109364
18,182,0.137179
18,183,0.132215
18,184,0.137074
18,185,0.088455
18,188,0.07138
18,191,0.176573
18,192,0.103321
18,193,0.09129
18,194,0.102178
18,196,0.118658
18,198,0.101365
18,201,0.089981
18,204,0.074205
18,205,0.115226
18,206,0.129421
18,207,0.127113
18,208,0.141334
18,211,0.116451
18,212,0.150782
18,215,0.144776
18,217,0.225049
18,221,0.095138
18,225,0.149658
18,227,0.196433
18,228,0.147189
18,229,0.109125
18,230,0.126786
18,233,0.121694
18,234,0.149219
18,237,0.149644
18,241,0.055631
18,242,0.117882
18,244,0.127556
18,246,0.041938
18,247,0.132862
18,248,0.133036
18,250,0.156043
18,252,0.160648
18,255,0.133476
18,256,0.159337
18,264,0.256817
18,267,0.110497
18,269,0.161117
18,273,0.23153
18,275,0.143027
18,277,0.192971
18,278,0.07486
18,281,0.124444
18,285,0.062502
18,288,0.230954
18,290,0.215576
18,292,0.075032
18,293,0.100074
18,297,0.078798
18,300,0.100305
18,301,0.165879
18,303,0.157017
18,305,0.147119
18,307,0.155329
18,310,0.132098
18,311,0.202582
18,312,0.08852
19,2,0.147372
19,5,0.116365
19,6,0.078715
19,9,0.089319
19,14,0.083343
19,18,0.147593
19,19,0.072671
19,20,0.174265
19,21,0.104425
19,24,0.06958
19,25,0.05724
19,26,0.159294
19,29,0.062028
19,30,0.102723
19,32,0.119903
19,34,0.05239
19,38,0.103302
19,40,0.051931
19,45,0.098683
19,48,0.081068
19,50,0.130696
19,52,0.110224
19,54,0.102763
19,56,0.04097
19,67,0.083809
19,68,0.130544
19,69,0.094449
19,73,0.130932
19,74,0.130625
19,75,0.052909
19,76,0.120393
19,78,0.153725
19,81,0.09387
19,82,0.134035
19,83,0.085092
19,84,0.126898
19,85,0.157946
19,86,0.158132
19,88,0.144686
19,90,0.156325
19,92,0.098177
19,94,0.127637
19,99,0.056361
19,101,0.191971
19,102,0.064749
19,103,0.148104
19,109,0.118803
19,110,0.145857
19,113,0.121502
19,114,0.071218
19,115,0.126884
19,116,0.069695
19,118,0.239996
19,121,0.088097
19,125,0.223786
19,127,0.194498
19,128,0.067957
19,129,0.157757
19,130,0.083127
19,131,0.078308
19,133,0.179163
19,134,0.09194
19,135,0.09789
19,137,0.151043
19,138,0.18439
19,144,0.139675
19,151,0.116868
19,153,0.123479
19,154,0.115809
19,159,0.097972
19,167,0.148168
19,169,0.086995
19,170,0.083238
19,171,0.158103
19,172,0.10372
19,174,0.111925
19,176,0.071649
19,178,0.177022
19,181,0.085576
19,182,0.12568
19,184,0.113571
19,188,0.159496
19,192,0.151071
19,193,0.136936
19,200,0.184662
19,201,0.046724
19,203,0.091416
19,205,0.195016
19,208,0.180534
19,210,0.098576
19,213,0.084404
19,214,0.088352
19,215,0.104397
19,216,0.08225
19,219,0.09729
19,220,0.075554
19,223,0.19314
19,224,0.141611
19,225,0.182184
19,226,0.066795
19,227,0.105233
19,228,0.125939
19,229,0.136512
19,230,0.110266
19,231,0.107692
19,232,0.167477
19,233,0.189297
19,236,0.160154
19,238,0.230434
19,246,0.078196
19,250,0.123458
19,252,0.162698
19,253,0.144433
19,254,0.176122
19,255,0.085502
19,260,0.284437
19,261,0.158666
19,267,0.210001
19,270,0.212026
19,272,0.097157
19,275,0.220388
19,277,0.029054
19,282,0.089531
19,283,0.132394
19,288,0.179548
19,289,0.230547
19,290,0.141565
19,291,0.125726
19,292,0.127723
19,294,0.107369
19,295,0.159067
19,296,0.07828
19,300,0.087687
19,301,0.139472
19,303,0.095247
19,304,0.171413
19,307,0.044875
19,309,0.070979
19,310,0.152861
19,312,0.096462
20,2,0.157158
20,4,0.081863
20,6,0.080926
20,7,0.077341
20,8,0.085917
20,14,0.059161
20,16,0.063491
20,17,0.114388
20,18,0.067064
20,19,0.069221
20,24,0.115925
20,25,0.077157
20,27,0.050615
20,29,0.071308
20,33,0.089518
20,34,0.044821
20,35,0.228992
20,36,0.142851
20,41,0.224654
20,44,0.081341
20,46,0.237286
20,49,0.132243
20,50,0.103631
20,52,0.129306
20,53,0.136016
20,56,0.076654
20,57,0.033265
20,58,0.136601
20,60,0.097577
20,65,0.12841
20,67,0.125061
20,69,0.069826
20,72,0.113875
20,74,0.142328
20,75,0.130312
20,77,0.243544
20,78,0.150564
20,81,0.110139
20,83,0.17314
20,90,0.129287
20,93,0.085733
20,99,0.132376
20,101,0.065817
20,103,0.098555
20,105,0.144456
20,106,0.09896
20,107,0.081036
20,109,0.08213
20,110,0.10498
20,114,0.103122
20,115,0.136434
20,116,0.136414
20,117,0.056254
20,118,0.11412
20,120,0.094587
20,121,0.175178
20,122,0.058438
20,123,0.122043
20,124,0.176669
20,126,0.150988
20,128,0.110356
20,129,0.104089
20,130,0.059514
20,131,0.025414
20,138,0.115196
20,140,0.127639
20,141,0.160125
20,142,0.176419
20,145,0.19656
20,149,0.076852
20,151,0.150682
20,152,0.076085
20,154,0.087739
20,155,0.086675
20,158,0.112892
20,159,0.143897
20,160,0.182783
20,162,0.140222
20,164,0.166313
20,167,0.10856
20,168,0.054176
20,169,0.100686
20,172,0.142115
20,173,0.142187
20,174,0.233747
20,180,0.151249
20,182,0.069163
20,186,0.117106
20,187,0.11353
20,188,0.163952
20,190,0.165028
20,191,0.11494
20,192,0.103081
20,195,0.146511
20,197,0.06232
20,199,0.120365
20,201,0.054913
20,202,0.156096
20,203,0.08598
20,205,0.088394
20,207,0.129523
20,210,0.068437
20,215,0.072018
20,216,0.120569
20,218,0.161715
20,219,0.091357
20,227,0.139796
20,228,0.117089
20,231,0.082616
20,232,0.140473
20,233,0.183316
20,234,0.065522
20,235,0.15991
20,240,0.082623
20,241,0.080432
20,242,0.138968
20,243,0.043738
20,247,0.196855
20,248,0.080761
20,249,0.135481
20,252,0.061337
20,256,0.064609
20,259,0.119615
20,260,0.129501
20,262,0.140301
20,263,0.173471
20,264,0.122582
20,265,0.139383
20,269,0.164709
20,270,0.080732
20,272,0.208959
20,274,0.112295
20,277,0.104262
20,278,0.117802
20,279,0.12809
20,282,0.129229
20,285,0.0918
20,286,0.101721
20,288,0.062535
20,289,0.158151
20,291,0.049861
20,293,0.154938
20,295,0.076427
20,296,0.065409
20,297,0.099984
20,298,0.175404
20,299,0.17232
20,300,0.190353
20,301,0.132574
20,302,0.144696
20,306,0.140336
20,307,0.207099
20,312,0.144115
20,313,0.298046
21,1,0.093075
21,4,0.057684
21,7,0.075607
21,8,0.053917
21,9,0.067338
21,11,0.123947
21,12,0.073993
21,15,0.075947
21,16,0.099343
21,20,0.114629
21,21,0.070925
21,22,0.059568
21,26,0.076318
21,27,0.051881
21,30,0.100024
21,31,0.096105
21,32,0.153237
21,33,0.094935
21,34,0.104853
21,39,0.137263
21,40,0.163968
21,42,0.105439
21,47,0.108991
21,48,0.146434
21,49,0.070075
21,50,0.071558
21,52,0.090813
21,56,0.058504
21,57,0.165358
21,61,0.156992
21,62,0.105178
21,63,0.07955
21,64,0.089731
21,65,0.131471
21,66,0.16259
21,69,0.058597
21,70,0.211999
21,73,0.066912
21,76,0.075579
21,80,0.066755
21,81,0.059436
21,82,0.049381
21,86,0.080529
21,87,0.111153
21,89,0.164731
21,91,0.0719
21,93,0.206965
21,96,0.05462
21,97,0.16833
21,98,0.09846
21,101,0.033849
21,107,0.095432
21,108,0.133288
21,110,0.188223
21,114,0.099765
21,118,0.129144
21,122,0.083111
21,124,0.160213
21,125,0.10376
21,126,0.215432
21,128,0.101513
21,129,0.078226
21,130,0.0821
21,131,0.067102
21,133,0.143284
21,135,0.149612
21,136,0.099393
21,140,0.178454
21,143,0.057605
21,146,0.128243
21,148,0.107356
21,149,0.073973
21,150,0.170772
21,153,0.035475
21,156,0.170234
21,158,0.145056
21,159,0.04716
21,160,0.076398
21,162,0.105936
21,163,0.11002
21,164,0.086122
21,165,0.092257
21,166,0.125206
21,168,0.110747
21,169,0.068137
21,174,0.037578
21,175,0.180089
21,179,0.055906
21,181,0.269665
21,183,0.111853
21,184,0.087699
21,185,0.169953
21,189,0.070098
21,192,0.131929
21,194,0.121533
21,196,0.070901
21,200,0.139348
21,203,0.082966
21,204,0.077589
21,207,0.08771
21,208,0.156365
21,213,0.105414
21,214,0.156988
21,219,0.158253
21,221,0.160413
21,223,0.107346
21,224,0.119172
21,225,0.1338
21,227,0.070447
21,230,0.121892
21,231,0.167874
21,232,0.143441
21,233,0.13244
21,235,0.122168
21,238,0.258444
21,239,0.145902
21,242,0.144433
21,244,0.182978
21,245,0.134015
21,246,0.154755
21,247,0.173734
21,249,0.158357
21,251,0.32399
21,253,0.140192
21,256,0.080386
21,258,0.135801
21,259,0.091074
21,266,0.094906
21,267,0.050442
21,268,0.085797
21,270,0.11378
21,273,0.035331
21,275,0.070854
21,276,0.134606
21,277,0.096078
21,279,0.120352
21,282,0.12443
21,284,0.105615
21,285,0.261256
21,286,0.129869
21,288,0.084245
21,290,0.122388
21,291,0.0715
21,292,0.225252
21,297,0.137011
21,298,0.189476
21,302,0.102744
21,303,0.216738
21,310,0.154008
22,5,0.157813
22,7,0.083859
22,8,0.144062
22,11,0.084004
22,12,0.104241
22,14,0.069362
22,18,0.058466
22,21,0.133562
22,23,0.049829
22,27,0.119315
22,28,0.10469
22,29,0.106979
22,30,0.100171
22,31,0.164786
22,35,0.095151
22,36,0.052349
22,40,0.05916
22,41,0.120671
22,43,0.103159
22,47,0.088398
22,49,0.03871
22,52,0.073624
22,53,0.062197
22,54,0.085741
22,55,0.078474
22,56,0.075132
22,59,0.089144
22,60,0.081921
22,62,0.11598
22,69,0.079409
22,74,0.044229
22,75,0.082088
22,76,0.11744
22,77,0.035432
22,78,0.079061
22,81,0.100212
22,84,0.111779
22,87,0.109219
22,88,0.136727
22,89,0.123403
22,90,0.0923
22,91,0.126652
22,92,0.157926
22,95,0.063136
22,97,0.114448
22,98,0.052218
22,100,0.098397
22,102,0.142573
22,105,0.070221
22,110,0.1909
22,113,0.052155
22,115,0.088584
22,116,0.124798
22,117,0.056755
22,118,0.05264
22,120,0.188384
22,121,0.084627
22,123,0.057148
22,126,0.091487
22,127,0.114022
22,128,0.117283
22,131,0.132148
22,133,0.123275
22,134,0.125125
22,135,0.145746
22,140,0.146262
22,142,0.185525
22,143,0.067088
22,145,0.087437
22,151,0.153705
22,152,0.143737
22,153,0.131777
22,157,0.129197
22,158,0.078194
22,161,0.102423
22,162,0.125109
22,163,0.12117
22,168,0.103462
22,169,0.137508
22,172,0.130308
22,174,0.132358
22,178,0.084351
22,181,0.269683
22,184,0.148045
22,185,0.187203
22,186,0.158235
22,187,0.160829
22,188,0.057202
22,189,0.119505
22,190,0.046914
22,193,0.298679
22,197,0.063905
22,198,0.0978
22,203,0.159051
22,206,0.104566
22,207,0.157396
22,209,0.23994
22,215,0.128802
22,216,0.146783
22,218,0.141129
22,221,0.132357
22,225,0.154421
22,226,0.166954
22,231,0.078126
22,232,0.129624
22,236,0.135403
22,238,0.073109
22,240,0.115252
22,241,0.099587
22,242,0.132563
22,243,0.108239
22,245,0.151471
22,248,0.20966
22,250,0.143816
22,252,0.069134
22,254,0.087951
22,255,0.141916
22,257,0.050339
22,259,0.135164
22,260,0.111743
22,262,0.112859
22,263,0.081028
22,264,0.105534
22,268,0.130551
22,270,0.123801
22,272,0.136141
22,274,0.256604
22,275,0.104708
22,276,0.083388
22,291,0.061356
22,292,0.029064
22,294,0.09886
22,295,0.203736
22,296,0.087022
22,299,0.178079
22,300,0.171758
22,302,0.112705
22,304,0.078053
22,307,0.171188
22,308,0.040836
22,313,0.130983
23,1,0.089053
23,2,0.049969
23,3,0.165432
23,6,0.078065
23,7,0.060186
23,11,0.060881
23,12,0.091894
23,14,0.07488
23,18,0.068759
23,19,0.137624
23,22,0.241671
23,24,0.178808
23,26,0.100971
23,28,0.115174
23,29,0.118138
23,31,0.099085
23,33,0.091893
23,34,0.075914
23,35,0.119381
23,36,0.029079
23,40,0.094157
23,41,0.059381
23,45,0.096438
23,46,0.143225
23,47,0.071258
23,48,0.076504
23,49,0.124524
23,50,0.047187
23,51,0.072194
23,55,0.123385
23,61,0.038687
23,65,0.090038
23,66,0.1535
23,69,0.201415
23,70,0.090179
23,71,0.060336
23,73,0.178299
23,74,0.129387
23,77,0.059614
23,84,0.074581
23,89,0.05
23,92,0.093167
23,93,0.105541
23,98,0.058513
23,102,0.060668
23,109,0.032225
23,115,0.109196
23,118,0.062266
23,119,0.124465
23,122,0.073635
23,129,0.143998
23,130,0.127681
23,132,0.086533
23,134,0.085073
23,135,0.113426
23,136,0.102345
23,141,0.029306
23,144,0.097211
23,145,0.066308
23,148,0.073813
23,153,0.1224
23,154,0.100249
23,155,0.085215
23,161,0.077534
23,162,0.127401
23,163,0.122848
23,164,0.098086
23,165,0.196819
23,166,0.154742
23,168,0.10964
23,176,0.173283
23,181,0.070992
23,183,0.053715
23,185,0.119754
23,186,0.139241
23,189,0.122376
23,190,0.215116
23,191,0.067816
23,192,0.185909
23,193,0.19052
23,195,0.116978
23,200,0.105826
23,202,0.048871
23,203,0.121444
23,204,0.141944
23,205,0.194878
23,207,0.120141
23,208,0.070699
23,209,0.101718
23,212,0.111089
23,215,0.164037
23,216,0.052561
23,218,0.079609
23,219,0.178252
23,222,0.187154
23,224,0.087014
23,225,0.163146
23,227,0.058728
23,228,0.076308
23,230,0.155068
23,232,0.154148
23,235,0.091833
23,236,0.077281
23,240,0.106764
23,247,0.079657
23,249,0.106595
23,251,0.09662
23,253,0.1037
23,254,0.065869
23,257,0.151485
23,259,0.159253
23,264,0.210694
23,265,0.183377
23,267,0.085925
23,268,0.09661
23,270,0.039427
23,272,0.073085
23,274,0.126785
23,276,0.124856
23,278,0.09409
23,282,0.132932
23,283,0.107602
23,287,0.185265
23,290,0.096615
23,291,0.091481
23,292,0.147156
23,293,0.134934
23,295,0.12606
23,296,0.08099
23,297,0.140608
23,300,0.111291
23,306,0.192173
23,312,0.182249
23,313,0.108735
24,1,0.130437
24,2,0.153461
24,3,0.056691
24,4,0.088721
24,5,0.106534
24,6,0.063897
24,9,0.133808
24,14,0.095979
24,17,0.121741
24,19,0.07275
24,22,0.040824
24,23,0.046968
24,24,0.103046
24,25,0.076105
24,26,0.129757
24,30,0.051706
24,31,0.086979
24,33,0.057314
24,42,0.039983
24,43,0.067138
24,47,0.098684
24,49,0.128959
24,52,0.104491
24,58,0.044953
24,63,0.121672
24,69,0.039738
24,70,0.1084
24,72,0.094153
24,75,0.048742
24,77,0.051492
24,78,0.140998
24,79,0.076123
24,80,0.06055
24,86,0.129226
24,87,0.131142
24,88,0.038166
24,91,0.114365
24,92,0.05574
24,95,0.119436
24,96,0.056459
24,100,0.09485
24,102,0.24137
24,103,0.199133
24,104,0.029941
24,105,0.117208
24,106,0.025618
24,107,0.134556
24,108,0.146806
24,109,0.108074
24,110,0.075945
24,117,0.059806
24,118,0.054228
24,119,0.090124
24,121,0.080749
24,123,0.059089
24,126,0.098481
24,128,0.099921
24,129,0.087665
24,132,0.119958
24,133,0.034547
24,135,0.041605
24,137,0.073028
24,138,0.085209
24,139,0.118276
24,143,0.076077
24,146,0.087001
24,148,0.108562
24,150,0.051942
24,155,0.077261
24,158,0.191623
24,161,0.14687
24,162,0.107564
24,163,0.154178
24,165,0.060409
24,167,0.137443
24,171,0.105902
24,177,0.116195
24,188,0.061755
24,189,0.081499
24,197,0.113949
24,203,0.195994
24,204,0.066787
24,205,0.157082
24,207,0.134762
24,210,0.138148
24,211,0.054384
24,213,0.163533
24,216,0.134824
24,219,0.091716
24,227,0.156963
24,229,0.048462
24,230,0.07756
24,232,0.151729
24,233,0.083741
24,236,0.102536
24,240,0.087072
24,241,0.204818
24,242,0.097807
24,244,0.118924
24,245,0.191396
24,247,0.195055
24,251,0.135453
24,253,0.056235
24,255,0.056575
24,259,0.142741
24,260,0.043989
24,261,0.15661
24,264,0.191015
24,265,0.051948
24,268,0.123802
24,270,0.108332
24,271,0.124153
24,272,0.124496
24,273,0.068888
24,274,0.07809
24,275,0.140356
24,276,0.144461
24,278,0.18809
24,279,0.09826
24,281,0.229954
24,286,0.11886
24,288,0.110281
24,289,0.05543
24,290,0.115845
24,297,0.161583
24,299,0.100701
24,301,0.100516
24,302,0.138031
24,303,0.1229
24,304,0.112015
24,306,0.064488
24,308,0.047559
24,310,0.083159
24,312,0.212522
24,313,0.101302
25,2,0.07617
25,3,0.049154
25,4,0.043373
25,5,0.086326
25,6,0.082297
25,7,0.091313
25,13,0.135817
25,16,0.03616
25,17,0.062294
25,19,0.071604
25,23,0.081714
25,24,0.111339
25,25,0.129325
25,26,0.064551
25,27,0.08389
25,28,0.038519
25,29,0.154802
25,30,0.075396
25,31,0.05885
25,35,0.089755
25,36,0.08687
25,40,0.216925
25,41,0.08734
25,42,0.067003
25,43,0.092145
25,44,0.103774
25,45,0.093684
25,47,0.091543
25,48,0.045625
25,51,0.10862
25,52,0.09095
25,56,0.159687
25,57,0.068455
25,58,0.164385
25,59,0.165287
25,60,0.09837
25,64,0.145555
25,65,0.086812
25,67,0.171656
25,69,0.061637
25,71,0.161031
25,72,0.094528
25,73,0.094343
25,74,0.105184
25,77,0.052324
25,78,0.105469
25,79,0.05774
25,80,0.105751
25,81,0.097046
25,83,0.106885
25,85,0.074299
25,88,0.094549
25,91,0.091569
25,92,0.063878
25,95,0.086617
25,97,0.095554
25,98,0.09706
25,102,0.073111
25,104,0.127533
25,110,0.087816
25,114,0.112146
25,115,0.090095
25,116,0.086699
25,117,0.092292
25,127,0.132004
25,128,0.101128
25,135,0.131209
25,137,0.120628
25,138,0.078386
25,139,0.12405
25,143,0.113597
25,144,0.09097
25,145,0.082076
25,147,0.175974
25,149,0.091109
25,150,0.071594
25,151,0.056518
25,152,0.11513
25,153,0.06089
25,154,0.086261
25,155,0.049569
25,156,0.119991
25,157,0.164963
25,160,0.138276
25,161,0.067548
25,165,0.114943
25,166,0.205712
25,169,0.127635
25,170,0.069978
25,171,0.168579
25,172,0.194482
25,174,0.148329
25,175,0.146798
25,176,0.195132
25,180,0.102062
25,184,0.144542
25,185,0.100612
25,187,0.056809
25,188,0.05952
25,189,0.16175
25,191,0.09633
25,192,0.147884
25,193,0.150937
25,197,0.113576
25,200,0.094504
25,201,0.087743
25,202,0.126662
25,205,0.214594
25,206,0.089081
25,208,0.152476
25,209,0.07345
25,210,0.073313
25,211,0.114163
25,212,0.100017
25,213,0.125952
25,214,0.085838
25,215,0.119369
25,217,0.069143
25,218,0.10751
25,219,0.091213
25,220,0.076822
25,221,0.0865
25,222,0.180451
25,224,0.113498
25,227,0.087853
25,228,0.067699
25,233,0.177054
25,234,0.147655
25,236,0.111526
25,237,0.219909
25,238,0.093211
25,240,0.117681
25,241,0.128557
25,242,0.061722
25,244,0.120965
25,246,0.075168
25,249,0.153122
25,251,0.090505
25,252,0.034051
25,254,0.060623
25,260,0.101185
25,261,0.121629
25,264,0.07209
25,268,0.021609
25,269,0.069604
25,270,0.079414
25,271,0.119532
25,273,0.099409
25,275,0.081382
25,278,0.130292
25,280,0.224464
25,281,0.08099
25,282,0.055051
25,283,0.173802
25,285,0.077333
25,289,0.202396
25,290,0.137327
25,291,0.161339
25,292,0.053475
25,295,0.079246
25,297,0.041826
25,298,0.110206
25,299,0.127608
25,300,0.130462
25,303,0.066049
25,305,0.108842
25,309,0.133919
25,310,0.097987
26,2,0.085326
26,3,0.095087
26,4,0.075416
26,7,0.051056
26,10,0.126819
26,12,0.085377
26,15,0.191668
26,16,0.069667
26,17,0.04789
26,21,0.050051
26,26,0.023402
26,28,0.057984
26,30,0.060611
26,34,0.143101
26,35,0.110312
26,37,0.077539
26,46,0.175688
26,49,0.106017
26,53,0.140402
26,54,0.10047
26,55,0.103059
26,57,0.187052
26,58,0.107083
26,59,0.042897
26,60,0.056626
26,61,0.112574
26,62,0.10019
26,64,0.098688
26,65,0.077098
26,67,0.189802
26,69,0.082356
26,71,0.098207
26,73,0.109015
26,74,0.052687
26,75,0.144999
26,76,0.041353
26,77,0.100797
26,80,0.081721
26,83,0.092811
26,84,0.177447
26,87,0.097577
26,88,0.052075
26,89,0.131557
26,90,0.057584
26,91,0.086882
26,92,0.079633
26,93,0.057204
26,94,0.053002
26,95,0.055557
26,96,0.115904
26,97,0.060419
26,98,0.095449
26,100,0.137479
26,106,0.11962
26,107,0.118561
26,108,0.049295
26,110,0.067218
26,112,0.180427
26,120,0.061563
26,121,0.040187
26,122,0.093834
26,123,0.071614
26,124,0.046955
26,125,0.053234
26,131,0.129415
26,134,0.119666
26,138,0.136549
26,145,0.126168
26,150,0.095226
26,151,0.078782
26,152,0.13576
26,157,0.062942
26,159,0.163547
26,161,0.033598
26,164,0.081225
26,173,0.136842
26,174,0.120927
26,184,0.122064
26,186,0.130125
26,189,0.067803
26,194,0.063465
26,195,0.055037
26,196,0.110959
26,201,0.130747
26,204,0.049953
26,205,0.112678
26,206,0.066948
26,207,0.154448
26,210,0.137324
26,211,0.09176
26,213,0.129587
26,215,0.063271
26,216,0.093614
26,218,0.137714
26,219,0.167562
26,221,0.150328
26,222,0.161361
26,224,0.130827
26,225,0.084892
26,230,0.150403
26,232,0.097099
26,233,0.108611
26,234,0.07493
26,235,0.082608
26,238,0.119241
26,239,0.098896
26,240,0.151332
26,242,0.050177
26,245,0.0227
26,248,0.172618
26,252,0.077924
26,255,0.127407
26,259,0.074651
26,262,0.070498
26,263,0.085266
26,264,0.131134
26,267,0.156174
26,269,0.064499
26,270,0.082043
26,273,0.083595
26,275,0.11785
26,276,0.061569
26,279,0.128383
26,281,0.104588
26,284,0.114495
26,285,0.100217
26,290,0.116641
26,291,0.124186
26,292,0.094665
26,293,0.192411
26,297,0.039178
26,298,0.173177
26,300,0.146287
26,302,0.054288
26,305,0.102754
26,307,0.173959
26,308,0.223959
26,311,0.171799
26,312,0.113389
26,313,0.04991
27,1,0.036225
27,2,0.025964
27,3,0.053803
27,4,0.102911
27,5,0.061056
27,6,0.109253
27,7,0.07151
27,8,0.078419
27,10,0.050999
27,12,0.074637
27,14,0.048246
27,16,0.017416
27,19,0.037762
27,20,0.078458
27,21,0.048613
27,24,0.083156
27,27,0.115769
27,28,0.199838
27,33,0.100839
27,34,0.077114
27,37,0.037984
27,39,0.083428
27,41,0.126287
27,43,0.014128
27,45,0.127864
27,50,0.071853
27,51,0.077849
27,54,0.123308
27,55,0.109017
27,56,0.090844
27,57,0.108363
27,58,0.091657
27,59,0.125569
27,60,0.057869
27,61,0.095581
27,63,0.078252
27,66,0.046349
27,67,0.091999
27,69,0.077295
27,74,0.130438
27,76,0.040377
27,77,0.097979
27,83,0.025329
27,86,0.131238
27,88,0.062787
27,90,0.153703
27,92,0.046121
27,94,0.086415
27,96,0.063159
27,100,0.137812
27,101,0.089593
27,102,0.07099
27,104,0.112417
27,105,0.068603
27,109,0.113107
27,110,0.069006
27,111,0.093639
27,114,0.071244
27,116,0.050404
27,117,0.072134
27,118,0.113775
27,119,0.159924
27,123,0.098244
27,125,0.088731
27,130,0.11582
27,131,0.09869
27,133,0.035674
27,134,0.094961
27,135,0.031184
27,142,0.077641
27,143,0.20967
27,147,0.139494
27,148,0.156995
27,150,0.105803
27,151,0.151724
27,154,0.101135
27,155,0.074171
27,156,0.097304
27,157,0.04426
27,158,0.038995
27,162,0.085124
27,163,0.096747
27,165,0.06445
27,166,0.249749
27,167,0.091718
27,169,0.011817
27,172,0.028144
27,173,0.194453
27,180,0.095798
27,181,0.079133
27,182,0.083607
27,186,0.238093
27,190,0.189247
27,194,0.129572
27,195,0.059667
27,199,0.072888
27,200,0.063024
27,204,0.111004
27,205,0.099985
27,207,0.120145
27,208,0.061236
27,211,0.067831
27,212,0.023765
27,213,0.063152
27,214,0.082235
27,215,0.204367
27,217,0.104389
27,218,0.075217
27,221,0.085038
27,222,0.083889
27,223,0.066773
27,224,0.058947
27,225,0.089254
27,227,0.16597
27,228,0.18032
27,229,0.145959
27,232,0.083097
27,236,0.200576
27,237,0.155949
27,238,0.074683
27,239,0.088622
27,240,0.111635
27,242,0.1036
27,243,0.098693
27,245,0.122801
27,246,0.117753
27,250,0.189007
27,253,0.077375
27,256,0.187437
27,257,0.16538
27,258,0.114233
27,259,0.075345
27,261,0.166129
27,266,0.12376
27,267,0.041588
27,269,0.09113
27,270,0.134635
27,271,0.13308
27,272,0.106549
27,273,0.094176
27,276,0.052022
27,279,0.115999
27,284,0.104223
27,286,0.167948
27,288,0.106881
27,289,0.107363
27,295,0.247482
27,302,0.107424
27,303,0.08513
27,304,0.116131
27,305,0.154391
27,306,0.120038
28,1,0.038932
28,2,0.149967
28,3,0.078159
28,4,0.058634
28,5,0.082322
28,6,0.089672
28,10,0.075833
28,13,0.074091
28,15,0.107161
28,16,0.085833
28,18,0.014314
28,20,0.065688
28,23,0.090829
28,24,0.060636
28,26,0.108134
28,27,0.056586
28,28,0.087732
28,31,0.083825
28,32,0.06001
28,33,0.064653
28,35,0.081474
28,36,0.079732
28,37,0.014944
28,39,0.118739
28,42,0.073331
28,46,0.097197
28,47,0.208763
28,49,0.035447
28,53,0.064054
28,54,0.069397
28,56,0.004594
28,57,0.082878
28,58,0.098844
28,59,0.046225
28,60,0.08724
28,63,0.148143
28,66,0.086859
28,67,0.106935
28,72,0.087802
28,73,0.054108
28,75,0.118254
28,77,0.035238
28,78,0.06883
28,80,0.059248
28,87,0.068938
28,88,0.107766
28,91,0.037178
28,92,0.069494
28,94,0.115299
28,95,0.113191
28,96,0.160162
28,100,0.125315
28,101,0.104705
28,102,0.082293
28,107,0.160822
28,109,0.199312
28,111,0.075178
28,115,0.035097
28,118,0.144921
28,120,0.052335
28,123,0.037893
28,124,0.091906
28,125,0.081581
28,126,0.050307
28,132,0.094881
28,133,0.08214
28,135,0.070015
28,136,0.157118
28,138,0.096326
28,139,0.01488
28,140,0.134624
28,141,0.139282
28,146,0.072266
28,149,0.05884
28,150,0.058073
28,152,0.112509
28,153,0.079441
28,154,0.113765
28,157,0.040256
28,158,0.10442
28,160,0.099567
28,161,0.124076
28,162,0.090621
28,164,0.107621
28,165,0.126618
28,166,0.114234
28,167,0.342989
28,168,0.112127
28,169,0.044541
28,171,0.082062
28,172,0.022671
28,173,0.151299
28,176,0.10191
28,178,0.029748
28,179,0.116347
28,181,0.208402
28,182,0.107119
28,187,0.042381
28,189,0.131007
28,192,0.068692
28,194,0.110539
28,195,0.126632
28,197,0.121831
28,199,0.07695
28,203,0.037562
28,204,0.046445
28,207,0.11997
28,208,0.133283
28,210,0.141709
28,215,0.127019
28,217,0.126644
28,218,0.091711
28,220,0.067438
28,223,0.158174
28,224,0.116741
28,225,0.168475
28,228,0.058723
28,229,0.075311
28,235,0.08805
28,236,0.133918
28,237,0.07058
28,238,0.107391
28,239,0.112457
28,242,0.234173
28,244,0.112465
28,246,0.116892
28,248,0.146072
28,250,0.112531
28,253,0.070231
28,254,0.050324
28,259,0.108466
28,260,0.123046
28,263,0.114189
28,265,0.089044
28,272,0.186308
28,273,0.066699
28,275,0.050676
28,276,0.123899
28,277,0.168786
28,279,0.115785
28,280,0.11017
28,281,0.075878
28,282,0.109779
28,285,0.048397
28,289,0.080786
28,293,0.120437
28,296,0.046892
28,298,0.166924
28,303,0.129451
28,306,0.059512
28,307,0.06473
28,310,0.06526
28,313,0.082668
29,1,0.156691
29,2,0.052889
29,3,0.054039
29,6,0.046824
29,8,0.10195
29,10,0.090916
29,15,0.094174
29,18,0.130088
29,21,0.081142
29,22,0.09634
29,23,0.113555
29,27,0.103235
29,31,0.044386
29,33,0.033245
29,34,0.065382
29,35,0.07837
29,36,0.256072
29,38,0.157749
29,40,0.053591
29,42,0.08073
29,44,0.106178
29,47,0.092965
29,50,0.03003
29,51,0.075184
29,52,0.089737
29,53,0.117674
29,55,0.064045
29,56,0.071428
29,58,0.265986
29,59,0.214075
29,61,0.022979
29,62,0.113233
29,63,0.091373
29,64,0.067589
29,66,0.168029
29,67,0.073937
29,69,0.045995
29,70,0.080566
29,72,0.095687
29,73,0.07592
29,76,0.068902
29,77,0.100117
29,79,0.080144
29,80,0.076876
29,82,0.053071
29,86,0.068541
29,87,0.064609
29,89,0.02264
29,91,0.134861
29,95,0.051809
29,99,0.095853
29,100,0.115565
29,102,0.096404
29,103,0.184679
29,105,0.056604
29,107,0.081224
29,108,0.184808
29,110,0.062152
29,112,0.083615
29,114,0.161414
29,115,0.063181
29,119,0.026066
29,120,0.093695
29,122,0.099919
29,123,0.134222
29,124,0.137983
29,125,0.129027
29,126,0.141908
29,127,0.090158
29,128,0.160844
29,129,0.100195
29,133,0.075346
29,135,0.200042
29,137,0.111671
29,139,0.115004
29,145,0.084632
29,146,0.096371
29,150,0.146699
29,151,0.030326
29,152,0.112678
29,154,0.108616
29,155,0.065867
29,159,0.052772
29,162,0.019784
29,165,0.130688
29,166,0.068532
29,168,0.06261
29,169,0.153025
29,172,0.065138
29,173,0.015398
29,174,0.097109
29,175,0.035308
29,176,0.058785
29,178,0.018075
29,181,0.026525
29,185,0.072271
29,187,0.060543
29,188,0.032355
29,189,0.035112
29,192,0.117376
29,193,0.063151
29,194,0.066278
29,195,0.223867
29,197,0.029643
29,199,0.070829
29,202,0.037248
29,203,0.234046
29,205,0.044291
29,206,0.066532
29,207,0.044254
29,209,0.03717
29,210,0.094546
29,213,0.145722
29,214,0.048129
29,216,0.020703
29,217,0.09192
29,218,0.098547
29,222,0.066135
29,223,0.101983
29,230,0.029788
29,236,0.07391
29,237,0.087544
29,239,0.052792
29,240,0.092409
29,243,0.128168
29,245,0.112023
29,247,0.286692
29,249,0.171782
29,251,0.07339
29,252,0.074016
29,253,0.325557
29,257,0.052913
29,259,0.090147
29,262,0.043873
29,275,0.091259
29,276,0.047277
29,277,0.108567
29,278,0.093908
29,279,0.107185
29,280,0.106038
29,284,0.114754
29,285,0.142001
29,287,0.020907
29,288,0.046271
29,289,0.110868
29,291,0.056754
29,293,0.067392
29,295,0.210855
29,296,0.085645
29,297,0.097314
29,298,0.098807
29,305,0.157455
29,307,0.100769
29,308,0.144775
29,309,0.091599
29,312,0.11887
30,5,0.168255
30,8,0.090841
30,9,0.068604
30,10,0.158502
30,14,0.06703
30,15,0.067946
30,16,0.068807
30,17,0.160518
30,21,0.041919
30,22,0.118658
30,23,0.067397
30,24,0.045818
30,26,0.223249
30,33,0.026174
30,38,0.046794
30,39,0.09104
30,41,0.082492
30,43,0.058688
30,47,0.105555
30,48,0.051808
30,49,0.075601
30,52,0.073441
30,53,0.121685
30,56,0.079161
30,58,0.03957
30,60,0.027632
30,62,0.07022
30,64,0.129168
30,67,0.071179
30,68,0.136192
30,71,0.078969
30,73,0.110048
30,74,0.126828
30,76,0.187028
30,77,0.053568
30,83,0.061091
30,85,0.044853
30,86,0.103122
30,87,0.022553
30,89,0.060661
30,93,0.065985
30,96,0.007113
30,102,0.141046
30,109,0.031752
30,112,0.101275
30,113,0.144113
30,115,0.075031
30,116,0.006687
30,118,0.015658
30,119,0.053427
30,122,0.009202
30,123,0.038912
30,125,0.088948
30,126,0.122363
30,133,0.071065
30,134,0.087497
30,137,0.008612
30,138,0.072585
30,146,0.102448
30,148,0.063952
30,150,0.068608
30,153,0.10691
30,155,0.091474
30,157,0.108984
30,158,0.051774
30,160,0.085504
30,161,0.042793
30,162,0.089126
30,163,0.082894
30,164,0.026956
30,166,0.104167
30,167,0.134044
30,169,0.08848
30,170,0.066012
30,172,0.082876
30,173,0.078723
30,174,0.062226
30,175,0.115019
30,176,0.116392
30,177,0.048811
30,178,0.159855
30,184,0.121445
30,186,0.085754
30,187,0.042368
30,188,0.11149
30,194,0.044997
30,196,0.115255
30,197,0.056522
30,200,0.04613
30,202,0.101332
30,203,0.05542
30,206,0.070143
30,210,0.092665
30,213,0.134438
30,219,0.178764
30,222,0.140255
30,223,0.082203
30,224,0.093489
30,227,0.19777
30,237,0.063935
30,239,0.054439
30,241,0.077582
30,244,0.067806
30,249,0.112442
30,250,0.035009
30,255,0.128925
30,256,0.038211
30,258,0.080648
30,262,0.109314
30,269,0.115084
30,271,0.133621
30,273,0.084681
30,276,0.074504
30,280,0.084637
30,281,0.078337
30,282,0.068307
30,284,0.111198
30,286,0.134703
30,287,0.07945
30,288,0.123377
30,290,0.053233
30,291,0.093626
30,299,0.094342
30,300,0.02793
30,304,0.073437
30,305,0.165824
30,306,0.105758
30,308,0.058512
30,311,0.064186
30,313,0.151858
31,2,0.048255
31,3,0.069528
31,4,0.09714
31,5,0.079132
31,6,0.084184
31,7,0.042373
31,8,0.080392
31,9,0.116032
31,11,0.064545
31,12,0.034629
31,13,0.044998
31,14,0.061132
31,16,0.061264
31,17,0.056805
31,20,0.121337
31,23,0.033794
31,25,0.031794
31,26,0.110759
31,27,0.086
31,29,0.079179
31,30,0.088898
31,32,0.151734
31,34,0.037209
31,37,0.017031
31,38,0.027733
31,41,0.02791
31,42,0.098266
31,48,0.075579
31,49,0.059894
31,51,0.073137
31,53,0.035875
31,55,0.072814
31,56,0.082488
31,59,0.021192
31,62,0.061558
31,63,0.029328
31,64,0.025275
31,68,0.10169
31,69,0.096915
31,70,0.053128
31,74,0.03032
31,77,0.123861
31,79,0.119364
31,80,0.034218
31,88,0.038472
31,89,0.043913
31,91,0.051645
31,93,0.070024
31,94,0.124353
31,100,0.105978
31,103,0.088189
31,106,0.218653
31,109,0.016803
31,111,0.038896
31,112,0.06007
31,113,0.031795
31,115,0.206624
31,118,0.136811
31,120,0.093318
31,122,0.082554
31,123,0.041474
31,125,0.039814
31,126,0.043252
31,128,0.045411
31,131,0.045901
31,136,0.049
31,137,0.129405
31,138,0.031619
31,140,0.038413
31,141,0.165584
31,143,0.048521
31,145,0.095975
31,146,0.050841
31,147,0.083711
31,149,0.250532
31,150,0.082542
31,152,0.048657
31,153,0.095544
31,154,0.17097
31,156,0.065918
31,158,0.028164
31,166,0.049424
31,169,0.107596
31,170,0.059492
31,171,0.046492
31,172,0.079196
31,175,0.064804
31,176,0.075201
31,177,0.094762
31,178,0.193642
31,179,0.034617
31,181,0.090316
31,182,0.16169
31,183,0.042783
31,186,0.093356
31,188,0.041612
31,189,0.08862
31,190,0.064592
31,195,0.056193
31,196,0.054175
31,197,0.044996
31,203,0.05265
31,204,0.102849
31,205,0.172968
31,206,0.05401
31,209,0.045959
31,212,0.057041
31,217,0.060571
31,221,0.026192
31,224,0.115311
31,225,0.148634
31,227,0.115934
31,229,0.082007
31,230,0.063648
31,231,0.078602
31,233,0.07786
31,234,0.050244
31,236,0.058762
31,237,0.106852
31,241,0.04107
31,245,0.037354
31,250,0.027327
31,251,0.088787
31,253,0.121977
31,256,0.061095
31,257,0.09042
31,258,0.078081
31,262,0.175207
31,263,0.115763
31,264,0.720934
31,266,0.107549
31,269,0.12787
31,270,0.111784
31,271,0.073583
31,276,0.129557
31,277,0.113577
31,279,0.057004
31,282,0.06901
31,283,0.105465
31,285,0.069735
31,286,0.101162
31,287,0.099045
31,291,0.074301
31,292,0.111999
31,293,0.114204
31,294,0.121619
31,295,0.079998
31,296,0.111188
31,298,0.043522
31,299,0.051231
31,301,0.051146
31,304,0.096356
31,309,0.066155
31,312,0.129755
32,2,0.062165
32,6,0.069867
32,7,0.072182
32,8,0.016078
32,9,0.045117
32,10,0.031103
32,15,0.071775
32,18,0.056509
32,20,0.036981
32,21,0.037775
32,23,0.081865
32,26,0.089833
32,27,0.166393
32,29,0.090112
32,31,0.033989
32,32,0.043017
32,35,0.162193
32,37,0.011455
32,38,0.089576
32,40,0.023422
32,43,0.050259
32,46,0.055911
32,48,0.048504
32,49,0.06666
32,52,0.027623
32,53,0.126497
32,55,0.066379
32,56,0.110271
32,58,0.090138
32,65,0.026551
32,68,0.12784
32,69,0.032109
32,71,0.198416
32,76,0.103663
32,83,0.057509
32,85,0.067184
32,88,0.086719
32,89,0.022526
32,90,0.156042
32,94,0.047939
32,96,0.110657
32,98,0.062874
32,99,0.110125
32,104,0.115753
32,106,0.139564
32,107,0.126356
32,109,0.073755
32,110,0.073163
32,112,0.033851
32,113,0.019798
32,114,0.069428
32,116,0.125999
32,118,0.018361
32,120,0.118691
32,124,0.134977
32,125,0.076553
32,127,0.082021
32,129,0.081445
32,133,0.033745
32,136,0.057336
32,137,0.071867
32,139,0.102683
32,140,0.040214
32,142,0.081018
32,143,0.083191
32,147,0.081957
32,149,0.07649
32,151,0.046438
32,152,0.167233
32,155,0.114995
32,157,0.050226
32,159,0.071645
32,161,0.035778
32,162,0.07074
32,166,0.14125
32,168,0.091711
32,169,0.131271
32,170,0.181019
32,173,0.018078
32,174,0.091322
32,178,0.19151
32,179,0.073509
32,184,0.097527
32,185,0.075199
32,186,0.138553
32,187,0.072667
32,190,0.034108
32,191,0.073376
32,195,0.045739
32,196,0.097518
32,197,0.097202
32,199,0.066252
32,200,0.049197
32,203,0.09408
32,210,0.07131
32,211,0.158173
32,220,0.065038
32,222,0.154144
32,224,0.173683
32,226,0.046458
32,227,0.140072
32,229,0.132948
32,230,0.121869
32,232,0.08849
32,233,0.091158
32,234,0.07011
32,236,0.045943
32,237,0.048893
32,240,0.043084
32,244,0.071444
32,246,0.094544
32,251,0.061854
32,253,0.038173
32,256,0.113701
32,258,0.093411
32,259,0.093431
32,260,0.091387
32,261,0.065629
32,264,0.027687
32,268,0.050149
32,271,0.127675
32,273,0.075333
32,274,0.051497
32,275,0.043981
32,279,0.129066
32,280,0.137776
32,283,0.041782
32,285,0.07426
32,287,0.07668
32,290,0.041671
32,292,0.116465
32,293,0.065899
32,295,0.019042
32,297,0.158521
32,299,0.014753
32,302,0.08972
32,305,0.034307
32,306,0.065682
32,308,0.046721
32,309,0.209157
32,311,0.066598
33,1,0.092428
33,3,0.050988
33,4,0.041115
33,6,0.148681
33,7,0.026008
33,8,0.067619
33,11,0.034771
33,14,0.079436
33,15,0.052641
33,18,0.103696
33,19,0.03393
33,20,0.21779
33,21,0.014984
33,22,0.020195
33,23,0.012397
33,24,0.0724
33,27,0.064966
33,28,0.109351
33,29,0.039385
33,30,0.106797
33,33,0.028176
33,34,0.045925
33,37,0.149829
33,39,0.115983
33,41,0.05113
33,44,0.061365
33,46,0.014201
33,47,0.036908
33,48,0.11821
33,54,0.042212
33,56,0.018786
33,57,0.068723
33,59,0.127031
33,60,0.039156
33,61,0.065695
33,65,0.148497
33,68,0.050681
33,69,0.018808
33,72,0.073491
33,74,0.08114
33,75,0.041592
33,76,0.092956
33,77,0.089548
33,79,0.032691
33,86,0.056954
33,89,0.03028
33,90,0.026935
33,93,0.088928
33,95,0.060588
33,98,0.107949
33,100,0.099196
33,102,0.098316
33,104,0.040822
33,105,0.060295
33,110,0.071779
33,111,0.074757
33,112,0.040318
33,113,0.045121
33,114,0.142987
33,115,0.082116
33,117,0.070705
33,118,0.052546
33,119,0.079599
33,122,0.061548
33,123,0.035035
33,125,0.05476
33,129,0.117369
33,131,0.084621
33,134,0.110355
33,137,0.11335
33,139,0.078545
33,140,0.070017
33,141,0.078991
33,142,0.068669
33,143,0.118869
33,144,0.100118
33,147,0.072097
33,148,0.063019
33,151,0.057929
33,153,0.039484
33,160,0.109814
33,165,0.095478
33,167,0.085033
33,171,0.079881
33,176,0.037298
33,177,0.062605
33,178,0.106838
33,179,0.14381
33,184,0.026682
33,186,0.10286
33,187,0.085031
33,189,0.096093
33,190,0.07734
33,191,0.047031
33,195,0.069659
33,197,0.052721
33,200,0.159128
33,202,0.036182
33,204,0.074257
33,206,0.088436
33,208,0.047102
33,209,0.068768
33,211,0.149865
33,212,0.044332
33,213,0.052897
33,216,0.141719
33,221,0.110202
33,226,0.084819
33,227,0.047305
33,229,0.067394
33,234,0.055013
33,235,0.037253
33,239,0.07302
33,241,0.060489
33,244,0.031481
33,246,0.048747
33,247,0.110367
33,248,0.136415
33,251,0.043236
33,254,0.081718
33,257,0.07871
33,259,0.103837
33,260,0.061441
33,262,0.065288
33,264,0.117225
33,265,0.154914
33,266,0.094777
33,267,0.095123
33,270,0.065309
33,272,0.11616
33,274,0.146934
33,275,0.027975
33,279,0.091827
33,282,0.111264
33,284,0.056461
33,285,0.063951
33,286,0.049143
33,287,0.094999
33,290,0.073899
33,294,0.039676
33,296,0.119547
33,297,0.119286
33,301,0.027775
33,302,0.071599
33,304,0.078688
33,307,0.035847
33,310,0.120171
33,312,0.159349
33,313,0.015717
34,1,0.103081
34,2,0.048204
34,3,0.038684
34,5,0.293493
34,8,0.052537
34,13,0.089215
34,14,0.02757
34,19,0.031461
34,23,0.077253
34,24,0.004405
34,25,0.058399
34,26,0.081624
34,28,0.034359
34,31,0.033285
34,35,0.014769
34,37,0.08339
34,38,0.031078
34,40,0.023515
34,41,0.037235
34,43,0.087475
34,45,0.033767
34,47,0.050687
34,48,0.102109
34,53,0.038791
34,56,0.019687
34,57,0.050711
34,60,0.044848
34,61,0.063729
34,64,0.122505
34,65,0.041965
34,70,0.079984
34,71,0.121275
34,74,0.0735
34,76,0.112201
34,78,0.048683
34,79,0.021491
34,80,0.066431
34,86,0.037244
34,90,0.087819
34,91,0.027457
34,93,0.0663
34,94,0.032641
34,95,0.041634
34,96,0.07009
34,97,0.038297
34,100,0.143153
34,101,0.128283
34,102,0.048027
34,103,0.042626
34,104,0.049321
34,106,0.095034
34,108,0.048509
34,111,0.043147
34,112,0.158406
34,115,0.047427
34,116,0.235352
34,117,0.052755
34,120,0.056207
34,126,0.07208
34,127,0.019846
34,131,0.003437
34,133,0.117556
34,134,0.071754
34,135,0.111425
34,138,0.037104
34,142,0.10127
34,147,0.111966
34,148,0.10834
34,149,0.030618
34,151,0.178659
34,152,0.070352
34,156,0.077672
34,161,0.044632
34,165,0.100347
34,166,0.037683
34,167,0.031738
34,169,0.082234
34,171,0.068532
34,172,0.028678
34,173,0.084974
34,174,0.068603
34,176,0.045639
34,177,0.051206
34,178,0.08542
34,179,0.071624
34,180,0.076409
34,181,0.034238
34,182,0.070262
34,185,0.054687
34,187,0.076211
34,191,0.041115
34,192,0.05779
34,194,0.131297
34,195,0.114367
34,197,0.105331
34,199,0.06231
34,200,0.058652
34,201,0.072855
34,206,0.056902
34,208,0.15182
34,209,0.038343
34,212,0.073772
34,215,0.097754
34,216,0.072257
34,217,0.055428
34,219,0.035043
34,220,0.125806
34,221,0.115417
34,223,0.136257
34,229,0.150653
34,232,0.088291
34,234,0.057842
34,236,0.109732
34,239,0.146691
34,241,0.063695
34,243,0.063596
34,244,0.064869
34,247,0.061514
34,249,0.041089
34,252,0.120624
34,253,0.043009
34,258,0.019296
34,262,0.164819
34,266,0.075748
34,268,0.105443
34,269,0.033628
34,270,0.052777
34,272,0.080912
34,276,0.055995
34,277,0.094003
34,279,0.08103
34,280,0.039781
34,281,0.076622
34,282,0.104391
34,283,0.046088
34,284,0.121715
34,285,0.119363
34,286,0.155281
34,292,0.161879
34,293,0.027435
34,296,0.080625
34,300,0.092056
34,303,0.093205
34,305,0.024821
35,3,0.051683
35,4,0.021961
35,5,0.052811
35,7,0.041396
35,8,0.05023
35,9,0.020121
35,12,0.083767
35,15,0.097734
35,16,0.095114
35,17,0.087293
35,21,0.087892
35,22,0.079884
35,23,0.028967
35,24,0.019496
35,27,0.0974
35,28,0.057491
35,29,0.060882
35,30,0.058649
35,34,0.064208
35,35,0.017542
35,37,0.019136
35,38,0.020013
35,46,0.045115
35,49,0.064959
35,55,0.174346
35,56,0.038233
35,59,0.036621
35,64,0.082025
35,68,0.112261
35,70,0.088429
35,71,0.049167
35,73,0.073278
35,77,0.111304
35,81,0.020285
35,85,0.012237
35,86,0.034002
35,92,0.041066
35,93,0.094018
35,94,0.111211
35,98,0.19881
35,100,0.076491
35,102,0.066147
35,105,0.077723
35,106,0.040282
35,111,0.056805
35,114,0.086225
35,119,0.084251
35,120,0.153148
35,123,0.040996
35,124,0.057671
35,128,0.241476
35,131,0.11965
35,133,0.045173
35,136,0.072329
35,140,0.096112
35,141,0.076785
35,143,0.070659
35,147,0.016547
35,149,0.016167
35,150,0.056625
35,151,0.053741
35,155,0.062874
35,157,0.030851
35,160,0.015225
35,161,0.041057
35,162,0.07256
35,163,0.105244
35,165,0.041512
35,166,0.016448
35,168,0.056171
35,169,0.031745
35,171,0.074793
35,173,0.038003
35,174,0.128994
35,177,0.051577
35,178,0.06205
35,179,0.057915
35,180,0.049048
35,185,0.01873
35,189,0.062784
35,193,0.030881
35,194,0.100476
35,195,0.094342
35,197,0.026084
35,199,0.037223
35,200,0.060192
35,201,0.056841
35,202,0.048437
35,204,0.076385
35,211,0.081108
35,212,0.138888
35,213,0.042969
35,214,0.022562
35,215,0.104483
35,216,0.064968
35,218,0.042927
35,221,0.071753
35,222,0.043004
35,223,0.044164
35,224,0.05142
35,227,0.022222
35,228,0.05138
35,229,0.075476
35,231,0.069038
35,232,0.051395
35,235,0.067715
35,236,0.117152
35,238,0.09484
35,240,0.111934
35,241,0.084322
35,242,0.028234
35,243,0.128638
35,244,0.058243
35,246,0.026253
35,247,0.114955
35,249,0.098965
35,254,0.05391
35,256,0.032622
35,257,0.12307
35,258,0.052768
35,260,0.043682
35,261,0.083126
35,262,0.038102
35,263,0.061758
35,265,0.146236
35,266,0.082215
35,267,0.078079
35,268,0.078744
35,270,0.091826
35,273,0.072889
35,274,0.027066
35,278,0.083537
35,283,0.166551
35,284,0.126521
35,285,0.040094
35,286,0.075428
35,287,0.0281
35,289,0.054897
35,292,0.097068
35,293,0.052857
35,294,0.124171
35,295,0.199787
35,300,0.024768
35,302,0.122752
35,304,0.090937
35,305,0.064796
35,307,0.154315
35,310,0.077019
35,311,0.108109
35,312,0.042251
36,3,0.012085
36,4,0.011385
36,5,0.091608
36,7,0.070565
36,14,0.05978
36,15,0.006408
36,17,0.066639
36,24,0.169957
36,26,0.047921
36,27,0.007376
36,28,0.03025
36,35,0.032811
36,36,0.038562
36,37,0.035349
36,38,0.087793
36,39,0.023957
36,40,0.082072
36,41,0.048251
36,45,0.244123
36,46,0.081613
36,52,0.033793
36,54,0.089351
36,56,0.009858
36,57,0.023542
36,59,0.057685
36,61,0.12596
36,64,0.067626
36,65,0.085569
36,66,0.106211
36,67,0.059918
36,71,0.110355
36,72,0.226279
36,75,0.169297
36,77,0.051928
36,83,0.071902
36,84,0.141165
36,86,0.035522
36,87,0.180587
36,89,0.062342
36,90,0.078213
36,93,0.024075
36,94,0.127875
36,96,0.10841
36,97,0.031126
36,101,0.062958
36,102,0.207794
36,103,0.048731
36,104,0.146137
36,106,0.66885
36,108,0.019275
36,109,0.022475
36,112,0.091878
36,113,0.116854
36,114,0.138856
36,117,0.041691
36,118,0.29977
36,120,0.038253
36,121,0.066521
36,124,0.048105
36,126,0.130539
36,128,0.041972
36,132,0.068498
36,136,0.099724
36,138,0.044349
36,142,0.06174
36,143,0.036773
36,145,0.040016
36,148,0.048409
36,149,0.11593
36,151,0.048522
36,152,0.065393
36,153,0.050862
36,160,0.113331
36,163,0.156385
36,164,0.06717
36,165,0.047865
36,167,0.078897
36,169,0.036653
36,170,0.072347
36,173,0.035049
36,175,0.04992
36,178,0.112146
36,181,0.1085
36,186,0.03701
36,188,0.064631
36,189,0.084619
36,191,0.05545
36,192,0.041787
36,193,0.094184
36,194,0.052089
36,195,0.120016
36,196,0.116633
36,199,0.09453
36,201,0.114275
36,204,0.121462
36,206,0.129699
36,211,0.116207
36,213,0.07592
36,216,0.029709
36,221,0.043428
36,222,0.060842
36,224,0.062092
36,226,0.104558
36,229,0.10982
36,230,0.094593
36,233,0.062504
36,234,0.167293
36,237,0.032354
36,239,0.121621
36,241,0.06956
36,244,0.052959
36,245,0.07864
36,246,0.093437
36,247,0.069655
36,249,0.090674
36,252,0.065524
36,254,0.045302
36,255,0.041991
36,258,0.089469
36,259,0.14261
36,260,0.042913
36,262,0.105182
36,263,0.084418
36,264,0.069683
36,268,0.097312
36,269,0.067507
36,271,0.048784
36,273,0.165669
36,274,0.1023
36,275,0.122038
36,276,0.040528
36,277,0.085771
36,279,0.070258
36,281,0.194018
36,283,0.031058
36,289,0.086685
36,293,0.101791
36,296,0.074741
36,297,0.098772
36,301,0.015584
36,303,0.021973
36,308,0.182939
36,309,0.096608
36,310,0.072491
36,312,0.03898
37,2,0.039002
37,5,0.013454
37,8,0.016953
37,9,0.074855
37,10,0.081923
37,11,0.036446
37,15,0.023043
37,18,0.080806
37,19,0.012861
37,23,0.107748
37,26,0.049594
37,28,0.087193
37,30,0.036364
37,32,0.107316
37,34,0.031984
37,37,0.008902
37,39,0.015371
37,40,0.013294
37,42,0.073125
37,44,0.103946
37,46,0.055328
37,48,0.003949
37,49,0.099342
37,51,0.060858
37,53,0.053077
37,54,0.029221
37,55,0.047902
37,56,0.045739
37,58,0.054421
37,60,0.051359
37,66,0.006555
37,68,0.049646
37,72,0.050266
37,74,0.069993
37,75,0.105628
37,79,0.052213
37,85,0.028843
37,87,0.123227
37,88,0.083657
37,92,0.036853
37,94,0.023011
37,97,0.040295
37,98,0.029566
37,101,0.011024
37,103,0.043348
37,107,0.070509
37,109,0.039803
37,111,0.072451
37,112,0.147695
37,118,0.042957
37,119,0.135819
37,120,0.045966
37,121,0.103823
37,122,0.069382
37,126,0.023316
37,129,0.094918
37,131,0.047676
37,132,0.058048
37,135,0.017627
37,136,0.181515
37,139,0.0681
37,141,0.077394
37,145,0.048194
37,147,0.117309
37,149,0.100922
37,150,0.028187
37,151,0.119078
37,152,0.040358
37,153,0.062999
37,156,0.063012
37,160,0.028311
37,162,0.081171
37,163,0.085625
37,165,0.088447
37,166,0.040831
37,169,0.124857
37,171,0.05596
37,176,0.058461
37,177,0.015995
37,181,0.136826
37,183,0.063649
37,189,0.045896
37,191,0.120197
37,192,0.067937
37,198,0.013438
37,199,0.100639
37,200,0.022333
37,207,0.084666
37,209,0.047082
37,213,0.070274
37,215,0.037089
37,220,0.027341
37,222,0.032932
37,230,0.144126
37,231,0.102179
37,233,0.037873
37,236,0.080695
37,237,0.012964
37,238,0.073825
37,239,0.015948
37,240,0.13036
37,241,0.050275
37,242,0.083277
37,245,0.048769
37,247,0.087163
37,250,0.087758
37,251,0.065399
37,252,0.022952
37,253,0.132512
37,254,0.165241
37,255,0.021834
37,257,0.055831
37,260,0.114067
37,268,0.07599
37,270,0.02344
37,273,0.122194
37,274,0.053169
37,280,0.064401
37,281,0.047863
37,283,0.078092
37,284,0.157803
37,285,0.120745
37,290,0.061282
37,291,0.073803
37,295,0.023904
37,297,0.143811
37,299,0.076498
37,300,0.124607
37,303,0.131775
37,304,0.017318
37,306,0.021605
37,311,0.138263
37,312,0.026909
38,1,0.036159
38,3,0.039854
38,4,0.022018
38,7,0.078566
38,16,0.054133
38,17,0.004633
38,18,0.045936
38,23,0.076959
38,24,0.022861
38,25,0.033362
38,27,0.008811
38,28,0.036533
38,31,0.059943
38,34,0.074991
38,36,0.159226
38,37,0.032358
38,42,0.021227
38,43,0.05218
38,45,0.104742
38,46,0.026979
38,47,0.062958
38,48,0.037486
38,49,0.055278
38,51,0.015741
38,53,0.030336
38,55,0.037141
38,56,0.074025
38,58,0.06613
38,60,0.019798
38,63,0.034307
38,64,0.036458
38,67,0.113406
38,68,0.033168
38,71,0.014962
38,74,0.003082
38,75,0.130535
38,78,0.07243
38,79,0.144682
38,80,0.038906
38,81,0.034284
38,86,0.039384
38,88,0.283148
38,90,0.018896
38,94,0.103632
38,97,0.135146
38,99,0.076122
38,101,0.016596
38,102,0.009323
38,105,0.024134
38,106,0.035393
38,107,0.027362
38,113,0.04704
38,117,0.027748
38,118,0.053082
38,119,0.076811
38,121,0.073683
38,122,0.013835
38,129,0.046446
38,130,0.080109
38,131,0.037222
38,135,0.027344
38,140,0.015935
38,144,0.125701
38,146,0.048011
38,147,0.005875
38,148,0.046434
38,151,0.058117
38,152,0.017719
38,154,0.038921
38,161,0.03418
38,164,0.063286
38,166,0.057347
38,167,0.068816
38,171,0.1374
38,172,0.12412
38,173,0.019459
38,176,0.097614
38,178,0.110619
38,181,0.151318
38,182,0.163839
38,184,0.113233
38,186,0.072433
38,188,0.014834
38,189,0.038467
38,190,0.068862
38,191,0.068122
38,195,0.074115
38,196,0.117773
38,198,0.080404
38,202,0.076376
38,211,0.07983
38,212,0.051252
38,213,0.1363
38,214,0.070054
38,219,0.038181
38,222,0.049535
38,224,0.082004
38,226,0.038289
38,227,0.118563
38,228,0.078817
38,229,0.030544
38,231,0.032655
38,232,0.061379
38,233,0.142563
38,235,0.059208
38,236,0.069595
38,237,0.074904
38,238,0.02983
38,240,0.068332
38,242,0.00541
38,243,0.079549
38,245,0.055564
38,247,0.043988
38,250,0.117588
38,252,0.071489
38,253,0.067143
38,258,0.052945
38,259,0.033152
38,260,0.038922
38,262,0.086186
38,263,0.03951
38,264,0.070923
38,265,0.333317
38,267,0.068244
38,268,0.10614
38,270,0.059986
38,272,0.046907
38,274,0.080207
38,278,0.046047
38,280,0.070565
38,282,0.067445
38,288,0.014006
38,292,0.112372
38,296,0.098164
38,299,0.070494
38,301,0.085992
38,303,0.05393
38,304,0.05064
38,307,0.066668
38,308,0.044647
38,310,0.121281
38,312,0.135739
38,313,0.108713
39,2,0.088486
39,4,0.025123
39,6,0.036445
39,7,0.044752
39,8,0.065632
39,9,0.077088
39,11,0.05201
39,16,0.048462
39,19,0.068734
39,20,0.056138
39,24,0.0209
39,27,0.046535
39,28,0.085951
39,30,0.044393
39,31,0.02025
39,39,0.038924
39,42,0.099195
39,43,0.035593
39,44,0.014194
39,49,0.088705
39,52,0.033933
39,53,0.035083
39,54,0.03162
39,59,0.015
39,65,0.057946
39,67,0.067071
39,68,0.028826
39,73,0.088346
39,74,0.033573
39,75,0.134985
39,79,0.056225
39,81,0.097003
39,83,0.046661
39,84,0.014601
39,89,0.175993
39,90,0.04059
39,92,0.082158
39,93,0.024936
39,97,0.050381
39,100,0.082023
39,101,0.080972
39,111,0.10355
39,112,0.060393
39,115,0.052196
39,117,0.081543
39,118,0.083469
39,127,0.086203
39,130,0.11018
39,132,0.053178
39,134,0.152047
39,136,0.07734
39,137,0.035331
39,140,0.161941
39,141,0.033559
39,143,0.061645
39,144,0.073521
39,145,0.01076
39,149,0.026106
39,154,0.097957
39,156,0.042507
39,157,0.047699
39,158,0.037787
39,159,0.084126
39,160,0.009381
39,163,0.064661
39,165,0.016391
39,167,0.037573
39,172,0.067846
39,173,0.039909
39,175,0.077087
39,176,0.074957
39,179,0.059002
39,180,0.046002
39,183,0.066627
39,184,0.026591
39,185,0.075251
39,186,0.106088
39,189,0.129714
39,191,0.034188
39,193,0.112333
39,195,0.034006
39,197,0.145064
39,199,0.080011
39,201,0.039466
39,206,0.032768
39,208,0.022604
39,210,0.035796
39,211,0.047228
39,214,0.038946
39,217,0.053499
39,220,0.135438
39,221,0.240513
39,223,0.039196
39,224,0.025238
39,228,0.084327
39,230,0.095372
39,231,0.015265
39,235,0.09806
39,238,0.03787
39,240,0.12972
39,241,0.060466
39,242,0.098947
39,243,0.044523
39,244,0.035892
39,246,0.064672
39,247,0.103802
39,253,0.136619
39,254,0.09165
39,255,0.028948
39,261,0.067594
39,264,0.055819
39,267,0.015746
39,269,0.026378
39,270,0.059471
39,274,0.094145
39,276,0.101828
39,277,0.103512
39,283,0.016507
39,288,0.069046
39,291,0.030817
39,293,0.085497
39,294,0.143939
39,295,0.092037
39,301,0.040017
39,302,0.062804
39,303,0.091193
39,307,0.07429
39,310,0.071376
39,311,0.081927
40,3,0.052128
40,5,0.019352
40,8,0.032061
40,9,0.071263
40,10,0.023551
40,11,0.054692
40,12,0.030103
40,15,0.054408
40,17,0.030713
40,22,0.038993
40,29,0.046518
40,33,0.021747
40,34,0.062971
40,39,0.071284
40,41,0.030663
40,42,0.03843
40,49,0.099503
40,51,0.014845
40,53,0.07028
40,55,0.090001
40,56,0.027554
40,61,0.198855
40,67,0.073445
40,70,0.160493
40,71,0.037314
40,73,0.057673
40,75,0.11431
40,78,0.035241
40,79,0.067372
40,80,0.094373
40,81,0.03139
40,82,0.094389
40,84,0.030362
40,85,0.049109
40,86,0.069655
40,87,0.013441
40,88,0.016682
40,89,0.088266
40,90,0.029744
40,93,0.006591
40,95,0.061566
40,96,0.086014
40,97,0.059484
40,101,0.033508
40,102,0.075681
40,103,0.029755
40,104,0.099161
40,105,0.014424
40,109,0.065232
40,113,0.093686
40,114,0.044849
40,116,0.099137
40,119,0.05425
40,120,0.097989
40,125,0.079924
40,127,0.044699
40,129,0.014798
40,133,0.016148
40,134,0.030441
40,135,0.111473
40,137,0.08992
40,138,0.065384
40,140,0.058672
40,141,0.054474
40,144,0.023695
40,145,0.032301
40,147,0.030766
40,151,0.059312
40,153,0.114573
40,156,0.127527
40,160,0.071471
40,161,0.126148
40,163,0.041397
40,166,0.036026
40,168,0.07178
40,170,0.02772
40,171,0.036057
40,172,0.225659
40,175,0.096242
40,178,0.089224
40,179,0.02999
40,180,0.07243
40,181,0.039384
40,183,0.131265
40,187,0.041362
40,189,0.003352
40,192,0.122312
40,193,0.059467
40,194,0.042201
40,195,0.075327
40,199,0.115352
40,200,0.041182
40,203,0.042483
40,206,0.012274
40,208,0.052445
40,210,0.017317
40,213,0.062831
40,217,0.107004
40,223,0.061316
40,224,0.017794
40,226,0.021957
40,228,0.042095
40,230,0.123706
40,231,0.010602
40,232,0.139682
40,233,0.041291
40,234,0.055804
40,235,0.064363
40,236,0.087004
40,237,0.040424
40,241,0.065557
40,251,0.034918
40,253,0.0618
40,254,0.071782
40,255,0.040787
40,256,0.104535
40,257,0.032742
40,269,0.042829
40,271,0.128534
40,274,0.073837
40,275,0.156246
40,276,0.129724
40,277,0.03038
40,278,0.014441
40,281,0.113434
40,287,0.041827
40,292,0.054477
40,293,0.079414
40,297,0.066548
40,299,0.113922
40,300,0.044866
40,301,0.058017
40,303,0.060498
40,304,0.073777
40,305,0.039645
40,307,0.048791
40,311,0.153416
40,313,0.087267
41,1,0.021984
41,4,0.124924
41,5,0.130772
41,6,0.025526
41,7,0.027117
41,8,0.006733
41,9,0.109248
41,10,0.04157
41,11,0.051114
41,12,0.285825
41,13,0.034227
41,15,0.021543
41,17,0.066965
41,19,0.072164
41,20,0.059735
41,21,0.022189
41,23,0.032055
41,25,0.066255
41,29,0.058589
41,31,0.025249
41,32,0.059088
41,33,0.134255
41,34,0.006314
41,35,0.051138
41,37,0.024543
41,38,0.042003
41,40,0.051784
41,41,0.032949
41,42,0.034361
41,43,0.048502
41,48,0.163396
41,51,0.030139
41,53,0.099365
41,55,0.010779
41,56,0.062151
41,59,0.015942
41,60,0.026094
41,65,0.158844
41,67,0.02586
41,68,0.017247
41,71,0.101842
41,75,0.060114
41,77,0.218573
41,78,0.110815
41,80,0.03673
41,84,0.055352
41,85,0.013488
41,89,0.033494
41,91,0.045144
41,93,0.057578
41,95,0.034811
41,97,0.115249
41,98,0.116626
41,99,0.055905
41,100,0.027403
41,102,0.21226
41,103,0.094188
41,104,0.024369
41,105,0.005309
41,107,0.128076
41,112,0.095827
41,114,0.019044
41,116,0.07267
41,117,0.03271
41,118,0.025715
41,120,0.018931
41,123,0.216906
41,124,0.030606
41,125,0.016578
41,126,0.082581
41,127,0.074746
41,129,0.037463
41,130,0.027364
41,131,0.056097
41,135,0.054472
41,136,0.011462
41,137,0.0422
41,140,0.026428
41,141,0.090537
41,148,0.034586
41,150,0.016819
41,152,0.052752
41,153,0.033716
41,161,0.042716
41,162,0.124038
41,164,0.047727
41,165,0.049773
41,168,0.02927
41,170,0.029645
41,171,0.028668
41,172,0.016176
41,173,0.060298
41,175,0.082079
41,177,0.037857
41,179,0.204156
41,180,0.096754
41,181,0.022971
41,182,0.051006
41,185,0.109632
41,187,0.118984
41,190,0.074702
41,192,0.151025
41,193,0.027038
41,196,0.038566
41,204,0.024135
41,205,0.051145
41,206,0.095036
41,208,0.047885
41,211,0.07499
41,212,0.086357
41,217,0.136261
41,220,0.153802
41,228,0.124523
41,231,0.195886
41,232,0.067145
41,233,0.044011
41,234,0.060469
41,235,0.009675
41,239,0.048188
41,240,0.033175
41,242,0.016135
41,250,0.053095
41,251,0.093625
41,255,0.013103
41,257,0.056197
41,258,0.086829
41,259,0.031947
41,261,0.06365
41,262,0.084125
41,264,0.116482
41,266,0.035773
41,267,0.071356
41,270,0.14622
41,272,0.082828
41,273,0.022974
41,274,0.08575
41,275,0.110902
41,276,0.097645
41,277,0.08992
41,278,0.123041
41,280,0.073498
41,281,0.037859
41,287,0.0836
41,294,0.064994
41,295,0.019588
41,296,0.086887
41,299,0.056856
41,302,0.082618
41,305,0.165014
41,306,0.112363
41,308,0.064276
41,310,0.082181
41,311,0.028108
41,312,0.050118
41,313,0.076842
42,1,0.0366
42,4,0.04988
42,5,0.057919
42,6,0.053842
42,8,0.020046
42,9,0.083384
42,10,0.05531
42,11,0.030604
42,12,0.029235
42,13,0.033607
42,14,0.024883
42,17,0.014025
42,26,0.081309
42,27,0.053482
42,28,0.007846
42,30,0.042209
42,31,0.073605
42,32,0.119712
42,33,0.013602
42,36,0.004627
42,38,0.084007
42,44,0.088745
42,45,0.024018
42,51,0.07205
42,52,0.026792
42,53,0.037019
42,55,0.051807
42,58,0.099618
42,60,0.03136
42,61,0.023069
42,62,0.037462
42,63,0.12969
42,64,0.027825
42,65,0.055127
42,70,0.026374
42,72,0.019901
42,74,0.075655
42,76,0.04416
42,79,0.024868
42,80,0.029937
42,85,0.064828
42,86,0.044808
42,88,0.062851
42,93,0.026858
42,95,0.052201
42,96,0.135186
42,97,0.025199
42,98,0.048402
42,99,0.077876
42,104,0.109862
42,105,0.058368
42,106,0.034859
42,107,0.062423
42,111,0.233275
42,115,0.039289
42,118,0.071248
42,120,0.078901
42,121,0.166398
42,125,0.07982
42,126,0.057341
42,127,0.102149
42,128,0.02822
42,132,0.028229
42,136,0.060714
42,138,0.07665
42,141,0.24529
42,144,0.129387
42,149,0.023983
42,151,0.058004
42,153,0.012171
42,156,0.083406
42,162,0.095979
42,166,0.069099
42,170,0.060394
42,171,0.019289
42,178,0.060716
42,182,0.051392
42,186,0.072809
42,187,0.097656
42,188,0.056357
42,189,0.050446
42,191,0.058981
42,192,0.022287
42,195,0.068672
42,198,0.039679
42,201,0.078602
42,206,0.075529
42,210,0.06325
42,212,0.127274
42,215,0.050254
42,220,0.017137
42,221,0.145546
42,222,0.070696
42,223,0.069326
42,224,0.169335
42,228,0.033842
42,229,0.089042
42,231,0.07293
42,232,0.072531
42,234,0.046183
42,237,0.016973
42,241,0.026324
42,245,0.063199
42,246,0.024079
42,247,0.0591
42,251,0.061438
42,252,0.054789
42,253,0.08293
42,254,0.06995
42,256,0.078479
42,257,0.06837
42,260,0.021491
42,261,0.047171
42,264,0.026974
42,266,0.104369
42,269,0.029497
42,270,0.101442
42,271,0.178575
42,272,0.066136
42,274,0.086985
42,276,0.05388
42,278,0.06932
42,279,0.033207
42,281,0.043506
42,282,0.061905
42,283,0.042319
42,286,0.08925
42,291,0.055995
42,292,0.042602
42,297,0.033887
42,298,0.034719
42,300,0.02752
42,301,0.038162
42,302,0.079994
42,305,0.032354
42,307,0.015404
42,309,0.011505
42,310,0.008121
42,311,0.114592
42,312,0.038354
43,3,0.05939
43,6,0.032154
43,7,0.070016
43,9,0.072064
43,10,0.051838
43,17,0.011529
43,19,0.087833
43,20,0.034087
43,21,0.070308
43,22,0.063768
43,25,0.03192
43,27,0.023879
43,29,0.009636
43,30,0.03761
43,31,0.018786
43,37,0.037148
43,40,0.01248
43,43,0.011207
43,44,0.018627
43,45,0.058921
43,46,0.080149
43,49,0.029984
43,50,0.037654
43,51,0.043676
43,53,0.022926
43,57,0.00807
43,58,0.050862
43,60,0.086282
43,64,0.002799
43,66,0.029315
43,68,0.02562
43,69,0.047706
43,74,0.024224
43,75,0.102094
43,77,0.088595
43,80,0.005497
43,83,0.085367
43,84,0.013635
43,90,0.018349
43,91,0.050489
43,93,0.053998
43,97,0.049913
43,98,0.059526
43,99,0.032367
43,103,0.082488
43,105,0.045975
43,112,0.200643
43,115,0.059302
43,118,0.046903
43,121,0.014186
43,122,0.03009
43,125,0.050417
43,126,0.018168
43,133,0.089632
43,137,0.089018
43,140,0.104792
43,141,0.013743
43,142,0.082534
43,145,0.05743
43,147,0.017852
43,148,0.086392
43,149,0.142403
43,150,0.045921
43,152,0.056449
43,155,0.030468
43,157,0.020427
43,162,0.015196
43,163,0.066245
43,164,0.088254
43,165,0.033535
43,166,0.11582
43,167,0.00895
43,169,0.037103
43,170,0.085372
43,171,0.038099
43,175,0.061173
43,176,0.113803
43,187,0.019476
43,191,0.043756
43,192,0.069922
43,193,0.031364
43,194,0.101983
43,195,0.02183
43,198,0.153401
43,199,0.0424
43,200,0.032192
43,201,0.082866
43,202,0.033009
43,206,0.069076
43,207,0.116993
43,209,0.031341
43,211,0.041218
43,214,0.041505
43,215,0.01162
43,216,0.038704
43,221,0.115993
43,224,0.058301
43,225,0.081295
43,226,0.029563
43,227,0.051936
43,228,0.078921
43,230,0.101673
43,232,0.02267
43,236,0.028687
43,240,0.083884
43,242,0.030282
43,243,0.074277
43,251,0.068717
43,253,0.018179
43,255,0.048935
43,261,0.033632
43,265,0.096331
43,267,0.033799
43,268,0.133771
43,271,0.038918
43,273,0.148259
43,275,0.026479
43,280,0.080418
43,281,0.029103
43,282,0.089606
43,285,0.021601
43,286,0.114185
43,287,0.06911
43,290,0.042154
43,292,0.149508
43,293,0.041807
43,297,0.024921
43,298,0.060453
43,299,0.089626
43,302,0.019273
43,304,0.100531
43,309,0.062495
43,313,0.139357
44,1,0.02611
44,4,0.012131
44,6,0.031562
44,8,0.046756
44,11,0.104651
44,12,0.111267
44,13,0.027305
44,15,0.003373
44,18,0.117416
44,19,0.009726
44,20,0.038962
44,25,0.005599
44,26,0.232308
44,28,0.024771
44,29,0.047731
44,37,0.009303
44,38,0.036597
44,39,0.0486
44,40,0.110176
44,43,0.005767
44,46,0.035119
44,47,0.0327
44,48,0.023777
44,50,0.001664
44,52,0.026271
44,54,0.058878
44,59,0.008795
44,64,0.046933
44,65,0.143326
44,68,0.017677
44,70,0.064981
44,73,0.052032
44,75,0.089421
44,76,0.067537
44,80,0.0294
44,81,0.039941
44,82,0.026282
44,90,0.046197
44,91,0.031959
44,93,0.005342
44,94,0.036081
44,97,0.084336
44,101,0.024043
44,103,0.051967
44,105,0.0292
44,108,0.05445
44,112,0.008011
44,114,0.056823
44,115,0.075429
44,116,0.009157
44,118,0.013413
44,119,0.042699
44,120,0.021067
44,124,0.03802
44,125,0.02538
44,127,0.020776
44,128,0.041971
44,130,0.013308
44,133,0.063788
44,134,0.046164
44,135,0.050235
44,137,0.032809
44,143,0.031966
44,144,0.019817
44,145,0.067454
44,146,0.014597
44,149,0.133778
44,151,0.062962
44,152,0.086853
44,155,0.031233
44,156,0.109455
44,159,0.03855
44,160,0.040519
44,161,0.024819
44,166,0.055473
44,167,0.023867
44,168,0.055646
44,169,0.13591
44,170,0.043373
44,172,0.047182
44,173,0.019165
44,174,0.010344
44,176,0.081885
44,178,0.03438
44,179,0.039746
44,180,0.078812
44,182,0.009238
44,184,0.026631
44,186,0.010941
44,191,0.048128
44,193,0.055629
44,197,0.094081
44,202,0.029868
44,203,0.069938
44,205,0.108204
44,206,0.05631
44,212,0.09277
44,213,0.003031
44,214,0.079212
44,216,0.116302
44,219,0.104279
44,220,0.060336
44,223,0.046686
44,226,0.02117
44,230,0.130798
44,232,0.075656
44,233,0.113156
44,234,0.0399
44,236,0.09326
44,237,0.042003
44,238,0.139397
44,239,0.070432
44,242,0.01701
44,243,0.056201
44,244,0.045586
44,248,0.103405
44,249,0.019129
44,251,0.097502
44,252,0.058791
44,255,0.04182
44,256,0.019167
44,257,0.091379
44,259,0.112403
44,262,0.07542
44,264,0.004646
44,266,0.022539
44,268,0.0295
44,270,0.042398
44,271,0.122714
44,272,0.052835
44,276,0.081886
44,277,0.059317
44,281,0.06281
44,283,0.009368
44,284,0.089072
44,286,0.02854
44,287,0.049669
44,290,0.013299
44,292,0.073429
44,293,0.02319
44,296,0.148004
44,298,0.034008
44,300,0.056212
44,301,0.108242
44,304,0.063357
44,307,0.080386
44,308,0.139978
44,311,0.053143
44,312,0.087091
44,313,0.087156
45,4,0.141038
45,5,0.060606
45,12,0.00858
45,13,0.043605
45,16,0.032414
45,18,0.092697
45,20,0.025521
45,21,0.031838
45,24,0.129267
45,29,0.289646
45,30,0.063765
45,31,0.031685
45,33,0.050663
45,34,0.037238
45,35,0.123145
45,39,0.025322
45,40,0.004147
45,41,0.079517
45,42,0.06735
45,43,0.038021
45,44,0.060886
45,45,0.052412
45,48,0.129989
45,49,0.051164
45,52,0.050335
45,53,0.018744
45,54,0.012883
45,55,0.05732
45,56,0.055125
45,58,0.031289
45,60,0.010008
45,64,0.131247
45,66,0.096758
45,67,0.045277
45,71,0.027447
45,75,0.146585
45,76,0.060026
45,79,0.044786
45,81,0.031117
45,84,0.021452
45,87,0.033614
45,91,0.078972
45,93,0.043753
45,97,0.086905
45,99,0.021774
45,100,0.088004
45,101,0.069769
45,102,0.017727
45,103,0.074471
45,104,0.072992
45,108,0.083402
45,109,0.028572
45,111,0.100734
45,112,0.034738
45,114,0.051273
45,117,0.078348
45,124,0.066842
45,125,0.116002
45,126,0.066401
45,127,0.079726
45,130,0.012739
45,132,0.106913
45,133,0.051525
45,134,0.230284
45,135,0.02214
45,137,0.176787
45,140,0.009342
45,141,0.057407
45,143,0.035559
45,145,0.043215
45,151,0.033901
45,153,0.042363
45,156,0.058107
45,157,0.053663
45,161,0.021844
45,162,0.068278
45,163,0.134442
45,164,0.083967
45,165,0.02253
45,167,0.034448
45,168,0.104578
45,169,0.040812
45,170,0.15546
45,171,0.017375
45,172,0.024842
45,177,0.048106
45,179,0.057238
45,181,0.011539
45,183,0.12942
45,187,0.053242
45,188,0.020776
45,189,0.104847
45,192,0.020391
45,195,0.043518
45,196,0.019721
45,202,0.06909
45,203,0.047476
45,206,0.055061
45,207,0.057822
45,209,0.021759
45,211,0.038978
45,213,0.040561
45,216,0.034676
45,217,0.112877
45,222,0.035346
45,224,0.051317
45,229,0.050081
45,230,0.071968
45,231,0.028793
45,233,0.064905
45,236,0.015536
45,237,0.044246
45,242,0.046135
45,243,0.062401
45,248,0.124811
45,249,0.051305
45,253,0.190439
45,257,0.052886
45,258,0.049451
45,259,0.047657
45,263,0.021272
45,269,0.030498
45,270,0.041885
45,275,0.114641
45,277,0.118453
45,278,0.056945
45,279,0.026374
45,282,0.029179
45,284,0.02263
45,287,0.050041
45,288,0.186894
45,290,0.034285
45,292,0.104528
45,293,0.139398
45,295,0.171646
45,297,0.188146
45,299,0.110683
45,300,0.103106
45,302,0.011893
45,303,0.094629
45,307,0.164136
45,309,0.066759
45,313,0.071681
46,4,0.066086
46,7,0.153913
46,8,0.067241
46,9,0.2337
46,10,0.018044
46,11,0.077723
46,13,0.026389
46,15,0.106913
46,19,0.011569
46,22,0.103891
46,23,0.072525
46,26,0.031768
46,31,0.046156
46,34,0.023824
46,36,0.033489
46,37,0.05298
46,39,0.032602
46,43,0.02768
46,44,0.046881
46,45,0.037628
46,47,0.123603
46,49,0.13041
46,50,0.021421
46,53,0.082334
46,58,0.014948
46,60,0.009487
46,61,0.018318
46,63,0.013408
46,64,0.027453
46,65,0.067367
46,68,0.015263
46,72,0.042489
46,75,0.020804
46,77,0.016391
46,80,0.006026
46,83,0.034566
46,84,0.074235
46,85,0.032422
46,87,0.005463
46,90,0.101596
46,92,0.077108
46,96,0.041062
46,97,0.182453
46,98,0.025457
46,99,0.104357
46,100,0.053708
46,102,0.02596
46,113,0.14048
46,114,0.068967
46,116,0.219392
46,118,0.026979
46,120,0.059722
46,121,0.039818
46,122,0.031948
46,129,0.038074
46,130,0.015977
46,133,0.064811
46,135,0.045941
46,141,0.064072
46,143,0.153507
46,146,0.040199
46,150,0.040496
46,151,0.031858
46,153,0.039543
46,154,0.029957
46,155,0.019488
46,160,0.065411
46,164,0.057624
46,166,0.139633
46,167,0.001703
46,169,0.158422
46,171,0.051883
46,180,0.01679
46,183,0.014065
46,184,0.035977
46,188,0.053368
46,190,0.0727
46,191,0.041743
46,194,0.042168
46,195,0.053507
46,196,0.011404
46,199,0.022503
46,200,0.061643
46,201,0.082254
46,209,0.025389
46,217,0.043675
46,221,0.097745
46,222,0.02547
46,223,0.081181
46,227,0.033619
46,232,0.024673
46,233,0.02135
46,235,0.062639
46,236,0.031642
46,237,0.066948
46,238,0.142442
46,239,0.11266
46,242,0.043675
46,244,0.041292
46,248,0.046293
46,251,0.027375
46,253,0.030995
46,254,0.046877
46,256,0.071355
46,262,0.006311
46,267,0.063099
46,268,0.017052
46,270,0.009632
46,271,0.083275
46,274,0.044589
46,279,0.026424
46,280,0.038106
46,282,0.043343
46,284,0.023915
46,286,0.07588
46,287,0.049782
46,288,0.034384
46,291,0.115223
46,297,0.135509
46,300,0.167777
46,302,0.029714
46,309,0.103094
46,311,0.086715
47,1,0.020968
47,2,0.035175
47,3,0.02729
47,4,0.059112
47,5,0.036669
47,7,0.012308
47,8,0.038237
47,9,0.07263
47,12,0.02795
47,13,0.018174
47,15,0.088769
47,16,0.026524
47,18,0.04139
47,19,0.051865
47,20,0.009806
47,21,0.041543
47,23,0.012947
47,24,0.055428
47,28,0.048321
47,29,0.077942
47,34,0.0413
47,36,0.006023
47,41,0.051978
47,42,0.008274
47,43,0.05243
47,46,0.008115
47,48,0.116241
47,49,0.047264
47,52,0.046947
47,53,0.015463
47,57,0.064537
47,58,0.004238
47,62,0.043065
47,64,0.058395
47,65,0.079132
47,66,0.004009
47,67,0.020283
47,71,0.056266
47,72,0.079668
47,73,0.033343
47,74,0.085048
47,77,0.034715
47,80,0.026969
47,82,0.003558
47,83,0.015832
47,84,0.033154
47,86,0.020627
47,90,0.007802
47,95,0.033392
47,96,0.002703
47,97,0.043537
47,99,0.068121
47,100,0.005463
47,101,0.004726
47,102,0.028398
47,103,0.038853
47,106,0.055333
47,108,0.005094
47,111,0.255076
47,114,0.05243
47,116,0.02875
47,118,0.066076
47,120,0.027558
47,121,0.027994
47,124,0.066756
47,125,0.022974
47,128,0.02709
47,132,0.038129
47,135,0.042411
47,136,0.070007
47,138,0.056045
47,141,0.076149
47,142,0.01518
47,143,0.060144
47,147,0.050726
47,148,0.066532
47,151,0.029287
47,153,0.052669
47,157,0.081241
47,159,0.05436
47,160,0.032185
47,161,0.108153
47,166,0.021145
47,167,0.033326
47,171,0.083506
47,172,0.045834
47,173,0.124188
47,176,0.037246
47,178,0.221975
47,179,0.012275
47,180,0.034731
47,182,0.061571
47,183,0.010947
47,184,0.040946
47,185,0.026496
47,186,0.02798
47,187,0.045522
47,188,0.027386
47,190,0.110622
47,191,0.167966
47,193,0.018324
47,195,0.006829
47,198,0.287531
47,211,0.037456
47,213,0.082146
47,215,0.037405
47,218,0.052045
47,221,0.065452
47,222,0.015835
47,224,0.023454
47,231,0.018029
47,237,0.033074
47,239,0.095233
47,240,0.058338
47,242,0.047687
47,244,0.058814
47,245,0.018435
47,247,0.024763
47,250,0.041112
47,251,0.054751
47,252,0.013618
47,253,0.031092
47,254,0.010771
47,256,0.037083
47,257,0.031104
47,259,0.069626
47,260,0.037007
47,261,0.171481
47,263,0.081992
47,264,0.20882
47,267,0.040173
47,270,0.085193
47,271,0.044188
47,276,0.063148
47,277,0.036031
47,278,0.033952
47,285,0.064292
47,288,0.081114
47,290,0.122536
47,292,0.032438
47,294,0.040637
47,295,0.079272
47,298,0.064607
47,300,0.186531
47,302,0.135005
47,303,0.046661
47,306,0.028722
47,308,0.054703
47,309,0.068244
48,2,0.027869
48,3,0.111163
48,4,0.106913
48,10,0.048128
48,12,0.039622
48,14,0.06045
48,16,0.007895
48,18,0.024433
48,21,0.016808
48,23,0.003549
48,24,0.025368
48,25,0.034162
48,27,0.036482
48,28,0.023611
48,29,0.046841
48,30,0.086695
48,32,0.018417
48,38,0.035796
48,40,0.040751
48,41,0.047406
48,44,0.214814
48,46,0.06157
48,47,0.084754
48,49,0.017318
48,50,0.062496
48,52,0.017269
48,53,0.005291
48,54,0.82765
48,55,0.041839
48,56,0.058229
48,57,0.022189
48,60,0.021742
48,61,0.017419
48,62,0.03625
48,63,0.063979
48,64,0.061772
48,65,0.043557
48,66,0.007773
48,69,0.004452
48,70,0.046197
48,71,0.07531
48,77,0.028064
48,80,0.01231
48,81,0.036132
48,82,0.031588
48,85,0.078347
48,88,0.125188
48,91,0.097772
48,92,0.023138
48,93,0.048199
48,94,0.01159
48,95,0.05593
48,99,0.018779
48,100,0.012536
48,101,0.045204
48,103,0.040629
48,106,0.037086
48,107,0.076875
48,112,0.104135
48,116,0.020276
48,117,0.026592
48,121,0.119934
48,122,0.087244
48,123,0.07482
48,124,0.128738
48,125,0.045362
48,131,0.074842
48,133,0.080794
48,134,0.011825
48,137,0.011658
48,138,0.112125
48,141,0.040964
48,143,0.083642
48,144,0.028618
48,145,0.030998
48,146,0.01916
48,147,0.005281
48,148,0.005983
48,151,0.032452
48,155,0.126765
48,157,0.036126
48,159,0.040878
48,162,0.035517
48,164,0.041073
48,165,0.008943
48,166,0.113696
48,171,0.125642
48,172,0.031334
48,175,0.021781
48,176,0.034125
48,183,0.055776
48,188,0.056858
48,193,0.012777
48,196,0.020886
48,197,0.017967
48,199,0.057647
48,200,0.010439
48,201,0.041392
48,202,0.073874
48,203,0.05534
48,205,0.043473
48,208,0.029248
48,209,0.038351
48,211,0.053957
48,212,0.033609
48,216,0.060469
48,217,0.007337
48,218,0.04465
48,219,0.071137
48,220,0.018848
48,222,0.061232
48,227,0.032965
48,228,0.036002
48,230,0.055167
48,231,0.016217
48,232,0.063059
48,233,0.141871
48,234,0.013139
48,235,0.014647
48,236,0.018062
48,248,0.034497
48,249,0.053232
48,250,0.05435
48,251,0.013776
48,253,0.02372
48,254,0.074257
48,255,0.079231
48,256,0.005279
48,259,0.033887
48,261,0.044159
48,262,0.016368
48,265,0.069875
48,267,0.052212
48,268,0.048307
48,270,0.041508
48,271,0.020693
48,273,0.011286
48,274,0.103916
48,275,0.022436
48,276,0.008878
48,277,0.069563
48,278,0.043569
48,280,0.080601
48,289,0.087795
48,291,0.034878
48,292,0.011317
48,293,0.050835
48,295,0.04115
48,298,0.072967
48,299,0.099927
48,301,0.084842
48,302,0.056027
48,303,0.058827
48,305,0.057846
48,307,0.018716
48,308,0.050481
48,309,0.033738
48,311,0.029592
49,1,0.04909
49,3,0.047479
49,4,0.017143
49,7,0.01228
49,8,0.022723
49,12,0.056572
49,16,0.044431
49,17,0.032121
49,20,0.020193
49,21,0.084911
49,23,0.057206
49,27,0.027961
49,28,0.034894
49,30,0.018337
49,31,0.084986
49,32,0.023755
49,33,0.027247
49,34,0.02517
49,35,0.044478
49,36,0.179999
49,40,0.027231
49,43,0.091938
49,48,0.072878
49,52,0.046306
49,53,0.058073
49,54,0.115234
49,56,0.058761
49,57,0.030692
49,58,0.041344
49,59,0.00885
49,61,0.048504
49,62,0.041378
49,68,0.023626
49,69,0.011441
49,74,0.012664
49,75,0.004917
49,77,0.201322
49,78,0.070312
49,79,0.011889
49,81,0.009368
49,82,0.031978
49,84,0.04902
49,85,0.035593
49,86,0.033404
49,87,0.049012
49,89,0.003758
49,90,0.815092
49,94,0.030321
49,95,0.158368
49,97,0.012352
49,98,0.021175
49,104,0.039361
49,105,0.015992
49,107,0.014829
49,108,0.058155
49,109,0.063095
49,111,0.001011
49,113,0.06252
49,114,0.039412
49,115,0.027533
49,118,0.119521
49,119,0.063258
49,121,0.101393
49,125,0.089058
49,136,0.031864
49,141,0.027485
49,144,0.094208
49,145,0.031052
49,147,0.084065
49,148,0.016319
49,153,0.026653
49,155,0.080875
49,157,0.022191
49,161,0.05111
49,162,0.057575
49,167,0.026296
49,169,0.025104
49,174,0.051091
49,180,0.076882
49,181,0.121965
49,182,0.071324
49,185,0.027317
49,186,0.031327
49,187,0.045529
49,188,0.044438
49,189,0.008981
49,190,0.018608
49,191,0.047097
49,192,0.017288
49,195,0.035202
49,196,0.009886
49,197,0.038412
49,198,0.068467
49,207,0.015823
49,208,0.040346
49,211,0.073114
49,214,0.067267
49,215,0.012432
49,221,0.007747
49,224,0.015738
49,227,0.04681
49,229,0.038789
49,232,0.024837
49,234,0.039108
49,235,0.043685
49,236,0.056501
49,237,0.05837
49,243,0.120196
49,244,0.07802
49,245,0.099071
49,250,0.075171
49,253,0.021147
49,254,0.029335
49,255,0.056639
49,256,0.060409
49,257,0.047044
49,258,0.01534
49,262,0.051343
49,263,0.05876
49,265,0.058971
49,267,0.046978
49,268,0.052958
49,270,0.035158
49,271,0.034002
49,272,0.042119
49,273,0.127721
49,274,0.113364
49,276,0.027468
49,280,0.088162
49,281,0.178077
49,283,0.052928
49,285,0.075763
49,288,0.098971
49,291,0.022892
49,293,0.028091
49,299,0.006381
49,302,0.053753
49,303,0.025578
49,306,0.085239
49,307,0.008119
49,308,0.096356
49,309,0.054313
49,310,0.020297
49,311,0.019664
49,312,0.063933
49,313,0.008403
50,1,0.008837
50,4,0.029192
50,6,0.016067
50,9,0.107557
50,14,0.06207
50,15,0.010913
50,18,0.008399
50,20,0.015708
50,23,0.029425
50,26,0.074339
50,28,0.010715
50,34,0.026683
50,35,0.079956
50,39,0.003435
50,41,0.002687
50,44,0.023221
50,46,0.019981
50,52,0.022433
50,53,0.022155
50,54,0.019835
50,55,0.014135
50,56,0.237388
50,57,0.099506
50,58,0.068338
50,59,0.01677
50,60,0.018835
50,63,0.038925
50,64,0.018757
50,65,0.080109
50,68,0.025929
50,74,0.040385
50,75,0.027628
50,76,0.083275
50,79,0.027077
50,80,0.034696
50,82,0.037738
50,84,0.092765
50,85,0.004784
50,87,0.027514
50,89,0.022092
50,91,0.081508
50,93,0.053262
50,94,0.157312
50,99,0.013637
50,100,0.075179
50,101,0.107538
50,106,0.02326
50,107,0.104004
50,109,0.007534
50,110,0.039671
50,112,0.042545
50,114,0.063633
50,116,0.025333
50,117,0.085868
50,119,0.054768
50,124,0.085645
50,125,0.03333
50,126,0.039493
50,129,0.029504
50,131,0.014873
50,133,0.05183
50,135,0.016421
50,137,0.053512
50,141,0.021769
50,142,0.036778
50,150,0.08189
50,151,0.029999
50,152,0.043816
50,155,0.037152
50,156,0.124342
50,161,0.061308
50,162,0.010757
50,164,0.037321
50,165,0.042631
50,166,0.062058
50,167,0.097835
50,172,0.009022
50,174,0.138346
50,177,0.053005
50,180,0.028687
50,185,0.04314
50,190,0.101031
50,191,0.052381
50,192,0.426894
50,193,0.046204
50,194,0.019459
50,196,0.036331
50,200,0.007077
50,201,0.056359
50,205,0.152103
50,206,0.001382
50,210,0.01219
50,211,0.084231
50,212,0.049596
50,218,0.677149
50,219,0.060968
50,220,0.026022
50,221,0.073407
50,222,0.692492
50,228,0.043492
50,231,0.031614
50,233,0.041173
50,234,0.003648
50,237,0.05374
50,238,0.032322
50,239,0.037526
50,243,0.040366
50,247,0.042289
50,248,0.086802
50,253,0.041183
50,254,0.034675
50,255,0.027857
50,257,0.03914
50,259,0.045164
50,261,0.114255
50,266,0.173005
50,267,0.043231
50,268,0.074138
50,271,0.13927
50,272,0.034708
50,273,0.022961
50,274,0.032057
50,275,0.120696
50,276,0.014763
50,278,0.073918
50,279,0.025784
50,280,0.069983
50,281,0.063394
50,282,0.054354
50,284,0.010979
50,288,0.119079
50,289,0.094742
50,290,0.078914
50,293,0.124796
50,295,0.019468
50,301,0.011356
50,304,0.343328
50,306,0.060838
50,311,0.048384
50,312,0.034429
51,1,0.018196
51,3,0.029555
51,5,0.015609
51,7,0.043708
51,8,0.035371
51,10,0.046962
51,11,0.082567
51,14,0.034282
51,16,0.038967
51,17,0.002225
51,18,0.007864
51,19,0.023744
51,20,0.044893
51,22,0.023251
51,23,0.025661
51,27,0.034906
51,28,0.038045
51,31,0.010352
51,33,0.015398
51,34,0.014268
51,35,0.011275
51,36,0.052923
51,38,0.003877
51,41,0.138204
51,42,0.009697
51,43,0.017308
51,44,0.020284
51,45,0.046559
51,46,0.034094
51,48,0.034502
51,51,0.031028
51,52,0.060334
51,53,0.005957
51,54,0.050365
51,56,0.057188
51,60,0.003779
51,63,0.046259
51,64,0.043283
51,65,0.013537
51,67,0.006918
51,69,0.040557
51,70,0.006487
51,74,0.004409
51,75,0.025634
51,76,0.09255
51,80,0.023943
51,81,0.035865
51,84,0.105413
51,87,0.008385
51,88,0.016874
51,89,0.0166
51,90,0.038937
51,92,0.006557
51,97,0.001808
51,101,0.007936
51,103,0.003092
51,104,0.040952
51,105,0.01814
51,108,0.054938
51,109,0.015254
51,110,0.011545
51,116,0.050247
51,117,0.054793
51,118,0.072895
51,120,0.006782
51,122,0.06331
51,123,0.120157
51,124,0.065494
51,125,0.044453
51,127,0.030163
51,128,0.007528
51,131,0.020234
51,133,0.007589
51,135,0.017007
51,136,0.089322
51,139,0.008218
51,140,0.03611
51,149,0.103662
51,152,0.022922
51,153,0.055553
51,154,0.0237
51,156,0.148958
51,158,0.019949
51,159,0.017242
51,160,0.031622
51,162,0.032797
51,164,0.164028
51,165,0.041357
51,166,0.031933
51,167,0.049469
51,168,0.024926
51,170,0.067664
51,171,0.047994
51,172,0.024487
51,175,0.093139
51,176,0.006116
51,178,0.062801
51,180,0.006784
51,182,0.014303
51,183,0.010028
51,186,0.014433
51,189,0.115835
51,190,0.013336
51,192,0.008694
51,193,0.023348
51,194,0.027508
51,195,0.016572
51,197,0.164043
51,198,0.025686
51,202,0.036727
51,213,0.035558
51,214,0.027474
51,217,0.08161
51,219,0.044702
51,220,0.008405
51,223,0.028808
51,225,0.0404
51,226,0.012011
51,228,0.015232
51,231,0.027766
51,235,0.028908
51,239,0.111245
51,240,0.004788
51,242,0.014223
51,246,0.037345
51,249,0.034135
51,251,0.070884
51,253,0.060755
51,255,0.002237
51,258,0.044238
51,259,0.045669
51,260,0.058003
51,262,0.038973
51,263,0.037066
51,265,0.020912
51,266,0.035483
51,268,0.016988
51,273,0.01151
51,274,0.038867
51,279,0.008036
51,280,0.062172
51,282,0.008435
51,283,0.083398
51,287,0.0464
51,290,0.074538
51,291,0.009381
51,293,0.048132
51,294,0.127812
51,295,0.22148
51,299,0.187155
51,302,0.060362
51,303,0.118312
51,304,0.082001
51,306,0.128746
51,307,0.182078
51,308,0.025902
51,309,0.065111
51,313,0.066731
52,1,0.376929
52,3,0.030695
52,5,0.003896
52,9,0.046297
52,12,0.036176
52,13,0.017839
52,14,0.051777
52,15,0.028914
52,18,0.013725
52,20,0.008372
52,21,0.046801
52,23,0.018677
52,29,0.021016
52,31,0.064217
52,37,0.01243
52,42,0.050603
52,44,0.009997
52,48,0.032938
52,49,0.045298
52,50,0.049265
52,54,0.01694
52,62,0.056751
52,63,0.023222
52,64,0.006354
52,65,0.03755
52,68,0.013009
52,76,0.051908
52,78,0.017157
52,79,0.023253
52,84,0.002241
52,85,0.066788
52,87,0.059763
52,88,0.025719
52,89,0.078197
52,92,0.042225
52,93,0.027991
52,96,0.066977
52,97,0.015313
52,98,0.013231
52,102,0.041332
52,104,0.03708
52,106,0.002008
52,107,0.00243
52,109,0.008988
52,110,0.05054
52,112,0.038479
52,114,0.006646
52,116,0.030262
52,118,0.070159
52,121,0.040246
52,122,0.034787
52,123,0.165158
52,126,0.128498
52,128,0.015504
52,130,0.02162
52,132,0.043643
52,133,0.019691
52,134,0.050167
52,135,0.062741
52,136,0.033101
52,137,0.012564
52,139,0.076362
52,140,0.017612
52,142,0.032148
52,145,0.033707
52,146,0.037728
52,148,0.001752
52,150,0.01462
52,152,0.046568
52,154,0.009692
52,155,0.019165
52,157,0.054739
52,158,0.097434
52,159,0.046785
52,163,0.041154
52,164,0.007348
52,170,0.012918
52,172,0.036432
52,173,0.037566
52,176,0.006677
52,177,0.010345
52,179,0.009416
52,181,0.028553
52,182,0.022452
52,189,0.057701
52,193,0.070357
52,197,0.011582
52,198,0.04259
52,199,0.020229
52,202,0.049837
52,204,0.011227
52,205,0.014599
52,206,0.044933
52,207,0.136366
52,212,0.031016
52,213,0.035632
52,214,0.018394
52,215,0.013539
52,216,0.06378
52,219,0.288282
52,220,0.020429
52,224,0.009578
52,225,0.044009
52,227,0.011802
52,229,0.011234
52,233,0.004106
52,235,0.017488
52,240,0.012326
52,243,0.027277
52,248,0.019864
52,251,0.026851
52,253,0.032653
52,255,0.002998
52,257,0.122648
52,259,0.046045
52,265,0.011932
52,266,0.051672
52,267,0.094508
52,269,0.020749
52,271,0.174994
52,273,0.061373
52,277,0.005461
52,278,0.134147
52,280,0.054388
52,281,0.094355
52,283,0.066108
52,285,0.005624
52,287,0.083334
52,289,0.027266
52,291,0.026509
52,293,0.018278
52,294,0.010307
52,296,0.121323
52,297,0.017507
52,300,0.059456
52,302,0.001182
52,304,0.020337
52,309,0.033716
52,310,0.033147
52,311,0.008482
52,313,0.084814
53,2,0.02822
53,8,0.0434
53,11,0.016577
53,12,0.036376
53,14,0.032281
53,15,0.030292
53,20,0.024607
53,21,0.027231
53,23,0.089065
53,27,0.072387
53,28,0.069825
53,29,0.022458
53,30,0.036195
53,31,0.008324
53,32,0.018516
53,35,0.204279
53,38,0.010859
53,40,0.01853
53,41,0.028424
53,42,0.012339
53,44,0.042331
53,45,0.029132
53,46,0.039788
53,48,0.054032
53,49,0.009583
53,50,0.088704
53,54,0.217891
53,55,0.026134
53,57,0.028811
53,62,0.042686
53,64,0.032568
53,65,0.006657
53,67,0.025543
53,68,0.005013
53,70,0.067687
53,74,0.023353
53,75,0.119079
53,77,0.056826
53,79,0.025963
53,80,0.027952
53,81,0.111643
53,82,0.062561
53,83,0.121164
53,84,0.006897
53,86,0.095938
53,87,0.00558
53,90,0.058125
53,100,0.034105
53,104,0.01146
53,106,0.051691
53,108,0.044137
53,109,0.01437
53,112,0.063083
53,117,0.117911
53,119,0.051321
53,121,0.008534
53,125,0.018152
53,126,0.046899
53,129,0.01589
53,133,0.04605
53,135,0.134473
53,137,0.038527
53,139,0.014653
53,141,0.162952
53,142,0.102154
53,145,0.014501
53,146,0.004777
53,148,0.017751
53,150,0.071902
53,155,0.031061
53,156,0.030512
53,157,0.187893
53,159,0.134631
53,160,0.017177
53,162,0.038217
53,164,0.129032
53,165,0.020953
53,166,0.011427
53,168,0.021022
53,170,0.073505
53,172,0.006816
53,176,0.099328
53,177,0.05929
53,179,0.042627
53,182,0.075426
53,185,0.024328
53,186,0.040488
53,189,0.041096
53,191,0.068883
53,192,0.049016
53,193,0.010066
53,196,0.031345
53,200,0.05002
53,201,0.142709
53,202,0.042805
53,204,0.03264
53,206,0.032284
53,209,0.027345
53,211,0.014769
53,212,0.021738
53,213,0.076942
53,215,0.106375
53,217,0.078554
53,218,0.048476
53,219,0.041857
53,220,0.073107
53,221,0.056043
53,222,0.011887
53,223,0.065125
53,226,0.016959
53,227,0.030699
53,228,0.080691
53,231,0.002679
53,232,0.028066
53,235,0.01638
53,236,0.011993
53,241,0.117024
53,243,0.008992
53,247,0.180868
53,253,0.021181
53,254,0.026506
53,258,0.044904
53,260,0.035513
53,262,0.009143
53,265,0.063517
53,266,0.043066
53,268,0.018238
53,270,0.040531
53,271,0.03181
53,272,0.011151
53,273,0.044634
53,275,0.036954
53,281,0.050208
53,282,0.070382
53,283,0.06747
53,287,0.014646
53,288,0.078109
53,290,0.007737
53,293,0.062406
53,294,0.010892
53,296,0.059887
53,297,0.018713
53,299,0.049029
53,304,0.05534
53,305,0.070562
53,306,0.030831
53,312,0.111259
53,313,0.030881
54,5,0.018098
54,6,0.005814
54,7,0.004633
54,8,0.046763
54,9,0.016278
54,10,0.151183
54,11,0.268959
54,13,0.027062
54,14,0.015586
54,17,0.041522
54,18,0.023765
54,19,0.032481
54,23,0.05696
54,24,0.052935
54,25,0.01522
54,26,0.097113
54,27,0.016128
54,32,0.093736
54,33,0.084678
54,34,0.184759
54,35,0.023648
54,36,0.055567
54,40,0.120684
54,42,0.094519
54,43,0.096765
54,46,0.044624
54,47,0.128315
54,48,0.059723
54,49,0.048522
54,50,0.004
54,52,0.076037
54,55,0.003712
54,61,0.050593
54,62,0.01698
54,63,0.014353
54,67,0.013707
54,68,0.035826
54,71,0.048711
54,72,0.041994
54,76,0.036573
54,78,0.029811
54,86,0.018398
54,87,0.07344
54,89,0.037537
54,91,0.047635
54,92,0.035853
54,98,0.03268
54,100,0.146642
54,101,0.06361
54,105,0.050786
54,110,0.083404
54,112,0.019077
54,115,0.015133
54,116,0.009155
54,117,0.250567
54,119,0.024108
54,120,0.061656
54,124,0.013555
54,126,0.069462
54,129,0.067173
54,131,0.012258
54,132,0.02621
54,133,0.005038
54,134,0.037849
54,135,0.059485
54,138,0.054102
54,140,0.020413
54,143,0.063184
54,147,0.018649
54,148,0.021203
54,153,0.014428
54,154,0.026928
54,156,0.018199
54,158,0.012031
54,159,0.058696
54,163,0.013564
54,164,0.020595
54,170,0.01714
54,173,0.097679
54,174,0.035358
54,175,0.02034
54,176,0.063167
54,177,0.02899
54,180,0.036341
54,182,0.022838
54,184,0.050531
54,187,0.064199
54,190,0.093958
54,193,0.057838
54,194,0.018141
54,195,0.044122
54,196,0.053733
54,197,0.083619
54,198,0.072643
54,199,0.005954
54,202,0.049294
54,204,0.027907
54,205,0.013992
54,206,0.111099
54,207,0.017002
54,208,0.079396
54,209,0.028898
54,211,0.041466
54,214,0.054375
54,215,0.064464
54,220,0.063753
54,222,0.058103
54,226,0.061881
54,227,0.010025
54,228,0.046525
54,229,0.007965
54,234,0.046894
54,235,0.147812
54,236,0.013543
54,238,0.021025
54,240,0.007951
54,241,0.021519
54,243,0.071134
54,245,0.02183
54,248,0.101674
54,252,0.081942
54,257,0.018944
54,261,0.131196
54,263,0.055058
54,264,0.031746
54,265,0.084767
54,266,0.012484
54,268,0.150333
54,269,0.012707
54,274,0.039672
54,275,0.198132
54,281,0.064073
54,282,0.031657
54,284,0.020341
54,286,0.077888
54,287,0.026278
54,288,0.022794
54,294,0.017955
54,295,0.055413
54,297,0.09727
54,300,0.099045
54,304,0.045248
54,305,0.102022
54,306,0.021734
54,309,0.024022
55,1,0.01035
55,2,0.030784
55,3,0.14381
55,5,0.083823
55,8,0.012068
55,10,0.027941
55,13,0.028204
55,17,0.099256
55,21,0.054388
55,26,0.26342
55,27,0.28951
55,29,0.055349
55,30,0.034033
55,31,0.105177
55,34,0.04121
55,38,0.031258
55,41,0.004665
55,43,0.081432
55,47,0.020233
55,49,0.045722
55,50,0.123668
55,51,0.010448
55,59,0.041602
55,60,0.004673
55,61,0.032272
55,73,0.006514
55,74,0.018707
55,75,0.00603
55,78,0.026825
55,81,0.012069
55,82,0.028881
55,86,0.011456
55,87,0.039115
55,94,0.02307
55,95,0.043845
55,99,0.093193
55,101,0.086914
55,103,0.090604
55,104,0.076177
55,105,0.007166
55,106,0.03728
55,108,0.047476
55,109,0.005545
55,111,0.070991
55,116,0.018258
55,120,0.02747
55,123,0.136524
55,126,0.052775
55,130,0.020123
55,133,0.086731
55,134,0.020222
55,135,0.018165
55,136,0.040656
55,144,0.039786
55,149,0.037508
55,150,0.029943
55,151,0.050017
55,156,0.044113
55,158,0.015287
55,161,0.006437
55,163,0.041717
55,164,0.027317
55,165,0.024947
55,166,0.073286
55,167,0.03441
55,173,0.01218
55,174,0.060118
55,176,0.031887
55,179,0.744679
55,182,0.013204
55,183,0.015542
55,188,0.04426
55,189,0.085812
55,192,0.017278
55,193,0.088921
55,194,0.061223
55,198,0.009843
55,203,0.033426
55,204,0.035047
55,211,0.132004
55,212,0.030936
55,214,0.022996
55,215,0.011139
55,216,0.010412
55,217,0.015981
55,219,0.006802
55,222,0.075341
55,223,0.08472
55,224,0.031362
55,227,0.073946
55,229,0.065627
55,230,0.021535
55,231,0.209553
55,232,0.045523
55,236,0.017942
55,239,0.022164
55,244,0.03009
55,245,0.055485
55,251,0.036699
55,254,0.009848
55,256,0.025476
55,257,0.107094
55,260,0.031792
55,262,0.040576
55,263,0.152108
55,265,0.030834
55,266,0.073801
55,267,0.017767
55,268,0.024847
55,273,0.006367
55,275,0.034035
55,276,0.054152
55,277,0.048711
55,278,0.052862
55,279,0.097531
55,284,0.087339
55,286,0.031711
55,289,0.091408
55,290,0.056763
55,291,0.020899
55,292,0.046345
55,293,0.024346
55,294,0.028247
55,295,0.005667
55,296,0.005177
55,297,0.04799
55,300,0.069004
55,301,0.016021
55,302,0.089181
55,304,0.047968
55,305,0.049675
55,306,0.011453
55,309,0.076797
55,310,0.030132
55,311,0.005242
55,312,0.012908
56,1,0.046668
56,4,0.020362
56,5,0.017102
56,6,0.020316
56,8,0.021957
56,11,0.053418
56,15,0.00215
56,16,0.039402
56,17,0.081162
56,18,0.007828
56,19,0.029211
56,20,0.026307
56,21,0.492895
56,24,0.023797
56,26,0.008972
56,27,0.02195
56,28,0.098623
56,29,0.037504
56,34,0.016267
56,35,0.026382
56,36,0.020381
56,39,0.024444
56,40,0.318666
56,43,0.025799
56,45,0.016427
56,47,0.012283
56,53,0.023094
56,54,0.072391
56,55,0.027911
56,58,0.018183
56,59,0.040031
56,62,0.055069
56,63,0.021445
56,64,0.033028
56,68,0.016851
56,69,0.114231
56,71,0.029427
56,76,0.004564
56,79,0.055093
56,82,0.00454
56,84,0.020456
56,85,0.01208
56,86,0.007719
56,89,0.030711
56,92,0.022183
56,95,0.003331
56,96,0.010999
56,100,0.03241
56,101,0.009199
56,105,0.021158
56,107,0.015504
56,108,0.005893
56,110,0.034932
56,114,0.007155
56,115,0.029132
56,117,0.007199
56,121,0.032365
56,122,0.023054
56,127,0.006977
56,131,0.031359
56,132,0.061526
56,134,0.029018
56,137,0.007531
56,140,0.031162
56,141,0.011347
56,143,0.014832
56,146,0.032291
56,147,0.018658
56,148,0.191923
56,149,0.011837
56,151,0.039264
56,152,0.044562
56,155,0.054368
56,158,0.011237
56,163,0.026606
56,164,0.011541
56,165,0.078253
56,166,0.007016
56,167,0.0294
56,168,0.043627
56,169,0.024926
56,170,0.006582
56,172,0.145733
56,174,0.035199
56,175,0.025407
56,176,0.008546
56,177,0.12603
56,178,0.008958
56,179,0.242451
56,180,0.053857
56,184,0.031032
56,185,0.045924
56,186,0.014082
56,187,0.031901
56,188,0.041745
56,191,0.068313
56,192,0.079906
56,193,0.008513
56,194,0.054589
56,196,0.002772
56,197,0.198902
56,201,0.012238
56,202,0.014602
56,203,0.064783
56,204,0.062697
56,205,0.013745
56,208,0.011501
56,211,0.027193
56,213,0.047361
56,214,0.032159
56,219,0.093046
56,221,0.028244
56,226,0.150104
56,227,0.164834
56,228,0.061874
56,229,0.037661
56,230,0.078046
56,232,0.019749
56,234,0.123049
56,237,0.07912
56,240,0.208742
56,241,0.008775
56,243,0.03415
56,246,0.036879
56,248,0.061095
56,249,0.04556
56,250,0.011945
56,251,0.02028
56,252,0.049007
56,253,0.213382
56,255,0.054189
56,256,0.016416
56,259,0.096421
56,261,0.004649
56,262,0.048563
56,263,0.077484
56,273,0.082894
56,274,0.035508
56,275,0.006458
56,278,0.035685
56,280,0.071684
56,281,0.133798
56,283,0.026205
56,284,0.080158
56,285,0.01773
56,286,0.086315
56,288,0.043244
56,289,0.003224
56,290,0.046728
56,291,0.019281
56,298,0.017551
56,299,0.058802
56,302,0.036504
56,309,0.019701
56,312,0.073399
57,3,0.047195
57,4,0.002991
57,7,0.152827
57,9,0.031513
57,10,0.014944
57,13,0.013893
57,14,0.01255
57,15,0.003906
57,18,0.058439
57,21,0.032293
57,23,0.073854
57,28,0.21968
57,29,0.007724
57,32,0.009414
57,33,0.144363
57,35,0.033635
57,38,0.014347
57,39,0.009433
57,40,0.021136
57,43,0.185514
57,46,0.01403
57,47,0.010542
57,52,0.085165
57,53,0.088066
57,54,0.005843
57,56,0.056611
57,61,0.008849
57,63,0.01378
57,69,0.045615
57,70,0.008608
57,71,0.011205
57,77,0.006189
57,78,0.011137
57,81,0.030802
57,83,0.022612
57,85,0.012422
57,87,0.059031
57,88,0.04259
57,90,0.01631
57,92,0.0114
57,93,0.032041
57,101,0.251686
57,102,0.243285
57,108,0.077894
57,109,0.03129
57,112,0.054718
57,116,0.011806
57,117,0.075972
57,120,0.141689
57,124,0.061092
57,128,0.021651
57,134,0.03292
57,135,0.01208
57,140,0.021201
57,141,0.029111
57,145,0.132058
57,146,0.036091
57,154,0.076017
57,155,0.011584
57,156,0.073364
57,157,0.067768
57,160,0.01825
57,161,0.01361
57,162,0.071567
57,164,0.010517
57,166,0.018152
57,167,0.027952
57,169,0.015661
57,170,0.021551
57,171,0.339466
57,173,0.036039
57,175,0.124042
57,177,0.082139
57,178,0.011783
57,179,0.007963
57,180,0.010063
57,181,0.021094
57,185,0.066941
57,186,0.045697
57,189,0.030289
57,191,0.014098
57,193,0.01445
57,196,0.010512
57,197,0.059091
57,199,0.008239
57,201,0.007368
57,202,0.051195
57,204,0.002953
57,209,0.042416
57,210,0.024213
57,212,0.024586
57,214,0.017723
57,215,0.002752
57,216,0.055595
57,220,0.278721
57,223,0.04181
57,224,0.093863
57,225,0.042874
57,227,0.041929
57,228,0.00993
57,230,0.058784
57,231,0.014564
57,232,0.114151
57,235,0.044468
57,238,0.086626
57,239,0.115356
57,242,0.122357
57,249,0.035383
57,257,0.032413
57,259,0.010032
57,261,0.121398
57,262,0.059124
57,264,0.062288
57,265,0.029311
57,267,0.050098
57,268,0.029884
57,269,0.015106
57,270,0.041704
57,273,0.024916
57,276,0.095157
57,281,0.006189
57,283,0.126702
57,284,0.013428
57,287,0.029739
57,289,0.035651
57,290,0.063307
57,294,0.029161
57,295,0.017465
57,302,0.135195
57,305,0.027411
57,307,0.045754
57,311,0.025158
58,1,0.010588
58,2,0.004063
58,3,0.037666
58,6,0.049566
58,9,0.111908
58,12,0.018622
58,13,0.038811
58,14,0.069228
58,15,0.021473
58,21,0.025052
58,24,0.017251
58,27,0.009343
58,29,0.026845
58,32,0.011816
58,33,0.041752
58,34,0.023455
58,35,0.048204
58,38,0.019651
58,40,0.008738
58,46,0.021497
58,47,0.021744
58,51,0.040457
58,52,0.695632
58,55,0.069275
58,56,0.032811
58,58,0.005619
58,62,0.050249
58,64,0.037195
58,66,0.037514
58,71,0.008451
58,74,0.008139
58,76,0.029605
58,80,0.061282
58,82,0.040274
58,85,0.053449
58,86,0.017289
58,87,0.025679
58,89,0.039811
58,90,0.028633
58,91,0.050898
58,95,0.054298
58,100,0.026223
58,103,0.17443
58,104,0.00923
58,105,0.117158
58,106,0.094732
58,107,0.115296
58,109,0.033911
58,113,0.048961
58,114,0.027531
58,116,0.001813
58,117,0.014895
58,122,0.053086
58,123,0.02254
58,124,0.026545
58,125,0.006
58,127,0.060617
58,129,0.023308
58,130,0.018271
58,134,0.015022
58,135,0.064016
58,139,0.002367
58,140,0.0285
58,141,0.024827
58,142,0.026392
58,143,0.04412
58,144,0.039967
58,145,0.036807
58,147,0.031223
58,151,0.064552
58,152,0.026814
58,153,0.004697
58,154,0.015549
58,156,0.033724
58,158,0.017496
58,159,0.022902
58,160,0.012086
58,161,0.013064
58,164,0.000854
58,167,0.050856
58,168,0.014058
58,170,0.067003
58,171,0.056917
58,172,0.006531
58,173,0.034482
58,174,0.008365
58,176,0.030912
58,181,0.03306
58,182,0.005718
58,185,0.104007
58,188,0.004298
58,189,0.066533
58,193,0.014915
58,194,0.066459
58,196,0.113789
58,200,0.020306
58,201,0.007889
58,202,0.054249
58,203,0.083905
58,204,0.063219
58,206,0.002495
58,211,0.030315
58,214,0.083598
58,216,0.053284
58,217,0.0534
58,219,0.030486
58,221,0.005911
58,222,0.008799
58,223,0.015822
58,224,0.042984
58,225,0.049204
58,229,0.000975
58,238,0.057695
58,239,0.023062
58,240,0.039967
58,241,0.032355
58,242,0.010988
58,244,0.01424
58,247,0.225122
58,250,0.028101
58,252,0.069077
58,258,0.061192
58,260,0.020083
58,261,0.013069
58,262,0.007602
58,264,0.049715
58,265,0.047889
58,266,0.007376
58,271,0.027189
58,272,0.029171
58,273,0.055217
58,279,0.257002
58,282,0.021013
58,283,0.085299
58,287,0.035461
58,289,0.032016
58,290,0.018006
58,291,0.018312
58,297,0.020484
58,300,0.007744
58,304,0.114508
58,305,0.0266
58,310,0.01833
58,312,0.002893
59,6,0.004313
59,7,0.003678
59,9,0.025934
59,14,0.021483
59,15,0.020873
59,16,0.025531
59,17,0.028631
59,19,0.060757
59,21,0.018097
59,23,0.002017
59,28,0.004469
59,29,0.060256
59,32,0.004072
59,34,0.001332
59,37,0.012733
59,39,0.024097
59,41,0.010361
59,43,0.005738
59,47,0.069281
59,51,0.007662
59,52,0.092006
59,63,0.025715
59,64,0.021936
59,65,0.164133
59,66,0.002226
59,70,0.01187
59,71,0.029344
59,82,0.026828
59,83,0.0011
59,85,0.012236
59,86,0.13465
59,87,0.013229
59,88,0.010389
59,89,0.004892
59,90,0.023679
59,91,0.011224
59,92,0.035809
59,93,0.009914
59,95,0.016061
59,98,0.025196
59,100,0.024016
59,102,0.040455
59,103,0.011026
59,105,0.001156
59,107,0.038524
59,108,0.025719
59,109,0.004133
59,111,0.004555
59,113,0.012257
59,114,0.040173
59,117,0.031064
59,122,0.089458
59,123,0.029642
59,125,0.052751
59,127,0.006189
59,132,0.022037
59,135,0.093173
59,136,0.004646
59,138,0.029231
59,142,0.046422
59,145,0.044036
59,147,0.040564
59,148,0.030184
59,149,0.264916
59,150,1.353007
59,151,0.174711
59,153,0.030127
59,154,0.026484
59,161,0.00435
59,166,0.034716
59,167,0.249211
59,168,0.016142
59,171,0.026929
59,176,0.010091
59,179,0.059926
59,184,0.107263
59,187,0.044712
59,188,0.271423
59,192,0.018485
59,193,0.057584
59,195,0.004726
59,196,0.06948
59,197,0.02284
59,203,0.014344
59,208,0.019934
59,212,0.008803
59,213,0.004406
59,214,0.025866
59,216,0.016075
59,218,0.109183
59,219,0.043683
59,220,0.001094
59,221,0.016567
59,222,0.191753
59,223,0.06128
59,226,0.040164
59,227,0.059123
59,229,0.014541
59,232,0.0671
59,236,0.055279
59,237,0.153327
59,238,0.0527
59,239,0.028942
59,242,0.009452
59,246,0.040696
59,248,0.094771
59,249,0.036189
59,250,0.033464
59,252,0.023081
59,256,0.019772
59,260,0.020238
59,261,0.011654
59,265,0.123811
59,267,0.021447
59,268,0.070881
59,271,0.016555
59,272,0.072342
59,273,0.056097
59,279,0.015437
59,280,0.057208
59,281,0.082702
59,283,0.023192
59,284,0.049214
59,286,0.029313
59,288,0.000912
59,292,0.036381
59,294,0.110646
59,298,0.052749
59,299,0.057322
59,300,0.02595
59,303,0.042744
59,308,0.012211
59,309,0.073547
59,310,0.014041
59,312,0.031626
59,313,0.01088
60,5,0.02682
60,6,0.02814
60,7,0.0166
60,9,0.042359
60,10,0.013818
60,11,0.007056
60,12,0.049251
60,13,0.024524
60,14,0.033593
60,15,0.013744
60,17,0.002576
60,18,0.00447
60,26,0.016327
60,28,0.029472
60,29,0.065149
60,30,0.047335
60,31,0.003351
60,34,0.002543
60,35,0.017205
60,36,0.016488
60,38,0.010905
60,39,0.042329
60,40,0.03386
60,42,0.010099
60,44,0.004384
60,45,0.044966
60,47,0.053083
60,52,0.035796
60,55,0.016723
60,58,0.011445
60,60,0.005485
60,61,0.019272
60,62,0.064348
60,63,0.019848
60,66,0.021885
60,68,0.037644
60,69,0.013543
60,70,0.643123
60,72,0.044565
60,75,0.030891
60,77,0.014647
60,83,0.01913
60,84,0.032305
60,85,0.018071
60,87,0.195386
60,93,0.024665
60,95,0.007923
60,97,0.003495
60,100,0.103607
60,102,0.10959
60,106,0.019381
60,107,0.045357
60,109,0.002944
60,110,0.004408
60,112,0.008203
60,114,0.05223
60,115,0.025182
60,117,0.010224
60,118,0.038822
60,124,0.037861
60,126,0.035358
60,128,0.087601
60,129,0.066867
60,131,0.083671
60,133,0.055914
60,134,0.015492
60,139,0.034182
60,142,0.011268
60,143,0.008073
60,144,0.058593
60,145,0.183581
60,147,0.003453
60,149,0.141123
60,151,0.027501
60,155,0.036894
60,157,0.015453
60,159,0.056041
60,162,0.016107
60,164,0.063402
60,168,0.009831
60,169,0.080526
60,171,0.011919
60,172,0.00566
60,178,0.037322
60,179,0.00372
60,181,0.06151
60,185,0.105531
60,186,0.021317
60,187,0.090092
60,189,0.020289
60,191,0.047522
60,196,0.044482
60,198,0.093565
60,203,0.101788
60,205,0.125555
60,208,0.034965
60,210,0.020474
60,212,0.101812
60,214,0.047789
60,217,0.02108
60,219,0.065707
60,220,0.012892
60,228,0.033029
60,230,0.041557
60,235,0.05959
60,236,0.031358
60,237,0.03754
60,239,0.039484
60,241,0.037115
60,243,0.02232
60,246,0.039905
60,248,0.090767
60,250,0.016409
60,251,0.009774
60,253,0.012327
60,256,0.018896
60,259,0.038378
60,262,0.010793
60,263,0.032533
60,264,0.068451
60,266,0.075617
60,268,0.01681
60,270,0.012526
60,271,0.118325
60,278,0.034839
60,282,0.017715
60,283,0.004527
60,285,0.114336
60,288,0.024302
60,290,0.006871
60,292,0.024468
60,297,0.02703
60,299,0.006238
60,300,0.095158
60,302,0.029971
60,303,0.025875
60,304,0.023215
60,305,0.043657
60,306,0.034967
60,310,0.003772
60,313,0.043256
61,3,0.04538
61,6,0.030578
61,12,0.002949
61,16,0.039129
61,17,0.015714
61,18,0.002377
61,20,0.007421
61,22,0.052796
61,23,0.038948
61,26,0.046368
61,29,0.079717
61,34,0.006109
61,36,0.018179
61,37,0.008743
61,40,0.057242
61,43,0.013528
61,45,0.003555
61,46,0.021564
61,48,0.062706
61,49,0.074441
61,51,0.068539
61,52,0.061697
61,56,0.036144
61,57,0.103775
61,58,0.021171
61,62,0.076692
61,67,0.054023
61,68,0.045371
61,72,0.012791
61,73,0.052659
61,74,0.089725
61,76,0.039835
61,77,0.039564
61,79,0.007366
61,80,0.096044
61,81,0.075516
61,82,0.11035
61,85,0.113206
61,90,0.013014
61,91,0.011866
61,95,0.018911
61,99,0.035187
61,100,0.072885
61,104,0.014613
61,106,0.041717
61,112,0.073096
61,113,0.013909
61,114,0.021675
61,115,0.002523
61,117,0.046264
61,118,0.011058
61,119,0.085422
61,120,0.099215
61,121,0.053323
61,123,0.047609
61,125,0.020904
61,128,0.026354
61,130,0.011725
61,131,0.006586
61,132,0.045926
61,137,0.053411
61,138,0.037469
61,139,0.024196
61,140,0.005326
61,147,0.074155
61,148,0.030547
61,153,0.022223
61,154,0.021853
61,157,0.013856
61,162,0.037397
61,164,0.025166
61,166,0.006509
61,167,0.05028
61,169,0.071377
61,173,0.020482
61,174,0.032424
61,177,0.03454
61,178,0.018064
61,179,0.012381
61,180,0.02159
61,183,0.075026
61,185,0.020482
61,186,0.021515
61,188,0.006263
61,193,0.003437
61,194,0.066155
61,195,0.04391
61,199,0.22628
61,201,0.004086
61,202,0.016179
61,204,0.006681
61,205,0.013642
61,206,0.003902
61,208,0.014009
61,210,0.006442
61,213,0.01466
61,214,0.016282
61,218,0.129031
61,220,0.085657
61,224,0.050754
61,225,0.01589
61,226,0.022389
61,227,0.023058
61,228,0.050696
61,229,0.028395
61,230,0.041948
61,231,0.00546
61,232,0.682571
61,236,0.027457
61,238,0.135133
61,242,0.022966
61,243,0.097958
61,245,0.02092
61,249,0.015921
61,252,0.003371
61,253,0.016576
61,255,0.053232
61,256,0.095457
61,257,0.038041
61,259,0.045087
61,260,0.01919
61,263,0.005839
61,264,0.005142
61,266,0.056581
61,267,0.08235
61,269,0.024508
61,271,0.032136
61,274,0.034188
61,276,0.073816
61,279,0.027249
61,280,0.082377
61,281,0.036275
61,292,0.033911
61,293,0.011727
61,294,0.035614
61,296,0.016816
61,299,0.021171
61,300,0.443552
61,301,0.024517
61,303,0.041344
61,306,0.057965
61,309,0.034316
61,311,0.11839
62,3,0.026571
62,7,0.032202
62,8,0.017451
62,10,0.047991
62,14,0.008309
62,16,0.01351
62,18,0.00555
62,19,0.04816
62,20,0.004334
62,24,0.007755
62,33,0.022647
62,35,0.006578
62,39,0.007763
62,40,0.127263
62,41,0.005942
62,42,0.034496
62,47,0.005939
62,50,0.022088
62,52,0.001227
62,56,0.001487
62,57,0.026997
62,58,0.014491
62,62,0.130491
62,63,0.132368
62,65,0.021337
62,67,0.034198
62,68,0.077702
62,69,0.014322
62,70,0.096232
62,71,0.026424
62,72,0.045354
62,73,0.049325
62,75,0.025232
62,76,0.011365
62,83,0.004652
62,85,0.004712
62,86,0.021524
62,88,0.006656
62,90,0.002139
62,91,0.022658
62,93,0.068692
62,95,0.428969
62,99,0.100971
62,101,0.115096
62,103,0.018302
62,115,0.006876
62,117,0.00745
62,120,0.015565
62,123,0.034943
62,125,0.009647
62,126,0.009552
62,128,0.165728
62,132,0.073155
62,133,0.046234
62,136,0.112616
62,137,0.005888
62,138,0.020865
62,139,0.008263
62,142,0.059199
62,145,0.026633
62,147,0.188081
62,148,0.024934
62,149,0.044523
62,150,0.031933
62,151,0.004753
62,152,0.013307
62,161,0.019083
62,162,0.01971
62,165,0.006091
62,168,0.035974
62,169,0.012391
62,171,0.129837
62,172,0.018578
62,173,0.043667
62,174,0.023858
62,178,0.008975
62,180,0.135413
62,181,0.012576
62,182,0.115394
62,185,0.004791
62,186,0.01834
62,187,0.036285
62,189,0.069082
62,191,0.007029
62,193,0.036829
62,194,0.076193
62,199,0.02406
62,201,0.100207
62,204,0.036985
62,207,0.027073
62,209,0.010108
62,210,0.002503
62,211,0.044036
62,213,0.034077
62,214,0.005034
62,217,0.00849
62,221,0.045084
62,227,0.035973
62,228,0.024231
62,230,0.003959
62,231,0.060143
62,233,0.076347
62,235,0.006264
62,239,0.034083
62,246,0.023389
62,249,0.010461
62,251,0.037263
62,252,0.067003
62,253,0.044915
62,254,0.024968
62,255,0.035828
62,256,0.0065
62,257,0.008124
62,258,0.023347
62,259,0.012877
62,261,0.009996
62,264,0.017749
62,265,0.092775
62,269,0.020563
62,274,0.002635
62,275,0.093628
62,277,0.015368
62,278,0.010621
62,280,0.125951
62,282,0.019346
62,285,0.023435
62,287,0.090191
62,288,0.021325
62,292,0.034084
62,294,0.160609
62,295,0.055655
62,297,0.007412
62,298,0.027206
62,302,0.062005
62,303,0.120902
62,304,0.008166
62,309,0.073844
62,310,0.012501
62,311,0.024982
63,1,0.039812
63,3,0.008265
63,4,0.008174
63,6,0.002365
63,11,0.015197
63,12,0.02857
63,13,0.017122
63,14,0.034357
63,16,0.003032
63,19,0.033278
63,20,0.007095
63,23,0.023744
63,28,0.009392
63,31,0.023816
63,34,0.044495
63,36,0.011172
63,37,0.028508
63,41,0.003789
63,42,0.00991
63,44,0.02645
63,47,0.014711
63,49,0.010909
63,50,0.011414
63,53,0.013797
63,54,0.001015
63,55,0.051868
63,56,0.102019
63,57,0.035785
63,58,0.441623
63,59,0.01497
63,61,0.023638
63,62,0.014421
63,65,0.009038
63,70,0.056032
63,73,0.050553
63,74,0.005171
63,75,0.76809
63,80,0.062149
63,85,0.008433
63,88,0.050577
63,89,0.035597
63,91,0.015012
63,92,0.017521
63,97,0.013907
63,99,0.12683
63,102,0.018435
63,104,0.052743
63,105,0.031145
63,106,0.028358
63,108,0.022556
63,110,0.013549
63,111,0.069711
63,113,0.001923
63,114,0.125693
63,116,0.011589
63,120,0.037947
63,121,0.009984
63,122,0.011439
63,129,0.026265
63,130,0.008737
63,138,0.011991
63,139,0.027318
63,142,0.185728
63,143,0.04834
63,147,0.002356
63,157,0.01814
63,159,0.006674
63,162,0.099146
63,165,0.015351
63,166,0.033545
63,167,0.040212
63,169,0.041481
63,172,0.008201
63,174,0.020655
63,175,0.007951
63,177,0.069004
63,178,0.007304
63,180,0.006411
63,183,0.01995
63,185,0.068723
63,186,0.042183
63,187,0.007384
63,188,0.064226
63,190,0.009686
63,193,0.017772
63,195,0.024209
63,196,0.003987
63,197,0.038935
63,199,0.010215
63,200,0.009571
63,201,0.021826
63,204,0.004055
63,205,0.001356
63,207,0.024768
63,210,0.029752
63,211,0.011978
63,213,0.01345
63,217,0.047398
63,223,0.034248
63,224,0.003552
63,225,0.041568
63,226,0.139081
63,230,0.007465
63,232,0.057121
63,237,0.058492
63,240,0.013929
63,241,0.048417
63,245,0.034368
63,246,0.033411
63,248,0.007994
63,249,0.021175
63,251,0.048138
63,252,0.03412
63,253,0.00451
63,256,0.015322
63,258,0.021535
63,265,0.013212
63,266,0.014423
63,267,0.013001
63,268,0.009123
63,269,0.015326
63,273,0.027973
63,278,0.025701
63,279,0.24707
63,282,0.003241
63,284,0.01989
63,287,0.01088
63,291,0.048162
63,294,0.025215
63,295,0.027292
63,296,0.078235
63,297,0.020745
63,302,0.038032
63,304,0.018023
63,307,0.043779
63,308,0.004315
63,309,0.030314
63,310,0.026795
63,311,0.067649
63,313,0.06793
64,2,0.031264
64,3,0.013578
64,5,0.053067
64,12,0.066009
64,13,0.006786
64,15,0.011766
64,16,0.04712
64,17,0.008053
64,18,0.009396
64,21,0.083023
64,25,0.004621
64,26,0.078991
64,27,0.001858
64,28,0.020851
64,31,0.011822
64,36,0.049182
64,37,0.003394
64,39,0.010002
64,41,0.002988
64,43,0.006112
64,44,0.006559
64,45,0.35883
64,46,0.035343
64,48,0.012401
64,49,0.01655
64,50,0.024762
64,53,0.053236
64,56,0.081412
64,59,0.173152
64,63,0.037756
64,65,0.014419
64,66,0.022393
64,67,0.008381
64,70,0.279695
64,73,0.07154
64,75,0.059115
64,77,0.068447
64,79,0.018687
64,80,0.140456
64,81,0.002947
64,83,0.022676
64,85,0.039487
64,90,0.258291
64,91,0.031813
64,92,0.03887
64,94,0.023231
64,99,0.07699
64,100,0.003984
64,101,0.035739
64,102,0.045012
64,109,0.029443
64,110,0.026453
64,114,0.012133
64,116,0.003015
64,118,0.014573
64,120,0.054333
64,123,0.0213
64,127,0.003143
64,129,0.275736
64,131,0.012363
64,133,0.01096
64,139,0.003518
64,142,0.017873
64,143,0.004844
64,145,0.059159
64,146,0.013585
64,147,0.028874
64,149,0.016814
64,150,0.010496
64,153,0.002897
64,160,0.013429
64,163,0.017357
64,164,0.03132
64,165,0.038268
64,168,0.218894
64,170,0.126398
64,171,0.130557
64,175,0.0068
64,179,0.041426
64,182,0.004567
64,185,0.027108
64,187,0.042654
64,189,0.016167
64,190,0.006813
64,192,0.128476
64,194,0.04769
64,199,0.029408
64,200,0.031665
64,203,0.027489
64,204,0.038822
64,207,0.029469
64,212,0.049983
64,213,0.035681
64,218,0.022609
64,221,0.031888
64,222,0.114468
64,224,0.014043
64,225,0.073765
64,226,0.056505
64,228,0.046223
64,229,0.019126
64,230,0.011867
64,231,0.038484
64,233,0.058762
64,236,0.026831
64,240,0.084434
64,248,0.093972
64,251,0.007055
64,253,0.013561
64,255,0.12615
64,259,0.047222
64,270,0.007716
64,272,0.020638
64,273,0.035094
64,274,0.111773
64,277,0.087443
64,278,0.06691
64,281,0.116973
64,283,0.004131
64,285,0.102117
64,288,0.016759
64,289,0.012135
64,290,0.075368
64,292,0.012915
64,293,0.047708
64,294,0.025692
64,295,0.041985
64,296,0.037863
64,298,0.058919
64,300,0.008198
64,301,0.08129
64,305,0.068751
64,306,0.013343
64,307,0.047417
64,308,0.06121
64,309,0.041545
64,311,0.031748
65,1,0.061874
65,2,0.003942
65,8,0.006332
65,10,0.075866
65,16,0.003984
65,20,0.022194
65,24,0.004948
65,26,0.005987
65,29,0.054648
65,31,0.001514
65,32,0.003134
65,34,0.380374
65,36,0.071954
65,37,0.004023
65,39,0.004694
65,40,0.031509
65,41,0.037756
65,42,0.018333
65,43,0.023007
65,47,0.012361
65,50,0.003098
65,52,0.046278
65,53,0.041425
65,55,0.036359
65,59,0.058304
65,60,0.048454
65,65,0.008308
65,68,0.063698
65,71,0.020936
65,73,0.029297
65,77,0.034004
65,80,0.016382
65,81,0.003934
65,82,0.029886
65,83,0.106932
65,86,0.095209
65,90,0.047446
65,92,0.017318
65,98,0.01002
65,100,0.123229
65,101,0.025011
65,102,0.006678
65,104,0.021626
65,108,0.030557
65,109,0.025547
65,114,0.024882
65,118,0.040522
65,120,0.039089
65,123,0.076882
65,126,0.014626
65,129,0.051653
65,130,0.075216
65,132,0.005044
65,133,0.27176
65,134,0.061435
65,135,0.008706
65,137,0.099494
65,140,0.119548
65,142,0.072319
65,144,0.042811
65,145,0.058499
65,146,0.036972
65,149,0.031138
65,152,0.018215
65,153,0.047883
65,156,0.468357
65,157,0.013021
65,158,0.057871
65,160,0.037679
65,162,0.010347
65,168,0.019342
65,169,0.015424
65,170,0.086469
65,171,0.00857
65,172,0.035273
65,175,0.061031
65,176,0.037274
65,177,0.024631
65,178,0.005234
65,179,0.023534
65,180,0.033364
65,183,0.039572
65,185,0.197283
65,190,0.103459
65,192,0.023227
65,194,0.030866
65,197,0.057666
65,199,0.039966
65,200,0.109155
65,201,0.012501
65,202,0.050862
65,205,0.045413
65,206,0.016148
65,209,0.011905
65,210,0.060562
65,211,0.01896
65,212,0.017771
65,213,0.030763
65,217,0.023779
65,218,0.011635
65,222,0.235796
65,224,0.037146
65,225,0.018514
65,230,0.047031
65,231,0.023937
65,237,0.013507
65,239,0.086605
65,240,0.013415
65,241,0.009929
65,244,0.000968
65,247,0.012748
65,248,0.084471
65,249,0.028118
65,250,0.016965
65,252,0.015756
65,254,0.037552
65,258,0.035393
65,259,0.055785
65,262,0.06052
65,263,0.005046
65,264,0.090262
65,265,0.084643
65,268,0.018216
65,269,0.061774
65,270,0.065673
65,271,0.061141
65,272,0.015109
65,274,0.023624
65,277,0.017667
65,279,0.064024
65,280,0.074867
65,284,0.045531
65,285,0.056808
65,290,0.039871
65,291,0.020472
65,292,0.009779
65,294,0.041689
65,299,0.06773
65,300,0.058182
65,301,0.059753
65,302,0.014958
65,305,0.068376
65,306,0.036465
65,307,0.031045
65,308,0.040315
65,310,0.02868
65,311,0.112651
65,312,0.005815
66,1,0.052728
66,2,0.007145
66,3,0.017079
66,4,0.003567
66,5,0.027771
66,7,0.052823
66,12,0.008534
66,13,0.010825
66,17,0.041306
66,19,0.010708
66,21,0.008652
66,25,0.007392
66,30,0.006755
66,32,0.18319
66,34,0.041128
66,37,0.005896
66,39,0.104813
66,43,0.010027
66,48,0.03546
66,49,0.027167
66,51,0.02807
66,52,0.060876
66,58,0.001593
66,59,0.162227
66,62,0.049757
66,63,0.053045
66,65,0.092209
66,68,0.049547
66,70,0.004607
66,71,0.042237
66,72,0.003505
66,74,0.011018
66,78,0.028166
66,80,0.011972
66,81,0.020634
66,82,0.024943
66,83,0.032999
66,84,0.071101
66,86,0.123359
66,87,0.044149
66,88,0.018031
66,93,0.009868
66,95,0.01894
66,96,0.022685
66,97,0.022778
66,99,0.011522
66,102,0.140687
66,106,0.052999
66,107,0.054293
66,109,0.002946
66,113,0.012438
66,118,0.005921
66,121,0.424259
66,123,0.033027
66,125,0.005152
66,130,0.029858
66,148,0.010978
66,149,0.091004
66,152,0.043276
66,155,0.010729
66,158,0.029699
66,160,0.112885
66,161,0.150239
66,165,0.008633
66,167,0.028936
66,168,0.055762
66,169,0.00764
66,171,0.081762
66,175,0.271343
66,176,0.051256
66,177,0.024926
66,178,0.034223
66,180,0.005985
66,181,0.018535
66,184,0.072429
66,187,0.11712
66,189,0.012783
66,193,0.805398
66,194,0.006475
66,195,0.052404
66,196,0.008769
66,199,0.019925
66,200,0.025774
66,206,0.00676
66,209,0.034724
66,213,0.01425
66,214,0.027283
66,220,0.002177
66,221,0.03522
66,222,0.008729
66,223,0.03029
66,228,0.026684
66,229,0.019536
66,230,0.073599
66,232,0.018329
66,233,0.022601
66,247,0.082833
66,249,0.140595
66,250,0.044503
66,255,0.020915
66,256,0.011708
66,271,0.046199
66,272,0.024019
66,273,0.008764
66,275,0.007957
66,276,0.044991
66,277,0.043424
66,278,0.002858
66,279,0.083605
66,284,0.10692
66,287,0.036727
66,290,0.00546
66,291,0.001999
66,296,0.078654
66,300,0.151191
66,303,0.010936
66,304,0.023343
66,305,0.065354
66,307,0.022574
66,312,0.007281
66,313,0.003942
67,1,0.011444
67,12,0.003178
67,13,0.037042
67,14,0.003433
67,17,0.031194
67,19,0.026832
67,20,0.011421
67,22,0.024863
67,24,0.00197
67,25,0.0108
67,26,0.046171
67,27,0.030555
67,28,0.171028
67,29,0.038819
67,30,0.077452
67,32,0.02416
67,35,0.014136
67,37,0.003388
67,38,0.045017
67,42,0.003453
67,43,0.093316
67,45,0.039874
67,46,0.053428
67,47,0.064117
67,49,0.018739
67,50,0.006017
67,53,0.003489
67,57,0.036854
67,65,0.009428
67,67,0.003305
67,68,0.075908
67,71,0.017308
67,72,0.08412
67,73,0.021055
67,74,0.024076
67,78,0.021587
67,79,0.046648
67,80,0.093045
67,84,0.023854
67,85,0.002206
67,86,0.010727
67,87,0.013196
67,90,0.012147
67,92,0.023049
67,93,0.028341
67,98,0.00645
67,100,0.022365
67,101,0.077106
67,104,0.110941
67,105,0.002044
67,106,0.007075
67,109,0.068535
67,110,0.006863
67,111,0.084556
67,119,0.083822
67,120,0.000686
67,128,0.022619
67,130,0.022869
67,131,0.001201
67,132,0.007824
67,133,0.002747
67,134,0.055313
67,135,0.011688
67,136,0.00931
67,141,0.011012
67,145,0.089699
67,148,0.025212
67,149,0.010937
67,151,0.035382
67,153,0.006529
67,158,0.0296
67,162,0.029134
67,163,0.014801
67,165,0.004864
67,166,0.019226
67,168,0.070701
67,170,0.016895
67,174,0.013269
67,176,0.035712
67,181,0.016272
67,183,0.119615
67,187,0.014335
67,188,0.070624
67,190,0.030045
67,191,0.005823
67,192,0.014809
67,193,0.003668
67,196,0.023444
67,197,0.029636
67,199,0.044905
67,200,0.019243
67,209,0.010511
67,211,0.07727
67,212,0.004166
67,216,0.051032
67,226,0.006912
67,230,0.025841
67,233,0.001716
67,234,0.00437
67,235,0.045596
67,236,0.010271
67,239,0.003805
67,242,0.004461
67,245,0.047038
67,248,0.005614
67,249,0.008083
67,256,0.045824
67,258,0.043186
67,263,0.009478
67,267,0.093096
67,269,0.100852
67,270,0.004449
67,273,0.111842
67,277,0.027278
67,278,0.031482
67,279,0.014106
67,281,0.007733
67,284,0.018113
67,289,0.010096
67,290,0.015149
67,291,0.028892
67,293,0.002975
67,294,0.016225
67,295,0.031461
67,296,0.051396
67,297,0.012065
67,299,0.041839
67,301,0.006452
67,304,0.00307
67,305,0.02532
67,306,0.032233
67,308,0.014051
67,309,0.006112
67,310,0.021842
67,311,0.010655
68,1,0.021658
68,2,0.002292
68,3,0.009891
68,4,0.028878
68,8,0.104881
68,9,0.004469
68,10,0.093527
68,11,0.028263
68,12,0.001416
68,17,0.028764
68,19,0.037668
68,20,0.011735
68,23,0.007801
68,25,0.017929
68,30,0.020744
68,31,0.043742
68,33,0.007337
68,38,0.005917
68,39,0.009994
68,41,0.014579
68,43,0.040166
68,44,0.011789
68,53,0.024547
68,55,0.019034
68,56,0.061472
68,58,0.007524
68,59,0.016444
68,67,0.00447
68,68,0.028282
68,73,0.013972
68,75,0.033047
68,76,0.011368
68,77,0.002665
68,78,0.019321
68,82,0.027752
68,83,0.012399
68,84,0.010813
68,86,0.005262
68,88,0.006502
68,89,0.004284
68,95,0.002376
68,97,0.009444
68,98,0.014297
68,99,0.003143
68,103,0.029559
68,104,0.062123
68,105,0.044793
68,106,0.005062
68,107,0.004077
68,109,0.044789
68,111,0.010856
68,113,0.02992
68,114,0.026043
68,115,0.002689
68,116,0.001701
68,118,0.04533
68,120,0.404392
68,124,0.047411
68,127,0.05551
68,128,0.003852
68,129,0.001855
68,131,0.001092
68,134,0.377843
68,140,0.004868
68,141,0.009178
68,142,0.004146
68,143,0.066676
68,145,0.021854
68,146,0.001316
68,147,0.003541
68,148,0.023732
68,155,0.027223
68,161,0.117741
68,167,0.010063
68,171,0.014341
68,172,0.006645
68,176,0.000576
68,178,0.004296
68,179,0.009661
68,181,0.001616
68,185,0.001528
68,186,0.02705
68,187,0.056577
68,189,0.025716
68,191,0.012282
68,192,0.035362
68,195,0.0176
68,196,0.016733
68,200,0.060072
68,201,0.038368
68,203,0.063856
68,207,0.029216
68,209,0.011299
68,210,0.004283
68,211,0.052144
68,213,0.006395
68,216,0.02567
68,217,0.035032
68,218,0.068816
68,220,0.078602
68,223,0.007353
68,226,0.017845
68,227,0.024735
68,229,0.001737
68,231,0.041889
68,233,0.044549
68,234,0.01871
68,235,0.072204
68,236,0.189273
68,238,0.01724
68,239,0.063354
68,240,0.003065
68,241,0.031916
68,245,0.00828
68,246,0.034329
68,247,0.037414
68,251,0.053955
68,252,0.00962
68,253,0.004108
68,256,0.027172
68,259,0.035518
68,260,0.001733
68,261,0.000742
68,265,0.008222
68,266,0.008446
68,267,0.006637
68,268,0.0206
68,269,0.002907
68,270,0.080185
68,274,0.074411
68,276,0.032732
68,281,0.025074
68,282,0.0277
68,286,0.01228
68,287,0.021675
68,290,0.043536
68,291,0.089197
68,293,0.047817
68,294,0.056556
68,295,0.036256
68,296,0.004148
68,298,0.006815
68,302,0.063054
68,306,0.012381
68,311,0.006946
68,312,0.022044
68,313,0.085254
69,1,0.012814
69,2,0.006216
69,3,0.062983
69,4,0.001979
69,6,0.003675
69,8,0.004313
69,11,0.030001
69,13,0.018229
69,14,0.010684
69,15,0.002215
69,17,0.012584
69,19,0.001207
69,21,0.109913
69,22,0.018742
69,30,0.003196
69,32,0.024409
69,34,0.011819
69,37,0.008132
69,39,0.0238
69,41,0.003657
69,42,0.019506
69,43,0.002314
69,48,0.011746
69,49,0.006613
69,54,0.004916
69,59,0.016615
69,60,0.027697
69,63,0.057475
69,65,0.200325
69,66,0.054793
69,72,0.11498
69,73,0.109334
69,75,0.040824
69,76,0.008679
69,78,0.021917
69,80,0.06226
69,84,0.002598
69,85,0.033268
69,86,0.004103
69,87,0.012946
69,90,0.049059
69,91,0.023915
69,93,0.005159
69,97,0.019888
69,100,0.039317
69,106,0.021116
69,111,0.004049
69,113,0.002989
69,114,0.020459
69,116,0.013919
69,118,0.037828
69,119,0.003493
69,120,0.006665
69,122,0.004015
69,124,0.055705
69,127,0.072245
69,129,0.003629
69,131,0.056983
69,132,0.036612
69,134,0.213274
69,138,0.018839
69,143,0.041877
69,146,0.108816
69,150,0.025427
69,151,0.050691
69,152,0.011318
69,153,0.02545
69,159,0.007279
69,160,0.003763
69,163,0.082636
69,164,0.051825
69,165,0.00521
69,168,0.01943
69,169,0.008382
69,170,0.012357
69,171,0.012078
69,172,0.063315
69,174,0.031897
69,175,0.098507
69,177,0.02907
69,179,0.009174
69,183,0.002699
69,185,0.116738
69,188,0.137363
69,190,0.033302
69,197,0.006094
69,198,0.020255
69,199,0.007387
69,200,0.030698
69,201,0.017834
69,206,0.042046
69,207,0.017839
69,211,0.113944
69,212,0.025924
69,213,0.123942
69,214,0.008734
69,215,0.12897
69,216,0.004925
69,218,0.057672
69,219,0.009021
69,221,0.040076
69,222,0.030308
69,224,0.060122
69,225,0.043123
69,226,0.038764
69,227,0.063538
69,230,0.048236
69,233,0.044356
69,234,0.222956
69,236,0.224978
69,238,0.030329
69,240,0.004755
69,242,0.008155
69,244,0.01064
69,246,0.048969
69,247,0.017955
69,249,0.028087
69,251,0.028762
69,256,0.014662
69,257,0.019414
69,264,0.016066
69,265,0.014823
69,267,0.025366
69,272,0.056201
69,274,0.005018
69,277,0.116237
69,279,0.043024
69,282,0.01787
69,284,0.094196
69,285,0.059842
69,286,0.041442
69,288,0.073005
69,289,0.021515
69,294,0.01043
69,298,0.09333
69,300,0.015712
69,301,0.01976
69,304,0.108535
69,308,0.089764
69,309,0.246485
69,310,0.142766
69,311,0.00323
69,312,0.094636
69,313,0.036175
70,1,0.028441
70,3,0.019633
70,4,0.002581
70,6,0.060414
70,10,0.005705
70,11,0.025429
70,14,0.032458
70,18,0.073003
70,19,0.057356
70,21,0.025784
70,22,0.073971
70,27,0.024572
70,32,0.014016
70,33,0.013053
70,34,0.020588
70,35,0.228632
70,36,0.012757
70,43,0.044181
70,46,0.00387
70,47,0.052294
70,48,0.050343
70,49,0.017447
70,52,0.059042
70,53,0.075931
70,57,0.090977
70,61,0.035503
70,62,0.022178
70,64,0.013256
70,65,0.11724
70,68,0.036972
70,69,0.035187
70,72,0.10905
70,74,0.01599
70,75,0.013726
70,76,0.003329
70,79,0.036051
70,85,0.006039
70,87,0.016758
70,93,0.004001
70,102,0.044961
70,103,0.02886
70,106,0.030535
70,109,0.037898
70,112,0.007859
70,113,0.044887
70,115,0.005291
70,118,0.173478
70,121,0.049944
70,122,0.0813
70,127,0.002029
70,128,0.001659
70,129,0.013912
70,130,0.00143
70,131,0.010618
70,132,0.002766
70,133,0.054413
70,135,0.026015
70,138,0.030252
70,139,0.007932
70,141,0.047733
70,142,0.021044
70,145,0.0307
70,146,0.018178
70,147,0.067903
70,149,0.014727
70,151,0.020632
70,155,0.054298
70,158,0.258665
70,161,0.002483
70,163,0.063835
70,164,0.126617
70,165,0.044375
70,167,0.313212
70,169,0.039735
70,170,0.028178
70,171,0.010626
70,175,0.020736
70,177,0.049554
70,179,0.020864
70,184,0.028565
70,185,0.024611
70,187,0.016664
70,188,0.067767
70,192,0.081377
70,193,0.054642
70,194,0.012513
70,195,0.016827
70,198,0.016223
70,199,0.051444
70,200,0.032777
70,201,0.00784
70,203,0.081971
70,204,0.005897
70,206,0.081587
70,207,0.01097
70,210,0.007827
70,211,0.036942
70,212,0.012281
70,214,0.09639
70,221,0.013319
70,222,0.030357
70,224,0.841251
70,225,0.08841
70,227,0.023064
70,229,0.046329
70,232,0.0105
70,233,0.166636
70,244,0.11825
70,245,0.060299
70,247,0.019222
70,248,0.010356
70,256,0.196187
70,257,0.024555
70,258,0.037267
70,259,0.025945
70,260,0.02308
70,266,0.023858
70,267,0.012212
70,270,0.040774
70,271,0.057893
70,274,0.014264
70,275,0.041597
70,276,0.122841
70,277,0.004165
70,278,0.015566
70,280,0.029375
70,281,0.006781
70,282,0.016951
70,284,0.099503
70,286,0.01277
70,289,0.036343
70,300,0.068186
70,301,0.07405
70,302,0.021122
70,304,0.003486
70,308,0.020346
70,309,0.084472
70,312,0.007844
